trial,scenario,repeat,headroom,policy,resistance_nrmse,power_nrmse,composite_nrmse,elapsed_ms,estimated_cost_us,decision_latency_us,switches,budget_violation_fraction,hydro_l2_share,propulsion_l2_share
1,storm_passage,0,0.6,Threshold-Projected,0.1505093566975671,0.09280375539719331,0.12165655604738021,63.663,21.105980444444455,9.511777777777779,10,0.0,0.0,0.2311111111111111
1,storm_passage,0,0.35,Proposed-Exact-Online,0.1505093566975671,0.12334213651305442,0.13692574660531076,209.6325,14.624400000000007,18.208666666666666,0,0.0,0.0,0.0
1,storm_passage,0,0.35,Switch-Aware-Greedy,0.1505093566975671,0.12334213651305442,0.13692574660531076,203.4219,14.624400000000007,13.863333333333333,0,0.0,0.0,0.0
1,storm_passage,0,0.6,Contextual-Thompson,0.1505093566975671,0.08015164509685926,0.11533050089721318,441.6368,38.462905000000035,187.17233333333334,3,0.0,0.0,0.85
1,storm_passage,0,0.9,Proposed-Exact-Online,0.13900960600882029,0.10329739054721461,0.12115349827801744,344.3786,50.29058811111115,22.331666666666667,5,0.0,0.2611111111111111,0.7388888888888889
1,storm_passage,1,0.35,Proposed-Exact-Online,0.1505093566975671,0.12334213651305442,0.13692574660531076,211.0166,14.624400000000007,18.98811111111111,0,0.0,0.0,0.0
1,storm_passage,1,0.35,Discounted-LinUCB,0.1505093566975671,0.12337314131260076,0.13694124900508392,303.2692,16.02666500000001,131.48266666666666,4,0.0,0.0,0.05
1,storm_passage,1,0.9,Fixed-L1,0.1505093566975671,0.12334213651305442,0.13692574660531076,47.3912,14.624400000000007,0.3582222222222222,0,0.0,0.0,0.0
1,storm_passage,0,0.6,Greedy-Online,0.1505093566975671,0.08101849743701461,0.11576392706729086,270.0562,32.35526188888891,15.752555555555555,9,0.0,0.0,0.6322222222222222
1,storm_passage,1,1.35,Proposed-Exact-Online,0.09319344225511245,0.10775584398292155,0.100474643119017,462.7818,74.9114238888889,25.480555555555554,12,0.0,0.7555555555555555,0.6077777777777778
1,storm_passage,0,0.9,Fixed-L2,0.0,0.0,0.0,156.5393,99.90138000000003,0.7058888888888888,0,1.0,1.0,1.0
1,storm_passage,0,0.35,Contextual-Thompson,0.1505093566975671,0.12337269531486897,0.13694102600621805,319.6945,15.995503555555564,140.3431111111111,4,0.0,0.0,0.04888888888888889
1,storm_passage,1,0.6,Switch-Aware-Greedy,0.1505093566975671,0.08575906391745089,0.118134210307509,281.731,31.763194444444473,19.33688888888889,3,0.0,0.0,0.6111111111111112
1,storm_passage,1,0.9,Threshold-Projected,0.13895256892741348,0.13098511220753326,0.13496884056747338,68.26,24.115031822222235,9.06311111111111,25,0.0,0.07,0.19555555555555557
1,storm_passage,0,0.9,Greedy-Online,0.14238951260036672,0.10737309519608934,0.12488130389822803,340.0039,42.60912315555559,19.314444444444444,28,0.0,0.22,0.5488888888888889
1,storm_passage,0,0.9,Threshold-Projected,0.13895256892741348,0.13098511220753326,0.13496884056747338,71.802,24.115031822222235,9.611444444444444,25,0.0,0.07,0.19555555555555557
1,storm_passage,1,0.35,Fixed-L2,0.0,0.0,0.0,166.9055,99.90138000000003,1.2807777777777776,0,1.0,1.0,1.0
1,storm_passage,1,1.35,Fixed-L1,0.1505093566975671,0.12334213651305442,0.13692574660531076,63.9784,14.624400000000007,0.45766666666666667,0,0.0,0.0,0.0
1,storm_passage,0,0.9,Discounted-LinUCB,0.13978317982002647,0.11897939290514299,0.12938128636258472,587.2174,51.52290193333337,199.72066666666663,15,0.0,0.30333333333333334,0.6966666666666667
1,storm_passage,0,0.35,Greedy-Online,0.1505093566975671,0.12334217180525434,0.13692576425141073,212.1729,14.686722888888896,15.152333333333331,4,0.0,0.0,0.0022222222222222222
1,storm_passage,1,0.35,Switch-Aware-Greedy,0.1505093566975671,0.12334213651305442,0.13692574660531076,203.1491,14.624400000000007,14.082333333333334,0,0.0,0.0,0.0
1,storm_passage,1,0.6,Greedy-Online,0.1505093566975671,0.08101849743701461,0.11576392706729086,285.7567,32.35526188888891,16.608999999999998,9,0.0,0.0,0.6322222222222222
1,storm_passage,1,0.6,Fixed-L2,0.0,0.0,0.0,148.3968,99.90138000000003,0.7278888888888888,0,1.0,1.0,1.0
1,storm_passage,0,0.6,Proposed-Exact-Online,0.1505093566975671,0.08575906391745089,0.118134210307509,287.16,31.763194444444473,21.797555555555554,3,0.0,0.0,0.6111111111111112
1,storm_passage,1,1.35,Threshold-Projected,0.11322154826423841,0.11631305123628931,0.11476729975026387,79.3768,32.37749122222223,9.865,23,0.0,0.18333333333333332,0.2588888888888889
1,storm_passage,0,0.6,Fixed-L1,0.1505093566975671,0.12334213651305442,0.13692574660531076,49.2286,14.624400000000007,0.36744444444444435,0,0.0,0.0,0.0
1,storm_passage,1,0.6,Discounted-LinUCB,0.1505093566975671,0.07998795864615565,0.11524865767186138,421.0658,38.49406644444448,173.58055555555555,2,0.0,0.0,0.8511111111111112
1,storm_passage,0,0.35,Discounted-LinUCB,0.1505093566975671,0.12337314131260076,0.13694124900508392,397.516,16.02666500000001,155.61088888888887,4,0.0,0.0,0.05
1,storm_passage,1,0.35,Threshold-Projected,0.1505093566975671,0.12334213651305442,0.13692574660531076,65.6518,14.624400000000007,11.596444444444444,0,0.0,0.0,0.0
1,storm_passage,0,1.35,Proposed-Exact-Online,0.09319344225511245,0.10775584398292155,0.100474643119017,460.4552,74.9114238888889,26.549,12,0.0,0.7555555555555555,0.6077777777777778
1,storm_passage,0,0.6,Discounted-LinUCB,0.1505093566975671,0.07998795864615565,0.11524865767186138,401.0907,38.49406644444448,163.1507777777778,2,0.0,0.0,0.8511111111111112
1,storm_passage,0,0.35,Threshold-Projected,0.1505093566975671,0.12334213651305442,0.13692574660531076,54.2151,14.624400000000007,9.288222222222222,0,0.0,0.0,0.0
1,storm_passage,1,1.35,Contextual-Thompson,0.09245451647322779,0.09869891118718052,0.09557671383020416,626.6702,77.69347008888892,186.25666666666666,24,0.0,0.8177777777777778,0.58
1,storm_passage,0,0.9,Fixed-L1,0.1505093566975671,0.12334213651305442,0.13692574660531076,48.1376,14.624400000000007,0.3638888888888889,0,0.0,0.0,0.0
1,storm_passage,0,0.9,Contextual-Thompson,0.13844213894787563,0.1201863649519797,0.12931425194992766,607.4485,52.00934160000003,224.43966666666665,13,0.0,0.32,0.68
1,storm_passage,1,0.9,Contextual-Thompson,0.13844213894787563,0.1201863649519797,0.12931425194992766,494.4608,52.00934160000003,185.3868888888889,13,0.0,0.32,0.68
1,storm_passage,0,0.35,Fixed-L1,0.1505093566975671,0.12334213651305442,0.13692574660531076,44.9192,14.624400000000007,0.3279999999999999,0,0.0,0.0,0.0
1,storm_passage,0,1.35,Threshold-Projected,0.11322154826423841,0.11631305123628931,0.11476729975026387,74.3879,32.37749122222223,8.578000000000001,23,0.0,0.18333333333333332,0.2588888888888889
1,storm_passage,1,0.6,Threshold-Projected,0.1505093566975671,0.09280375539719331,0.12165655604738021,67.1729,21.105980444444455,10.568666666666665,10,0.0,0.0,0.2311111111111111
1,storm_passage,0,1.35,Discounted-LinUCB,0.0945923045942586,0.1028626965411695,0.09872750056771405,599.9958,76.38615471111115,171.06066666666666,32,0.0,0.7644444444444445,0.6422222222222222
1,storm_passage,1,0.35,Contextual-Thompson,0.1505093566975671,0.12337269531486897,0.13694102600621805,301.2117,15.995503555555564,132.861,4,0.0,0.0,0.04888888888888889
1,storm_passage,0,1.35,Fixed-L2,0.0,0.0,0.0,149.0546,99.90138000000003,0.7012222222222223,0,0.5933333333333334,1.0,1.0
1,storm_passage,1,0.6,Proposed-Exact-Online,0.1505093566975671,0.08575906391745089,0.118134210307509,285.8175,31.763194444444473,21.209555555555553,3,0.0,0.0,0.6111111111111112
1,storm_passage,1,1.35,Switch-Aware-Greedy,0.12981709583056153,0.0709226748215167,0.10036988532603912,420.8184,68.71742546666671,21.896,6,0.0,0.5433333333333333,0.82
1,storm_passage,1,0.35,Fixed-L1,0.1505093566975671,0.12334213651305442,0.13692574660531076,48.618,14.624400000000007,0.3509999999999999,0,0.0,0.0,0.0
1,storm_passage,0,0.6,Fixed-L2,0.0,0.0,0.0,157.4273,99.90138000000003,0.688111111111111,0,1.0,1.0,1.0
1,storm_passage,1,0.6,Fixed-L1,0.1505093566975671,0.12334213651305442,0.13692574660531076,47.9485,14.624400000000007,0.365,0,0.0,0.0,0.0
1,storm_passage,1,1.35,Discounted-LinUCB,0.0945923045942586,0.1028626965411695,0.09872750056771405,652.9513,76.38615471111115,180.22333333333333,32,0.0,0.7644444444444445,0.6422222222222222
1,storm_passage,0,0.9,Switch-Aware-Greedy,0.14758825100443476,0.05492499514167125,0.101256623073053,422.7357,50.12844155555559,23.750444444444447,1,0.0,0.25555555555555554,0.7444444444444445
1,storm_passage,1,0.9,Switch-Aware-Greedy,0.14758825100443476,0.05492499514167125,0.101256623073053,372.2672,50.12844155555559,22.505333333333336,1,0.0,0.25555555555555554,0.7444444444444445
1,storm_passage,0,1.35,Contextual-Thompson,0.09245451647322779,0.09869891118718052,0.09557671383020416,650.4914,77.69347008888892,192.652,24,0.0,0.8177777777777778,0.58
1,storm_passage,1,0.9,Proposed-Exact-Online,0.13900960600882029,0.10329739054721461,0.12115349827801744,357.4169,50.29058811111115,23.137444444444444,5,0.0,0.2611111111111111,0.7388888888888889
1,storm_passage,0,0.35,Fixed-L2,0.0,0.0,0.0,150.0311,99.90138000000003,0.6902222222222222,0,1.0,1.0,1.0
1,storm_passage,0,1.35,Fixed-L1,0.1505093566975671,0.12334213651305442,0.13692574660531076,49.4626,14.624400000000007,0.38988888888888884,0,0.0,0.0,0.0
1,storm_passage,1,0.9,Greedy-Online,0.14238951260036672,0.10737309519608934,0.12488130389822803,322.4431,42.60912315555559,17.09122222222222,28,0.0,0.22,0.5488888888888889
1,storm_passage,1,0.6,Contextual-Thompson,0.1505093566975671,0.08015164509685926,0.11533050089721318,423.2816,38.462905000000035,179.98333333333332,3,0.0,0.0,0.85
1,storm_passage,1,1.35,Fixed-L2,0.0,0.0,0.0,149.2803,99.90138000000003,0.7158888888888888,0,0.5933333333333334,1.0,1.0
1,storm_passage,1,0.9,Discounted-LinUCB,0.13978317982002647,0.11897939290514299,0.12938128636258472,506.6539,51.52290193333337,172.29077777777778,15,0.0,0.30333333333333334,0.6966666666666667
1,storm_passage,0,1.35,Switch-Aware-Greedy,0.12981709583056153,0.0709226748215167,0.10036988532603912,428.9386,68.71742546666671,22.82922222222222,6,0.0,0.5433333333333333,0.82
1,storm_passage,0,1.35,Greedy-Online,0.10451322200516386,0.11026089675002648,0.10738705937759517,430.7135,71.46704235555559,18.023777777777777,28,0.0,0.6044444444444445,0.7933333333333333
1,storm_passage,1,1.35,Greedy-Online,0.10451322200516386,0.11026089675002648,0.10738705937759517,492.1835,71.46704235555559,20.016555555555552,28,0.0,0.6044444444444445,0.7933333333333333
1,storm_passage,1,0.35,Greedy-Online,0.1505093566975671,0.12334217180525434,0.13692576425141073,254.5205,14.686722888888896,18.300222222222224,4,0.0,0.0,0.0022222222222222222
1,storm_passage,0,0.6,Switch-Aware-Greedy,0.1505093566975671,0.08575906391745089,0.118134210307509,272.1738,31.763194444444473,18.683999999999997,3,0.0,0.0,0.6111111111111112
1,storm_passage,1,0.9,Fixed-L2,0.0,0.0,0.0,149.9223,99.90138000000003,0.6579999999999999,0,1.0,1.0,1.0
1,multi_squall,1,1.35,Greedy-Online,0.08213386700266297,0.06937519067786775,0.07575452884026536,408.627,68.46032928888891,17.497222222222224,57,0.0,0.5911111111111111,0.7133333333333334
1,multi_squall,1,1.35,Discounted-LinUCB,0.05899181675797021,0.09260812719710992,0.07579997197754007,617.3873,78.39063008888891,174.91344444444442,17,0.0,0.7733333333333333,0.6955555555555556
1,multi_squall,0,0.6,Greedy-Online,0.12095133909537448,0.05710819082831015,0.08902976496184231,304.7292,37.93316044444448,16.984333333333336,2,0.0,0.0,0.8311111111111111
1,multi_squall,0,0.9,Switch-Aware-Greedy,0.11044237429746225,0.07306704024911939,0.09175470727329083,356.215,50.80945708888892,21.31577777777778,1,0.0,0.2788888888888889,0.7211111111111111
1,multi_squall,0,0.9,Contextual-Thompson,0.09950796791944268,0.06475980599340386,0.08213388695642326,551.7812,55.60899513333336,186.59555555555556,11,0.0,0.44333333333333336,0.5566666666666666
1,multi_squall,0,0.6,Switch-Aware-Greedy,0.12095133909537448,0.057110975654629796,0.08903115737500214,333.3322,37.83967611111115,21.50766666666667,2,0.0,0.0,0.8277777777777777
1,multi_squall,0,0.6,Fixed-L1,0.12095133909537448,0.07007694506870095,0.0955141420820377,49.919,14.624400000000007,0.368,0,0.0,0.0,0.0
1,multi_squall,1,0.35,Threshold-Projected,0.12095133909537448,0.06978425705965118,0.09536779807751283,63.3098,16.213633666666674,13.135666666666667,2,0.0,0.0,0.056666666666666664
1,multi_squall,0,0.9,Fixed-L2,0.0,0.0,0.0,159.8058,99.90138000000003,0.6488888888888888,0,1.0,1.0,1.0
1,multi_squall,1,0.6,Discounted-LinUCB,0.12095133909537448,0.05710819082831015,0.08902976496184231,444.1581,37.93316044444448,179.19611111111112,2,0.0,0.0,0.8311111111111111
1,multi_squall,0,0.35,Fixed-L1,0.12095133909537448,0.07007694506870095,0.0955141420820377,59.132,14.624400000000007,0.3796666666666666,0,0.0,0.0,0.0
1,multi_squall,1,0.6,Proposed-Exact-Online,0.12095133909537448,0.057110975654629796,0.08903115737500214,548.0319,37.83967611111115,38.89511111111112,2,0.0,0.0,0.8277777777777777
1,multi_squall,0,0.35,Threshold-Projected,0.12095133909537448,0.06978425705965118,0.09536779807751283,87.1529,16.213633666666674,19.58822222222222,2,0.0,0.0,0.056666666666666664
1,multi_squall,0,1.35,Switch-Aware-Greedy,0.049165604669384626,0.09501288702619624,0.07208924584779043,658.7379,78.88214122222226,34.33688888888889,4,0.0,0.7944444444444444,0.67
1,multi_squall,0,1.35,Contextual-Thompson,0.0714960368829926,0.08466432674696583,0.07808018181497922,805.6088,75.99086106666671,262.76988888888894,14,0.0,0.6911111111111111,0.7777777777777778
1,multi_squall,0,0.9,Threshold-Projected,0.11174033110735111,0.0767549917450736,0.09424766142621235,89.7324,39.74680651111114,10.835555555555555,20,0.0,0.19666666666666666,0.49444444444444446
1,multi_squall,1,1.35,Fixed-L1,0.12095133909537448,0.07007694506870095,0.0955141420820377,48.7014,14.624400000000007,0.3913333333333333,0,0.0,0.0,0.0
1,multi_squall,1,0.6,Greedy-Online,0.12095133909537448,0.05710819082831015,0.08902976496184231,299.8912,37.93316044444448,16.196444444444445,2,0.0,0.0,0.8311111111111111
1,multi_squall,1,0.9,Discounted-LinUCB,0.10819912827175361,0.048665470984703245,0.07843229962822842,495.9054,52.528210577777806,172.89177777777775,15,0.0,0.3377777777777778,0.6622222222222223
1,multi_squall,0,1.35,Greedy-Online,0.08213386700266297,0.06937519067786775,0.07575452884026536,430.4937,68.46032928888891,19.618222222222222,57,0.0,0.5911111111111111,0.7133333333333334
1,multi_squall,1,0.9,Switch-Aware-Greedy,0.11044237429746225,0.07306704024911939,0.09175470727329083,364.5389,50.80945708888892,21.863555555555557,1,0.0,0.2788888888888889,0.7211111111111111
1,multi_squall,0,0.35,Greedy-Online,0.12095133909537448,0.0697025868963213,0.09532696299584789,222.8219,16.12014933333334,14.724444444444444,4,0.0,0.0,0.05333333333333334
1,multi_squall,1,0.6,Switch-Aware-Greedy,0.12095133909537448,0.057110975654629796,0.08903115737500214,376.8514,37.83967611111115,23.47577777777778,2,0.0,0.0,0.8277777777777777
1,multi_squall,1,0.6,Contextual-Thompson,0.12095133909537448,0.05710819082831015,0.08902976496184231,621.6001,37.93316044444448,266.84644444444444,2,0.0,0.0,0.8311111111111111
1,multi_squall,0,0.35,Contextual-Thompson,0.12095133909537448,0.06978425705965118,0.09536779807751283,324.4007,16.213633666666674,143.41822222222223,2,0.0,0.0,0.056666666666666664
1,multi_squall,0,0.6,Threshold-Projected,0.12095133909537448,0.0605728150763929,0.09076207708588369,80.7136,31.264611333333356,10.913444444444442,13,0.0,0.0,0.5933333333333334
1,multi_squall,1,1.35,Switch-Aware-Greedy,0.049165604669384626,0.09501288702619624,0.07208924584779043,462.706,78.88214122222226,22.108888888888888,4,0.0,0.7944444444444444,0.67
1,multi_squall,1,1.35,Contextual-Thompson,0.0714960368829926,0.08466432674696583,0.07808018181497922,640.8387,75.99086106666671,200.9641111111111,14,0.0,0.6911111111111111,0.7777777777777778
1,multi_squall,0,0.35,Fixed-L2,0.0,0.0,0.0,155.4066,99.90138000000003,0.7005555555555556,0,1.0,1.0,1.0
1,multi_squall,1,0.6,Fixed-L1,0.12095133909537448,0.07007694506870095,0.0955141420820377,51.26,14.624400000000007,0.37344444444444436,0,0.0,0.0,0.0
1,multi_squall,1,0.35,Discounted-LinUCB,0.12095133909537448,0.06978425705965118,0.09536779807751283,304.502,16.213633666666674,126.92377777777777,2,0.0,0.0,0.056666666666666664
1,multi_squall,1,0.9,Threshold-Projected,0.11174033110735111,0.0767549917450736,0.09424766142621235,81.7693,39.74680651111114,10.221111111111112,20,0.0,0.19666666666666666,0.49444444444444446
1,multi_squall,0,0.9,Discounted-LinUCB,0.10819912827175361,0.048665470984703245,0.07843229962822842,465.3487,52.528210577777806,158.01399999999998,15,0.0,0.3377777777777778,0.6622222222222223
1,multi_squall,1,0.35,Contextual-Thompson,0.12095133909537448,0.06978425705965118,0.09536779807751283,308.2839,16.213633666666674,140.0718888888889,2,0.0,0.0,0.056666666666666664
1,multi_squall,0,0.6,Discounted-LinUCB,0.12095133909537448,0.05710819082831015,0.08902976496184231,417.6907,37.93316044444448,170.20755555555553,2,0.0,0.0,0.8311111111111111
1,multi_squall,1,0.6,Fixed-L2,0.0,0.0,0.0,142.5197,99.90138000000003,0.6421111111111111,0,1.0,1.0,1.0
1,multi_squall,1,0.9,Greedy-Online,0.11984092112238237,0.06585172045652266,0.09284632078945251,428.3145,45.73580537777782,21.12388888888889,53,0.0,0.12,0.8644444444444445
1,multi_squall,0,1.35,Threshold-Projected,0.07659429688700664,0.09972545184100072,0.08815987436400369,111.5263,53.912865822222244,10.354555555555553,23,0.0,0.4588888888888889,0.46444444444444444
1,multi_squall,1,1.35,Proposed-Exact-Online,0.0608209590862005,0.08903870413477968,0.07492983161049009,472.6325,78.13626706666669,25.06622222222222,10,0.0,0.7688888888888888,0.6955555555555556
1,multi_squall,1,0.6,Threshold-Projected,0.12095133909537448,0.0605728150763929,0.09076207708588369,75.2769,31.264611333333356,10.510222222222223,13,0.0,0.0,0.5933333333333334
1,multi_squall,0,1.35,Fixed-L1,0.12095133909537448,0.07007694506870095,0.0955141420820377,47.9949,14.624400000000007,0.448,0,0.0,0.0,0.0
1,multi_squall,0,0.6,Proposed-Exact-Online,0.12095133909537448,0.057110975654629796,0.08903115737500214,287.3015,37.83967611111115,19.956444444444443,2,0.0,0.0,0.8277777777777777
1,multi_squall,0,0.35,Proposed-Exact-Online,0.12095133909537448,0.06973212398228285,0.09534173153882866,216.6374,16.088987888888894,19.55877777777778,2,0.0,0.0,0.052222222222222225
1,multi_squall,0,0.9,Fixed-L1,0.12095133909537448,0.07007694506870095,0.0955141420820377,46.0356,14.624400000000007,0.3736666666666667,0,0.0,0.0,0.0
1,multi_squall,1,0.9,Fixed-L1,0.12095133909537448,0.07007694506870095,0.0955141420820377,46.5462,14.624400000000007,0.35911111111111105,0,0.0,0.0,0.0
1,multi_squall,0,1.35,Fixed-L2,0.0,0.0,0.0,151.5873,99.90138000000003,0.6658888888888889,0,0.5311111111111111,1.0,1.0
1,multi_squall,0,0.9,Greedy-Online,0.11984092112238237,0.06585172045652266,0.09284632078945251,330.0411,45.73580537777782,17.237222222222222,53,0.0,0.12,0.8644444444444445
1,multi_squall,1,1.35,Fixed-L2,0.0,0.0,0.0,152.6898,99.90138000000003,0.6619999999999999,0,0.5311111111111111,1.0,1.0
1,multi_squall,0,0.6,Fixed-L2,0.0,0.0,0.0,147.134,99.90138000000003,0.6318888888888889,0,1.0,1.0,1.0
1,multi_squall,0,0.35,Switch-Aware-Greedy,0.12095133909537448,0.06973212398228285,0.09534173153882866,202.2684,16.088987888888894,13.380222222222223,2,0.0,0.0,0.052222222222222225
1,multi_squall,1,0.35,Fixed-L2,0.0,0.0,0.0,143.2949,99.90138000000003,0.6264444444444444,0,1.0,1.0,1.0
1,multi_squall,0,1.35,Proposed-Exact-Online,0.0608209590862005,0.08903870413477968,0.07492983161049009,455.8061,78.13626706666669,24.738999999999997,10,0.0,0.7688888888888888,0.6955555555555556
1,multi_squall,0,1.35,Discounted-LinUCB,0.05899181675797021,0.09260812719710992,0.07579997197754007,626.7028,78.39063008888891,178.55777777777777,17,0.0,0.7733333333333333,0.6955555555555556
1,multi_squall,1,1.35,Threshold-Projected,0.07659429688700664,0.09972545184100072,0.08815987436400369,102.1665,53.912865822222244,10.024666666666667,23,0.0,0.4588888888888889,0.46444444444444444
1,multi_squall,1,0.35,Fixed-L1,0.12095133909537448,0.07007694506870095,0.0955141420820377,46.2728,14.624400000000007,0.3671111111111111,0,0.0,0.0,0.0
1,multi_squall,0,0.35,Discounted-LinUCB,0.12095133909537448,0.06978425705965118,0.09536779807751283,278.5619,16.213633666666674,116.53022222222224,2,0.0,0.0,0.056666666666666664
1,multi_squall,1,0.9,Fixed-L2,0.0,0.0,0.0,194.2238,99.90138000000003,0.6932222222222223,0,1.0,1.0,1.0
1,multi_squall,0,0.9,Proposed-Exact-Online,0.10511007739967547,0.05975100111690609,0.08243053925829077,417.3245,52.62549851111114,26.039222222222225,7,0.0,0.3411111111111111,0.6588888888888889
1,multi_squall,1,0.9,Contextual-Thompson,0.09950796791944268,0.06475980599340386,0.08213388695642326,487.4439,55.60899513333336,171.02733333333336,11,0.0,0.44333333333333336,0.5566666666666666
1,multi_squall,1,0.35,Switch-Aware-Greedy,0.12095133909537448,0.06973212398228285,0.09534173153882866,212.1838,16.088987888888894,14.018999999999998,2,0.0,0.0,0.052222222222222225
1,multi_squall,1,0.35,Proposed-Exact-Online,0.12095133909537448,0.06973212398228285,0.09534173153882866,220.9028,16.088987888888894,18.995444444444445,2,0.0,0.0,0.052222222222222225
1,multi_squall,1,0.35,Greedy-Online,0.12095133909537448,0.0697025868963213,0.09532696299584789,215.733,16.12014933333334,14.611333333333334,4,0.0,0.0,0.05333333333333334
1,multi_squall,1,0.9,Proposed-Exact-Online,0.10511007739967547,0.05975100111690609,0.08243053925829077,347.7027,52.62549851111114,22.281555555555556,7,0.0,0.3411111111111111,0.6588888888888889
1,multi_squall,0,0.6,Contextual-Thompson,0.12095133909537448,0.05710819082831015,0.08902976496184231,408.814,37.93316044444448,174.29955555555554,2,0.0,0.0,0.8311111111111111
1,speed_manoeuvre,1,0.35,Contextual-Thompson,0.07824936016716326,0.15432480202680587,0.11628708109698457,306.8876,16.61873244444445,138.38833333333332,4,0.0,0.0,0.07111111111111111
1,speed_manoeuvre,1,1.35,Switch-Aware-Greedy,0.04955429462308803,0.032814305326894624,0.04118429997499133,415.8,72.32000957777782,21.487333333333332,5,0.0,0.56,0.9144444444444444
1,speed_manoeuvre,1,0.9,Switch-Aware-Greedy,0.07824936016716326,0.04293406765117405,0.060591713909168655,309.4288,41.42324222222226,18.946777777777775,2,0.0,0.0,0.9555555555555556
1,speed_manoeuvre,1,0.9,Threshold-Projected,0.07824936016716326,0.08838298164323825,0.08331617090520076,68.1809,25.87368144444446,8.085222222222223,6,0.0,0.0,0.4011111111111111
1,speed_manoeuvre,0,1.35,Greedy-Online,0.05135336548409999,0.04660114895784736,0.04897725722097367,413.8576,70.04542155555559,17.535666666666664,64,0.0,0.5055555555555555,0.9444444444444444
1,speed_manoeuvre,1,0.6,Greedy-Online,0.07824936016716326,0.08951888790279663,0.08388412403497994,300.2917,37.90199900000004,16.741000000000003,2,0.0,0.0,0.83
1,speed_manoeuvre,0,0.9,Fixed-L2,0.0,0.0,0.0,215.3509,99.90138000000003,0.7217777777777779,0,1.0,1.0,1.0
1,speed_manoeuvre,1,0.35,Fixed-L1,0.07824936016716326,0.1581911244646316,0.11822024231589742,59.1157,14.624400000000007,0.378,0,0.0,0.0,0.0
1,speed_manoeuvre,0,1.35,Contextual-Thompson,0.04950665180144119,0.030533504182937706,0.04002007799218945,593.5194,72.75880553333337,197.381,5,0.0,0.5622222222222222,0.9255555555555556
1,speed_manoeuvre,0,1.35,Fixed-L2,0.0,0.0,0.0,145.9189,99.90138000000003,0.6958888888888889,0,0.5111111111111111,1.0,1.0
1,speed_manoeuvre,1,0.6,Fixed-L2,0.0,0.0,0.0,171.6241,99.90138000000003,0.8345555555555556,0,1.0,1.0,1.0
1,speed_manoeuvre,1,1.35,Discounted-LinUCB,0.04950665180144119,0.030533504182937706,0.04002007799218945,646.0362,72.75880553333337,217.02033333333333,5,0.0,0.5622222222222222,0.9255555555555556
1,speed_manoeuvre,0,0.6,Contextual-Thompson,0.07824936016716326,0.08951888790279663,0.08388412403497994,431.4671,37.90199900000004,186.52322222222222,2,0.0,0.0,0.83
1,speed_manoeuvre,0,0.6,Proposed-Exact-Online,0.07824936016716326,0.09119080985195098,0.08472008500955712,295.8367,37.839676111111146,21.09777777777778,2,0.0,0.0,0.8277777777777777
1,speed_manoeuvre,0,1.35,Fixed-L1,0.07824936016716326,0.1581911244646316,0.11822024231589742,46.1736,14.624400000000007,0.35411111111111104,0,0.0,0.0,0.0
1,speed_manoeuvre,1,0.35,Threshold-Projected,0.07824936016716326,0.15435987460826842,0.11630461738771583,56.5725,16.151310777777784,8.630333333333333,2,0.0,0.0,0.05444444444444444
1,speed_manoeuvre,0,0.6,Greedy-Online,0.07824936016716326,0.08951888790279663,0.08388412403497994,291.9309,37.90199900000004,16.076888888888888,2,0.0,0.0,0.83
1,speed_manoeuvre,1,0.35,Greedy-Online,0.07824936016716326,0.15435987460826842,0.11630461738771583,218.7304,16.151310777777784,17.551222222222222,2,0.0,0.0,0.05444444444444444
1,speed_manoeuvre,1,1.35,Fixed-L1,0.07824936016716326,0.1581911244646316,0.11822024231589742,47.9337,14.624400000000007,0.3657777777777777,0,0.0,0.0,0.0
1,speed_manoeuvre,1,0.6,Proposed-Exact-Online,0.07824936016716326,0.09119080985195098,0.08472008500955712,298.6655,37.839676111111146,20.908333333333335,2,0.0,0.0,0.8277777777777777
1,speed_manoeuvre,1,0.6,Discounted-LinUCB,0.07824936016716326,0.08951888790279663,0.08388412403497994,401.3007,37.90199900000004,163.7782222222222,2,0.0,0.0,0.83
1,speed_manoeuvre,1,0.35,Fixed-L2,0.0,0.0,0.0,147.5123,99.90138000000003,0.6396666666666666,0,1.0,1.0,1.0
1,speed_manoeuvre,1,0.35,Discounted-LinUCB,0.07824936016716326,0.15434123934881439,0.11629529975798883,296.1045,16.525248111111118,125.70777777777778,6,0.0,0.0,0.06777777777777778
1,speed_manoeuvre,1,0.9,Proposed-Exact-Online,0.06615601864978243,0.04503318470187848,0.055594601675830455,430.4787,41.828481377777806,36.88877777777778,7,0.0,0.13666666666666666,0.6911111111111111
1,speed_manoeuvre,1,1.35,Greedy-Online,0.05135336548409999,0.04660114895784736,0.04897725722097367,406.4131,70.04542155555559,17.199444444444445,64,0.0,0.5055555555555555,0.9444444444444444
1,speed_manoeuvre,1,0.9,Discounted-LinUCB,0.06433206323489646,0.0479159917367521,0.05612402748582428,429.5635,42.50696117777782,164.40655555555557,7,0.0,0.15777777777777777,0.6722222222222223
1,speed_manoeuvre,0,0.6,Threshold-Projected,0.07824936016716326,0.11642180646917184,0.09733558331816755,63.672,24.31560922222224,8.031222222222222,6,0.0,0.0,0.34555555555555556
1,speed_manoeuvre,0,0.35,Discounted-LinUCB,0.07824936016716326,0.15434123934881439,0.11629529975798883,286.9454,16.525248111111118,121.51299999999999,6,0.0,0.0,0.06777777777777778
1,speed_manoeuvre,0,0.35,Proposed-Exact-Online,0.07824936016716326,0.15435987460826842,0.11630461738771583,212.6085,16.151310777777784,20.374444444444446,2,0.0,0.0,0.05444444444444444
1,speed_manoeuvre,1,0.6,Threshold-Projected,0.07824936016716326,0.11642180646917184,0.09733558331816755,65.0257,24.31560922222224,8.092555555555554,6,0.0,0.0,0.34555555555555556
1,speed_manoeuvre,0,0.9,Greedy-Online,0.07368329794220664,0.03673240549619593,0.055207851719201284,296.0345,39.97620704444447,15.919333333333332,71,0.0,0.07,0.7611111111111111
1,speed_manoeuvre,0,0.35,Greedy-Online,0.07824936016716326,0.15435987460826842,0.11630461738771583,216.9845,16.151310777777784,15.09066666666667,2,0.0,0.0,0.05444444444444444
1,speed_manoeuvre,1,1.35,Proposed-Exact-Online,0.04682650037129769,0.03805775225241802,0.042442126311857856,436.9704,74.94678377777781,25.298333333333332,8,0.0,0.65,0.8244444444444444
1,speed_manoeuvre,1,1.35,Fixed-L2,0.0,0.0,0.0,152.757,99.90138000000003,0.6913333333333331,0,0.5111111111111111,1.0,1.0
1,speed_manoeuvre,1,1.35,Threshold-Projected,0.07824936016716326,0.08838298164323825,0.08331617090520076,66.624,25.87368144444446,8.217444444444446,6,0.0,0.0,0.4011111111111111
1,speed_manoeuvre,1,0.6,Fixed-L1,0.07824936016716326,0.1581911244646316,0.11822024231589742,48.7299,14.624400000000007,0.35477777777777775,0,0.0,0.0,0.0
1,speed_manoeuvre,0,0.35,Fixed-L2,0.0,0.0,0.0,150.1827,99.90138000000003,0.9525555555555555,0,1.0,1.0,1.0
1,speed_manoeuvre,0,0.9,Fixed-L1,0.07824936016716326,0.1581911244646316,0.11822024231589742,47.8099,14.624400000000007,0.3527777777777778,0,0.0,0.0,0.0
1,speed_manoeuvre,0,1.35,Proposed-Exact-Online,0.04682650037129769,0.03805775225241802,0.042442126311857856,437.2354,74.94678377777781,25.538333333333334,8,0.0,0.65,0.8244444444444444
1,speed_manoeuvre,1,0.9,Contextual-Thompson,0.06420101788323031,0.04938609733108274,0.05679355760715653,433.3104,42.571819800000036,173.19466666666668,7,0.0,0.16,0.67
1,speed_manoeuvre,0,1.35,Discounted-LinUCB,0.04950665180144119,0.030533504182937706,0.04002007799218945,683.8625,72.75880553333337,212.05233333333334,5,0.0,0.5622222222222222,0.9255555555555556
1,speed_manoeuvre,1,1.35,Contextual-Thompson,0.04950665180144119,0.030533504182937706,0.04002007799218945,547.602,72.75880553333337,185.2971111111111,5,0.0,0.5622222222222222,0.9255555555555556
1,speed_manoeuvre,1,0.9,Fixed-L1,0.07824936016716326,0.1581911244646316,0.11822024231589742,44.8389,14.624400000000007,0.3507777777777777,0,0.0,0.0,0.0
1,speed_manoeuvre,0,0.9,Contextual-Thompson,0.06420101788323031,0.04938609733108274,0.05679355760715653,440.3845,42.571819800000036,177.705,7,0.0,0.16,0.67
1,speed_manoeuvre,0,0.6,Fixed-L1,0.07824936016716326,0.1581911244646316,0.11822024231589742,46.5554,14.624400000000007,0.3647777777777778,0,0.0,0.0,0.0
1,speed_manoeuvre,0,0.35,Contextual-Thompson,0.07824936016716326,0.15432480202680587,0.11628708109698457,298.1788,16.61873244444445,133.558,4,0.0,0.0,0.07111111111111111
1,speed_manoeuvre,0,0.35,Fixed-L1,0.07824936016716326,0.1581911244646316,0.11822024231589742,49.1475,14.624400000000007,0.3981111111111111,0,0.0,0.0,0.0
1,speed_manoeuvre,0,1.35,Threshold-Projected,0.07824936016716326,0.08838298164323825,0.08331617090520076,67.248,25.87368144444446,8.248111111111111,6,0.0,0.0,0.4011111111111111
1,speed_manoeuvre,1,0.35,Proposed-Exact-Online,0.07824936016716326,0.15435987460826842,0.11630461738771583,205.1404,16.151310777777784,17.34488888888889,2,0.0,0.0,0.05444444444444444
1,speed_manoeuvre,0,0.9,Discounted-LinUCB,0.06433206323489646,0.0479159917367521,0.05612402748582428,417.3133,42.50696117777782,160.14844444444446,7,0.0,0.15777777777777777,0.6722222222222223
1,speed_manoeuvre,0,1.35,Switch-Aware-Greedy,0.04955429462308803,0.032814305326894624,0.04118429997499133,404.1843,72.32000957777782,20.227222222222224,5,0.0,0.56,0.9144444444444444
1,speed_manoeuvre,1,0.9,Fixed-L2,0.0,0.0,0.0,136.8466,99.90138000000003,0.6187777777777778,0,1.0,1.0,1.0
1,speed_manoeuvre,1,0.9,Greedy-Online,0.07368329794220664,0.03673240549619593,0.055207851719201284,295.7936,39.97620704444447,15.867111111111111,71,0.0,0.07,0.7611111111111111
1,speed_manoeuvre,0,0.6,Discounted-LinUCB,0.07824936016716326,0.08951888790279663,0.08388412403497994,400.1944,37.90199900000004,163.7396666666667,2,0.0,0.0,0.83
1,speed_manoeuvre,0,0.35,Switch-Aware-Greedy,0.07824936016716326,0.15435987460826842,0.11630461738771583,207.226,16.151310777777784,13.645888888888889,2,0.0,0.0,0.05444444444444444
1,speed_manoeuvre,1,0.6,Contextual-Thompson,0.07824936016716326,0.08951888790279663,0.08388412403497994,531.0056,37.90199900000004,228.21566666666666,2,0.0,0.0,0.83
1,speed_manoeuvre,0,0.35,Threshold-Projected,0.07824936016716326,0.15435987460826842,0.11630461738771583,56.0759,16.151310777777784,8.768222222222223,2,0.0,0.0,0.05444444444444444
1,speed_manoeuvre,0,0.9,Proposed-Exact-Online,0.06615601864978243,0.04503318470187848,0.055594601675830455,308.0409,41.828481377777806,21.05788888888889,7,0.0,0.13666666666666666,0.6911111111111111
1,speed_manoeuvre,1,0.35,Switch-Aware-Greedy,0.07824936016716326,0.15435987460826842,0.11630461738771583,212.9669,16.151310777777784,14.401777777777777,2,0.0,0.0,0.05444444444444444
1,speed_manoeuvre,0,0.6,Fixed-L2,0.0,0.0,0.0,139.2899,99.90138000000003,0.6092222222222222,0,1.0,1.0,1.0
1,speed_manoeuvre,0,0.6,Switch-Aware-Greedy,0.07824936016716326,0.09119080985195098,0.08472008500955712,306.0569,37.839676111111146,19.260111111111115,2,0.0,0.0,0.8277777777777777
1,speed_manoeuvre,1,0.6,Switch-Aware-Greedy,0.07824936016716326,0.09119080985195098,0.08472008500955712,287.0101,37.839676111111146,17.941000000000003,2,0.0,0.0,0.8277777777777777
1,speed_manoeuvre,0,0.9,Switch-Aware-Greedy,0.07824936016716326,0.04293406765117405,0.060591713909168655,309.4766,41.42324222222226,19.062000000000005,2,0.0,0.0,0.9555555555555556
1,speed_manoeuvre,0,0.9,Threshold-Projected,0.07824936016716326,0.08838298164323825,0.08331617090520076,65.1583,25.87368144444446,7.91811111111111,6,0.0,0.0,0.4011111111111111
1,coupled_extreme,0,0.35,Threshold-Projected,0.136619239725048,0.13432947145500235,0.1354743555900252,60.8665,16.151310777777784,10.58388888888889,2,0.0,0.0,0.05444444444444444
1,coupled_extreme,0,0.35,Switch-Aware-Greedy,0.136619239725048,0.13422585367767156,0.13542254670135978,215.7089,16.088987888888894,14.774111111111113,2,0.0,0.0,0.052222222222222225
1,coupled_extreme,0,0.9,Discounted-LinUCB,0.11902658198390276,0.1048923348228095,0.11195945840335614,468.9566,49.37042395555559,170.27522222222223,19,0.0,0.24666666666666667,0.7355555555555555
1,coupled_extreme,1,1.35,Greedy-Online,0.10770787924776258,0.04750785953784146,0.07760786939280202,414.2793,70.99167568888892,17.80977777777778,23,0.0,0.5155555555555555,0.9577777777777777
1,coupled_extreme,1,0.6,Contextual-Thompson,0.136619239725048,0.07988102875455515,0.10825013423980157,415.7897,37.99548333333337,178.75866666666664,3,0.0,0.0,0.8333333333333334
1,coupled_extreme,1,0.6,Discounted-LinUCB,0.136619239725048,0.07961514872733597,0.10811719422619198,399.4399,38.02664477777782,163.4111111111111,2,0.0,0.0,0.8344444444444444
1,coupled_extreme,1,0.9,Discounted-LinUCB,0.11902658198390276,0.1048923348228095,0.11195945840335614,557.7183,49.37042395555559,197.5206666666667,19,0.0,0.24666666666666667,0.7355555555555555
1,coupled_extreme,0,0.6,Threshold-Projected,0.136619239725048,0.09577898679582246,0.11619911326043522,80.6003,34.53656300000003,9.928,17,0.0,0.0,0.71
1,coupled_extreme,1,1.35,Fixed-L1,0.136619239725048,0.1339611018294721,0.13529017077726005,44.1257,14.624400000000007,0.3648888888888889,0,0.0,0.0,0.0
1,coupled_extreme,0,0.9,Greedy-Online,0.12596959777987493,0.08460086130384749,0.1052852295418612,316.6467,43.20885484444449,16.343444444444444,7,0.0,0.035555555555555556,0.9466666666666667
1,coupled_extreme,0,0.35,Fixed-L1,0.136619239725048,0.1339611018294721,0.13529017077726005,46.8918,14.624400000000007,0.36444444444444446,0,0.0,0.0,0.0
1,coupled_extreme,1,0.35,Contextual-Thompson,0.136619239725048,0.13432947145500235,0.1354743555900252,303.5864,16.151310777777784,136.7178888888889,2,0.0,0.0,0.05444444444444444
1,coupled_extreme,1,0.9,Switch-Aware-Greedy,0.1289136637406813,0.06728841583519111,0.09810103978793622,335.3346,50.25108682222226,19.164555555555555,3,0.0,0.2811111111111111,0.6966666666666667
1,coupled_extreme,0,1.35,Discounted-LinUCB,0.08624668090562378,0.0723385619673647,0.07929262143649424,547.5134,73.84038360000002,171.52377777777778,14,0.0,0.6088888888888889,0.8688888888888889
1,coupled_extreme,0,0.6,Proposed-Exact-Online,0.136619239725048,0.08066043612347806,0.10863983792426303,289.5896,37.839676111111146,20.15533333333333,3,0.0,0.0,0.8277777777777777
1,coupled_extreme,1,0.35,Threshold-Projected,0.136619239725048,0.13432947145500235,0.1354743555900252,55.3735,16.151310777777784,10.198,2,0.0,0.0,0.05444444444444444
1,coupled_extreme,0,0.6,Fixed-L2,0.0,0.0,0.0,145.205,99.90138000000003,0.6348888888888887,0,1.0,1.0,1.0
1,coupled_extreme,1,0.6,Fixed-L2,0.0,0.0,0.0,148.2957,99.90138000000003,0.6348888888888887,0,1.0,1.0,1.0
1,coupled_extreme,0,0.6,Switch-Aware-Greedy,0.136619239725048,0.08066043612347806,0.10863983792426303,292.7944,37.839676111111146,18.631333333333334,3,0.0,0.0,0.8277777777777777
1,coupled_extreme,0,1.35,Fixed-L1,0.136619239725048,0.1339611018294721,0.13529017077726005,47.3692,14.624400000000007,0.35288888888888886,0,0.0,0.0,0.0
1,coupled_extreme,1,0.35,Greedy-Online,0.136619239725048,0.13432947145500235,0.1354743555900252,206.6175,16.151310777777784,13.963222222222225,2,0.0,0.0,0.05444444444444444
1,coupled_extreme,0,1.35,Threshold-Projected,0.09619915844379276,0.1038649151485018,0.10003203679614728,90.8323,46.59671760000004,9.480666666666664,22,0.0,0.16444444444444445,0.8044444444444444
1,coupled_extreme,1,1.35,Switch-Aware-Greedy,0.1086821616352061,0.021301037838433193,0.06499159973681964,408.9143,69.41912171111115,21.447000000000003,4,0.0,0.47555555555555556,0.9833333333333333
1,coupled_extreme,1,0.35,Switch-Aware-Greedy,0.136619239725048,0.13422585367767156,0.13542254670135978,199.7354,16.088987888888894,12.773222222222223,2,0.0,0.0,0.052222222222222225
1,coupled_extreme,1,1.35,Discounted-LinUCB,0.08624668090562378,0.0723385619673647,0.07929262143649424,661.4812,73.84038360000002,202.6468888888889,14,0.0,0.6088888888888889,0.8688888888888889
1,coupled_extreme,0,0.35,Discounted-LinUCB,0.136619239725048,0.13432947145500235,0.1354743555900252,290.799,16.151310777777784,123.87911111111111,2,0.0,0.0,0.05444444444444444
1,coupled_extreme,0,1.35,Switch-Aware-Greedy,0.1086821616352061,0.021301037838433193,0.06499159973681964,398.2381,69.41912171111115,20.211888888888886,4,0.0,0.47555555555555556,0.9833333333333333
1,coupled_extreme,1,0.6,Fixed-L1,0.136619239725048,0.1339611018294721,0.13529017077726005,45.9606,14.624400000000007,0.3412222222222221,0,0.0,0.0,0.0
1,coupled_extreme,0,0.6,Greedy-Online,0.136619239725048,0.08029311296386527,0.10845617634445663,300.3133,37.96432188888892,16.89666666666667,5,0.0,0.0,0.8322222222222222
1,coupled_extreme,0,0.6,Discounted-LinUCB,0.136619239725048,0.07961514872733597,0.10811719422619198,390.9511,38.02664477777782,161.59944444444446,2,0.0,0.0,0.8344444444444444
1,coupled_extreme,1,1.35,Contextual-Thompson,0.103233249714136,0.08556233462261736,0.09439779216837668,596.5051,72.7479299555556,198.92177777777778,19,0.0,0.58,0.8888888888888888
1,coupled_extreme,0,0.35,Fixed-L2,0.0,0.0,0.0,138.4889,99.90138000000003,0.6455555555555555,0,1.0,1.0,1.0
1,coupled_extreme,0,0.9,Proposed-Exact-Online,0.11969644412787361,0.07499582378511717,0.09734613395649538,351.1022,49.505212666666694,22.287333333333333,9,0.0,0.25555555555555554,0.7222222222222222
1,coupled_extreme,0,1.35,Greedy-Online,0.10770787924776258,0.04750785953784146,0.07760786939280202,413.8528,70.99167568888892,18.301000000000002,23,0.0,0.5155555555555555,0.9577777777777777
1,coupled_extreme,0,0.9,Threshold-Projected,0.12035689069002685,0.12696850012681787,0.12366269540842237,84.8643,41.33770288888892,9.587555555555555,21,0.0,0.08888888888888889,0.7711111111111111
1,coupled_extreme,1,1.35,Threshold-Projected,0.09619915844379276,0.1038649151485018,0.10003203679614728,86.6861,46.59671760000004,8.631666666666666,22,0.0,0.16444444444444445,0.8044444444444444
1,coupled_extreme,1,0.35,Proposed-Exact-Online,0.136619239725048,0.13422585367767156,0.13542254670135978,208.1402,16.088987888888894,17.13688888888889,2,0.0,0.0,0.052222222222222225
1,coupled_extreme,1,0.6,Threshold-Projected,0.136619239725048,0.09577898679582246,0.11619911326043522,76.1443,34.53656300000003,9.639555555555553,17,0.0,0.0,0.71
1,coupled_extreme,1,1.35,Proposed-Exact-Online,0.09556002397922139,0.07386851005570816,0.08471426701746478,413.4182,73.14849248888892,22.871777777777776,11,0.0,0.6033333333333334,0.8555555555555555
1,coupled_extreme,1,1.35,Fixed-L2,0.0,0.0,0.0,154.6712,99.90138000000003,0.6845555555555555,0,0.5222222222222223,1.0,1.0
1,coupled_extreme,1,0.9,Greedy-Online,0.12596959777987493,0.08460086130384749,0.1052852295418612,392.5175,43.20885484444449,21.984777777777776,7,0.0,0.035555555555555556,0.9466666666666667
1,coupled_extreme,1,0.9,Fixed-L2,0.0,0.0,0.0,146.0084,99.90138000000003,0.6523333333333332,0,1.0,1.0,1.0
1,coupled_extreme,1,0.35,Fixed-L1,0.136619239725048,0.1339611018294721,0.13529017077726005,44.964,14.624400000000007,0.36177777777777775,0,0.0,0.0,0.0
1,coupled_extreme,0,0.9,Fixed-L1,0.136619239725048,0.1339611018294721,0.13529017077726005,44.3543,14.624400000000007,0.334111111111111,0,0.0,0.0,0.0
1,coupled_extreme,0,0.6,Contextual-Thompson,0.136619239725048,0.07988102875455515,0.10825013423980157,416.4753,37.99548333333337,181.8621111111111,3,0.0,0.0,0.8333333333333334
1,coupled_extreme,1,0.6,Greedy-Online,0.136619239725048,0.08029311296386527,0.10845617634445663,292.9303,37.96432188888892,16.272111111111112,5,0.0,0.0,0.8322222222222222
1,coupled_extreme,1,0.35,Discounted-LinUCB,0.136619239725048,0.13432947145500235,0.1354743555900252,281.4626,16.151310777777784,120.66455555555555,2,0.0,0.0,0.05444444444444444
1,coupled_extreme,0,0.35,Greedy-Online,0.136619239725048,0.13432947145500235,0.1354743555900252,209.6332,16.151310777777784,14.294666666666668,2,0.0,0.0,0.05444444444444444
1,coupled_extreme,1,0.6,Switch-Aware-Greedy,0.136619239725048,0.08066043612347806,0.10863983792426303,294.1593,37.839676111111146,18.93144444444445,3,0.0,0.0,0.8277777777777777
1,coupled_extreme,0,0.6,Fixed-L1,0.136619239725048,0.1339611018294721,0.13529017077726005,44.9537,14.624400000000007,0.3529999999999999,0,0.0,0.0,0.0
1,coupled_extreme,1,0.9,Proposed-Exact-Online,0.11969644412787361,0.07499582378511717,0.09734613395649538,345.1471,49.505212666666694,22.332666666666668,9,0.0,0.25555555555555554,0.7222222222222222
1,coupled_extreme,0,1.35,Contextual-Thompson,0.103233249714136,0.08556233462261736,0.09439779216837668,567.9289,72.7479299555556,189.56122222222223,19,0.0,0.58,0.8888888888888888
1,coupled_extreme,0,0.9,Switch-Aware-Greedy,0.1289136637406813,0.06728841583519111,0.09810103978793622,329.2327,50.25108682222226,19.630222222222223,3,0.0,0.2811111111111111,0.6966666666666667
1,coupled_extreme,1,0.6,Proposed-Exact-Online,0.136619239725048,0.08066043612347806,0.10863983792426303,302.2717,37.839676111111146,20.987222222222222,3,0.0,0.0,0.8277777777777777
1,coupled_extreme,1,0.35,Fixed-L2,0.0,0.0,0.0,143.0084,99.90138000000003,0.6471111111111111,0,1.0,1.0,1.0
1,coupled_extreme,0,1.35,Proposed-Exact-Online,0.09556002397922139,0.07386851005570816,0.08471426701746478,457.5301,73.14849248888892,27.38733333333333,11,0.0,0.6033333333333334,0.8555555555555555
1,coupled_extreme,1,0.9,Threshold-Projected,0.12035689069002685,0.12696850012681787,0.12366269540842237,115.2353,41.33770288888892,13.097222222222225,21,0.0,0.08888888888888889,0.7711111111111111
1,coupled_extreme,0,0.9,Contextual-Thompson,0.11958577698365119,0.10452193305532319,0.1120538550194872,510.3104,49.17584808888892,190.47822222222223,19,0.0,0.24,0.7422222222222222
1,coupled_extreme,0,0.35,Contextual-Thompson,0.136619239725048,0.13432947145500235,0.1354743555900252,297.8624,16.151310777777784,133.48033333333333,2,0.0,0.0,0.05444444444444444
1,coupled_extreme,0,0.35,Proposed-Exact-Online,0.136619239725048,0.13422585367767156,0.13542254670135978,208.4043,16.088987888888894,17.157777777777778,2,0.0,0.0,0.052222222222222225
1,coupled_extreme,1,0.9,Fixed-L1,0.136619239725048,0.1339611018294721,0.13529017077726005,44.43,14.624400000000007,0.34199999999999997,0,0.0,0.0,0.0
1,coupled_extreme,1,0.9,Contextual-Thompson,0.11958577698365119,0.10452193305532319,0.1120538550194872,458.1827,49.17584808888892,176.51833333333335,19,0.0,0.24,0.7422222222222222
1,coupled_extreme,0,1.35,Fixed-L2,0.0,0.0,0.0,149.3262,99.90138000000003,0.6798888888888889,0,0.5222222222222223,1.0,1.0
1,coupled_extreme,0,0.9,Fixed-L2,0.0,0.0,0.0,162.3399,99.90138000000003,0.6725555555555555,0,1.0,1.0,1.0
2,storm_passage,1,0.6,Discounted-LinUCB,0.15062757674700963,0.08049061490993482,0.11555909582847224,398.8179,37.93316044444448,163.924,2,0.0,0.0,0.8311111111111111
2,storm_passage,1,0.9,Threshold-Projected,0.13866525838740654,0.13091194655913335,0.13478860247326996,66.8846,24.178622577777787,8.982444444444445,25,0.0,0.07111111111111111,0.19555555555555557
2,storm_passage,0,0.9,Contextual-Thompson,0.132635022741946,0.13311816726987521,0.1328765950059106,497.5492,53.43930224444447,176.29322222222223,11,0.0,0.3988888888888889,0.57
2,storm_passage,1,1.35,Discounted-LinUCB,0.0985644986116583,0.08936851657955756,0.09396650759560793,596.0136,78.02122900000003,173.92844444444444,26,0.0,0.75,0.73
2,storm_passage,0,0.9,Switch-Aware-Greedy,0.1459427423977102,0.0709597717274315,0.10845125706257086,352.0692,49.97190168888892,20.499666666666663,3,0.0,0.2822222222222222,0.6844444444444444
2,storm_passage,0,0.35,Fixed-L2,0.0,0.0,0.0,185.3844,99.90138000000003,0.7163333333333333,0,1.0,1.0,1.0
2,storm_passage,0,0.35,Greedy-Online,0.15062757674700963,0.1230159990850705,0.13682178791604005,269.7685,14.686722888888896,22.091777777777775,4,0.0,0.0,0.0022222222222222222
2,storm_passage,0,0.35,Discounted-LinUCB,0.15062757674700963,0.12304595048368093,0.13683676361534527,290.1627,16.12014933333334,122.29766666666666,2,0.0,0.0,0.05333333333333334
2,storm_passage,0,0.9,Greedy-Online,0.14145222660391282,0.10779024462670873,0.12462123561531077,304.13,42.20782797777781,16.371333333333332,18,0.0,0.22333333333333333,0.5277777777777778
2,storm_passage,1,0.35,Discounted-LinUCB,0.15062757674700963,0.12304595048368093,0.13683676361534527,282.4971,16.12014933333334,119.83666666666667,2,0.0,0.0,0.05333333333333334
2,storm_passage,1,0.9,Fixed-L1,0.15062757674700963,0.12301591463511637,0.136821745691063,46.8496,14.624400000000007,0.3528888888888888,0,0.0,0.0,0.0
2,storm_passage,0,0.6,Discounted-LinUCB,0.15062757674700963,0.08049061490993482,0.11555909582847224,404.6779,37.93316044444448,166.98177777777778,2,0.0,0.0,0.8311111111111111
2,storm_passage,0,0.6,Switch-Aware-Greedy,0.15062757674700963,0.08213163621031046,0.11637960647866005,284.9508,32.23061611111114,18.947111111111113,3,0.0,0.0,0.6277777777777778
2,storm_passage,1,0.9,Greedy-Online,0.14145222660391282,0.10779024462670873,0.12462123561531077,308.948,42.20782797777781,16.29611111111111,18,0.0,0.22333333333333333,0.5277777777777778
2,storm_passage,1,1.35,Threshold-Projected,0.11881287111847165,0.10972828210037494,0.1142705766094233,76.9669,29.927345333333342,9.524222222222221,21,0.0,0.1388888888888889,0.26222222222222225
2,storm_passage,0,0.9,Fixed-L1,0.15062757674700963,0.12301591463511637,0.136821745691063,46.5186,14.624400000000007,0.3627777777777777,0,0.0,0.0,0.0
2,storm_passage,0,0.35,Fixed-L1,0.15062757674700963,0.12301591463511637,0.136821745691063,45.8785,14.624400000000007,0.3495555555555555,0,0.0,0.0,0.0
2,storm_passage,1,0.6,Contextual-Thompson,0.15062757674700963,0.080661679793887,0.11564462827044832,443.5131,37.87083755555559,190.01211111111112,3,0.0,0.0,0.8288888888888889
2,storm_passage,1,0.35,Threshold-Projected,0.15062757674700963,0.12301591463511637,0.136821745691063,62.9288,14.624400000000007,10.262333333333334,0,0.0,0.0,0.0
2,storm_passage,0,0.9,Proposed-Exact-Online,0.1334982170512462,0.13229857864048095,0.13289839784586358,372.4376,53.02025693333336,22.791555555555558,9,0.0,0.38666666666666666,0.58
2,storm_passage,0,0.6,Greedy-Online,0.15062757674700963,0.08127829278559089,0.11595293476630025,310.7311,31.5762257777778,18.12711111111111,11,0.0,0.0,0.6044444444444445
2,storm_passage,0,1.35,Contextual-Thompson,0.09797058680379402,0.08939263876342445,0.09368161278360923,643.3636,78.12485626666671,195.08599999999998,27,0.0,0.7588888888888888,0.7155555555555555
2,storm_passage,0,0.9,Fixed-L2,0.0,0.0,0.0,203.5043,99.90138000000003,0.7411111111111112,0,1.0,1.0,1.0
2,storm_passage,0,0.6,Fixed-L2,0.0,0.0,0.0,218.2512,99.90138000000003,2.5143333333333335,0,1.0,1.0,1.0
2,storm_passage,1,0.35,Switch-Aware-Greedy,0.15062757674700963,0.12301591463511637,0.136821745691063,219.0104,14.624400000000007,15.612777777777778,0,0.0,0.0,0.0
2,storm_passage,0,1.35,Threshold-Projected,0.11881287111847165,0.10972828210037494,0.1142705766094233,72.9303,29.927345333333342,8.888555555555556,21,0.0,0.1388888888888889,0.26222222222222225
2,storm_passage,1,0.35,Greedy-Online,0.15062757674700963,0.1230159990850705,0.13682178791604005,205.7403,14.686722888888896,14.315222222222221,4,0.0,0.0,0.0022222222222222222
2,storm_passage,0,0.35,Switch-Aware-Greedy,0.15062757674700963,0.12301591463511637,0.136821745691063,194.27,14.624400000000007,13.927444444444445,0,0.0,0.0,0.0
2,storm_passage,1,0.6,Fixed-L1,0.15062757674700963,0.12301591463511637,0.136821745691063,46.6703,14.624400000000007,0.4033333333333333,0,0.0,0.0,0.0
2,storm_passage,0,0.6,Contextual-Thompson,0.15062757674700963,0.080661679793887,0.11564462827044832,416.2755,37.87083755555559,182.0676666666667,3,0.0,0.0,0.8288888888888889
2,storm_passage,1,0.6,Greedy-Online,0.15062757674700963,0.08127829278559089,0.11595293476630025,268.236,31.5762257777778,16.24088888888889,11,0.0,0.0,0.6044444444444445
2,storm_passage,1,1.35,Fixed-L2,0.0,0.0,0.0,150.1248,99.90138000000003,0.6528888888888887,0,0.52,1.0,1.0
2,storm_passage,0,0.9,Threshold-Projected,0.13866525838740654,0.13091194655913335,0.13478860247326996,64.0197,24.178622577777787,8.790111111111111,25,0.0,0.07111111111111111,0.19555555555555557
2,storm_passage,1,1.35,Greedy-Online,0.10606009170729605,0.09530990245135389,0.10068499707932496,398.7829,71.86273084444447,17.107333333333333,77,0.0,0.5688888888888889,0.88
2,storm_passage,1,0.9,Proposed-Exact-Online,0.1334982170512462,0.13229857864048095,0.13289839784586358,342.0858,53.02025693333336,21.578333333333333,9,0.0,0.38666666666666666,0.58
2,storm_passage,1,1.35,Fixed-L1,0.15062757674700963,0.12301591463511637,0.136821745691063,43.9151,14.624400000000007,0.3426666666666666,0,0.0,0.0,0.0
2,storm_passage,1,0.6,Switch-Aware-Greedy,0.15062757674700963,0.08213163621031046,0.11637960647866005,278.4567,32.23061611111114,18.609222222222222,3,0.0,0.0,0.6277777777777778
2,storm_passage,0,0.35,Proposed-Exact-Online,0.15062757674700963,0.12301591463511637,0.136821745691063,223.1093,14.624400000000007,22.011555555555557,0,0.0,0.0,0.0
2,storm_passage,1,0.6,Threshold-Projected,0.15062757674700963,0.09258775820536602,0.12160766747618783,77.8596,21.137141888888898,12.989333333333335,12,0.0,0.0,0.23222222222222222
2,storm_passage,1,0.6,Fixed-L2,0.0,0.0,0.0,165.5043,99.90138000000003,0.6894444444444443,0,1.0,1.0,1.0
2,storm_passage,0,0.6,Fixed-L1,0.15062757674700963,0.12301591463511637,0.136821745691063,47.5325,14.624400000000007,0.3529999999999999,0,0.0,0.0,0.0
2,storm_passage,1,0.35,Fixed-L2,0.0,0.0,0.0,151.5626,99.90138000000003,0.6549999999999999,0,1.0,1.0,1.0
2,storm_passage,1,1.35,Contextual-Thompson,0.09797058680379402,0.08939263876342445,0.09368161278360923,762.7089,78.12485626666671,229.84766666666667,27,0.0,0.7588888888888888,0.7155555555555555
2,storm_passage,0,0.6,Threshold-Projected,0.15062757674700963,0.09258775820536602,0.12160766747618783,90.0092,21.137141888888898,13.988333333333335,12,0.0,0.0,0.23222222222222222
2,storm_passage,1,1.35,Proposed-Exact-Online,0.10122938685809231,0.08141397974391683,0.09132168330100457,545.1113,74.41864488888892,29.525666666666666,16,0.0,0.7333333333333333,0.6355555555555555
2,storm_passage,0,1.35,Discounted-LinUCB,0.0985644986116583,0.08936851657955756,0.09396650759560793,697.0469,78.02122900000003,192.65366666666665,26,0.0,0.75,0.73
2,storm_passage,0,0.35,Contextual-Thompson,0.15062757674700963,0.12304595048368093,0.13683676361534527,329.3077,16.12014933333334,150.5234444444444,2,0.0,0.0,0.05333333333333334
2,storm_passage,1,0.9,Discounted-LinUCB,0.1341412662459259,0.13134888954967958,0.13274507789780274,535.1484,53.017721200000025,177.5798888888889,15,0.0,0.3844444444444444,0.5844444444444444
2,storm_passage,1,0.6,Proposed-Exact-Online,0.15062757674700963,0.08213163621031046,0.11637960647866005,306.2717,32.23061611111114,23.24488888888889,3,0.0,0.0,0.6277777777777778
2,storm_passage,1,0.35,Fixed-L1,0.15062757674700963,0.12301591463511637,0.136821745691063,49.3139,14.624400000000007,0.3468888888888888,0,0.0,0.0,0.0
2,storm_passage,0,1.35,Greedy-Online,0.10606009170729605,0.09530990245135389,0.10068499707932496,419.4224,71.86273084444447,17.46977777777778,77,0.0,0.5688888888888889,0.88
2,storm_passage,1,0.9,Contextual-Thompson,0.132635022741946,0.13311816726987521,0.1328765950059106,482.0259,53.43930224444447,170.33355555555556,11,0.0,0.3988888888888889,0.57
2,storm_passage,0,0.6,Proposed-Exact-Online,0.15062757674700963,0.08213163621031046,0.11637960647866005,271.152,32.23061611111114,19.213555555555555,3,0.0,0.0,0.6277777777777778
2,storm_passage,1,0.35,Contextual-Thompson,0.15062757674700963,0.12304595048368093,0.13683676361534527,309.6753,16.12014933333334,138.11811111111112,2,0.0,0.0,0.05333333333333334
2,storm_passage,0,1.35,Fixed-L2,0.0,0.0,0.0,149.5385,99.90138000000003,0.659111111111111,0,0.52,1.0,1.0
2,storm_passage,0,0.9,Discounted-LinUCB,0.1341412662459259,0.13134888954967958,0.13274507789780274,562.6167,53.017721200000025,192.91255555555554,15,0.0,0.3844444444444444,0.5844444444444444
2,storm_passage,0,1.35,Fixed-L1,0.15062757674700963,0.12301591463511637,0.136821745691063,45.0894,14.624400000000007,0.34988888888888886,0,0.0,0.0,0.0
2,storm_passage,1,0.9,Switch-Aware-Greedy,0.1459427423977102,0.0709597717274315,0.10845125706257086,327.7042,49.97190168888892,19.193555555555555,3,0.0,0.2822222222222222,0.6844444444444444
2,storm_passage,1,0.35,Proposed-Exact-Online,0.15062757674700963,0.12301591463511637,0.136821745691063,208.8611,14.624400000000007,17.967,0,0.0,0.0,0.0
2,storm_passage,0,0.35,Threshold-Projected,0.15062757674700963,0.12301591463511637,0.136821745691063,57.157,14.624400000000007,9.739777777777777,0,0.0,0.0,0.0
2,storm_passage,1,0.9,Fixed-L2,0.0,0.0,0.0,148.6016,99.90138000000003,0.6595555555555555,0,1.0,1.0,1.0
2,storm_passage,1,1.35,Switch-Aware-Greedy,0.1293464361830013,0.04715432984169329,0.08825038301234729,400.6727,67.08201337777781,21.444333333333336,4,0.0,0.47555555555555556,0.9
2,storm_passage,0,1.35,Switch-Aware-Greedy,0.1293464361830013,0.04715432984169329,0.08825038301234729,392.1509,67.08201337777781,20.89611111111111,4,0.0,0.47555555555555556,0.9
2,storm_passage,0,1.35,Proposed-Exact-Online,0.10122938685809231,0.08141397974391683,0.09132168330100457,433.6968,74.41864488888892,23.54988888888889,16,0.0,0.7333333333333333,0.6355555555555555
2,multi_squall,1,0.35,Fixed-L2,0.0,0.0,0.0,146.7613,99.90138000000003,0.6429999999999999,0,1.0,1.0,1.0
2,multi_squall,1,0.9,Discounted-LinUCB,0.10945801037691864,0.0546432683608663,0.08205063936889247,468.5899,52.26877608888893,161.65755555555555,15,0.0,0.3288888888888889,0.6711111111111111
2,multi_squall,0,1.35,Proposed-Exact-Online,0.06505069680785014,0.07487018229373894,0.06996043955079453,432.319,77.06790288888891,23.336222222222222,9,0.0,0.7611111111111111,0.6733333333333333
2,multi_squall,0,0.9,Threshold-Projected,0.11263191401443962,0.07636939262815821,0.09450065332129892,84.6084,39.77796795555559,9.877333333333336,20,0.0,0.19666666666666666,0.4955555555555556
2,multi_squall,0,0.9,Contextual-Thompson,0.10368803215435532,0.0667358520908001,0.08521194212257771,495.0003,54.73340373333337,172.3503333333333,11,0.0,0.41333333333333333,0.5866666666666667
2,multi_squall,1,1.35,Fixed-L2,0.0,0.0,0.0,196.5531,99.90138000000003,0.7326666666666667,0,0.5611111111111111,1.0,1.0
2,multi_squall,1,0.35,Contextual-Thompson,0.121519093798222,0.07006343162875937,0.09579126271349069,352.1199,15.870857777777784,148.24477777777776,2,0.0,0.0,0.044444444444444446
2,multi_squall,0,0.35,Switch-Aware-Greedy,0.121519093798222,0.07009144837000597,0.09580527108411399,201.3538,15.933180666666676,13.511555555555555,2,0.0,0.0,0.04666666666666667
2,multi_squall,1,0.9,Fixed-L2,0.0,0.0,0.0,143.6294,99.90138000000003,0.6214444444444444,0,1.0,1.0,1.0
2,multi_squall,0,1.35,Switch-Aware-Greedy,0.04451000420477832,0.0995709921841128,0.07204049819444557,426.2775,78.4585596666667,20.401777777777777,4,0.0,0.8055555555555556,0.6322222222222222
2,multi_squall,0,1.35,Contextual-Thompson,0.0736749399776058,0.08542751341326787,0.07955122669543684,587.716,74.95492620000005,188.54966666666664,14,0.0,0.6844444444444444,0.7544444444444445
2,multi_squall,0,1.35,Discounted-LinUCB,0.06909653188376985,0.08262316585374359,0.07585984886875671,569.3161,76.18724002222227,168.61977777777776,19,0.0,0.7266666666666667,0.7122222222222222
2,multi_squall,0,0.9,Switch-Aware-Greedy,0.1125820781638472,0.0711234933170544,0.0918527857404508,346.6839,50.42030535555559,20.05511111111111,1,0.0,0.26555555555555554,0.7344444444444445
2,multi_squall,0,1.35,Greedy-Online,0.10104875520147179,0.030131977390800594,0.0655903662961362,371.8188,63.34590842222226,17.642444444444447,25,0.0,0.45111111111111113,0.8166666666666667
2,multi_squall,0,0.6,Contextual-Thompson,0.121519093798222,0.05675860792182947,0.08913885086002574,410.2553,38.15129055555559,175.77455555555554,2,0.0,0.0,0.8388888888888889
2,multi_squall,0,1.35,Fixed-L2,0.0,0.0,0.0,141.1898,99.90138000000003,0.6308888888888888,0,0.5611111111111111,1.0,1.0
2,multi_squall,0,0.6,Greedy-Online,0.121519093798222,0.05675860792182947,0.08913885086002574,294.8589,38.15129055555559,16.386111111111113,2,0.0,0.0,0.8388888888888889
2,multi_squall,1,1.35,Threshold-Projected,0.07360391210140389,0.10162396661018695,0.08761393935579542,98.2859,54.235891066666696,9.160222222222224,23,0.0,0.4688888888888889,0.45555555555555555
2,multi_squall,1,0.35,Threshold-Projected,0.121519093798222,0.06999430879347371,0.09575670129584785,58.7826,15.715050555555564,11.276,4,0.0,0.0,0.03888888888888889
2,multi_squall,0,0.35,Threshold-Projected,0.121519093798222,0.06999430879347371,0.09575670129584785,58.5893,15.715050555555564,11.223666666666666,4,0.0,0.0,0.03888888888888889
2,multi_squall,1,0.6,Fixed-L2,0.0,0.0,0.0,202.1558,99.90138000000003,1.3659999999999999,0,1.0,1.0,1.0
2,multi_squall,0,0.35,Discounted-LinUCB,0.121519093798222,0.07009144837000597,0.09580527108411399,277.1566,15.933180666666676,116.36244444444444,2,0.0,0.0,0.04666666666666667
2,multi_squall,0,0.9,Fixed-L2,0.0,0.0,0.0,146.1379,99.90138000000003,0.6444444444444443,0,1.0,1.0,1.0
2,multi_squall,0,0.9,Proposed-Exact-Online,0.10820789248947403,0.06258399801106199,0.085395945250268,346.3464,52.10662953333336,22.055333333333337,7,0.0,0.3233333333333333,0.6766666666666666
2,multi_squall,1,1.35,Contextual-Thompson,0.0736749399776058,0.08542751341326787,0.07955122669543684,597.2292,74.95492620000005,189.26544444444448,14,0.0,0.6844444444444444,0.7544444444444445
2,multi_squall,1,1.35,Switch-Aware-Greedy,0.04451000420477832,0.0995709921841128,0.07204049819444557,432.8999,78.4585596666667,20.942777777777778,4,0.0,0.8055555555555556,0.6322222222222222
2,multi_squall,0,0.35,Proposed-Exact-Online,0.121519093798222,0.07009144837000597,0.09580527108411399,207.6591,15.933180666666676,17.457333333333334,2,0.0,0.0,0.04666666666666667
2,multi_squall,0,0.6,Discounted-LinUCB,0.121519093798222,0.05675860792182947,0.08913885086002574,396.4339,38.15129055555559,162.6003333333333,2,0.0,0.0,0.8388888888888889
2,multi_squall,1,0.6,Greedy-Online,0.121519093798222,0.05675860792182947,0.08913885086002574,288.2009,38.15129055555559,15.471666666666666,2,0.0,0.0,0.8388888888888889
2,multi_squall,0,0.6,Fixed-L1,0.121519093798222,0.06986295221429167,0.09569102300625684,44.2426,14.624400000000007,0.3355555555555555,0,0.0,0.0,0.0
2,multi_squall,1,0.6,Threshold-Projected,0.121519093798222,0.06008862742934832,0.09080386061378516,74.0935,31.45158000000002,10.681666666666667,13,0.0,0.0,0.6
2,multi_squall,1,0.35,Discounted-LinUCB,0.121519093798222,0.07009144837000597,0.09580527108411399,291.1831,15.933180666666676,123.52699999999999,2,0.0,0.0,0.04666666666666667
2,multi_squall,1,0.9,Proposed-Exact-Online,0.10820789248947403,0.06258399801106199,0.085395945250268,347.2553,52.10662953333336,22.695666666666664,7,0.0,0.3233333333333333,0.6766666666666666
2,multi_squall,1,0.9,Switch-Aware-Greedy,0.1125820781638472,0.0711234933170544,0.0918527857404508,339.5975,50.42030535555559,19.04677777777778,1,0.0,0.26555555555555554,0.7344444444444445
2,multi_squall,1,1.35,Discounted-LinUCB,0.06909653188376985,0.08262316585374359,0.07585984886875671,772.9738,76.18724002222227,231.08155555555558,19,0.0,0.7266666666666667,0.7122222222222222
2,multi_squall,0,0.9,Discounted-LinUCB,0.10945801037691864,0.0546432683608663,0.08205063936889247,458.7227,52.26877608888893,161.51755555555553,15,0.0,0.3288888888888889,0.6711111111111111
2,multi_squall,1,0.9,Threshold-Projected,0.11263191401443962,0.07636939262815821,0.09450065332129892,84.6768,39.77796795555559,10.730222222222222,20,0.0,0.19666666666666666,0.4955555555555556
2,multi_squall,0,0.35,Fixed-L1,0.121519093798222,0.06986295221429167,0.09569102300625684,46.6821,14.624400000000007,0.34277777777777774,0,0.0,0.0,0.0
2,multi_squall,1,0.6,Discounted-LinUCB,0.121519093798222,0.05675860792182947,0.08913885086002574,408.7623,38.15129055555559,168.15300000000002,2,0.0,0.0,0.8388888888888889
2,multi_squall,1,0.6,Switch-Aware-Greedy,0.121519093798222,0.05675860792182947,0.08913885086002574,322.1091,38.15129055555559,20.080333333333332,2,0.0,0.0,0.8388888888888889
2,multi_squall,0,0.9,Fixed-L1,0.121519093798222,0.06986295221429167,0.09569102300625684,53.5726,14.624400000000007,0.38066666666666665,0,0.0,0.0,0.0
2,multi_squall,0,0.9,Greedy-Online,0.12088391526453096,0.06552084072751709,0.09320237799602402,318.8574,43.22206873333337,16.721777777777778,41,0.0,0.07444444444444444,0.8677777777777778
2,multi_squall,1,0.9,Fixed-L1,0.121519093798222,0.06986295221429167,0.09569102300625684,48.5424,14.624400000000007,0.35488888888888886,0,0.0,0.0,0.0
2,multi_squall,1,1.35,Greedy-Online,0.10104875520147179,0.030131977390800594,0.0655903662961362,396.0928,63.34590842222226,17.709444444444443,25,0.0,0.45111111111111113,0.8166666666666667
2,multi_squall,0,1.35,Threshold-Projected,0.07360391210140389,0.10162396661018695,0.08761393935579542,103.0006,54.235891066666696,9.745222222222221,23,0.0,0.4688888888888889,0.45555555555555555
2,multi_squall,1,0.6,Contextual-Thompson,0.121519093798222,0.05675860792182947,0.08913885086002574,428.512,38.15129055555559,186.05922222222225,2,0.0,0.0,0.8388888888888889
2,multi_squall,0,0.35,Fixed-L2,0.0,0.0,0.0,148.8598,99.90138000000003,0.6441111111111111,0,1.0,1.0,1.0
2,multi_squall,1,0.9,Greedy-Online,0.12088391526453096,0.06552084072751709,0.09320237799602402,304.3496,43.22206873333337,16.05488888888889,41,0.0,0.07444444444444444,0.8677777777777778
2,multi_squall,1,0.35,Greedy-Online,0.121519093798222,0.07006309781056196,0.09579109580439198,206.4497,15.933180666666674,13.987666666666668,6,0.0,0.0,0.04666666666666667
2,multi_squall,1,0.6,Fixed-L1,0.121519093798222,0.06986295221429167,0.09569102300625684,44.9334,14.624400000000007,0.3275555555555555,0,0.0,0.0,0.0
2,multi_squall,1,0.35,Fixed-L1,0.121519093798222,0.06986295221429167,0.09569102300625684,46.6403,14.624400000000007,0.40199999999999997,0,0.0,0.0,0.0
2,multi_squall,0,0.6,Threshold-Projected,0.121519093798222,0.06008862742934832,0.09080386061378516,71.2296,31.45158000000002,10.04122222222222,13,0.0,0.0,0.6
2,multi_squall,0,0.35,Contextual-Thompson,0.121519093798222,0.07006343162875937,0.09579126271349069,280.0662,15.870857777777784,125.74244444444443,2,0.0,0.0,0.044444444444444446
2,multi_squall,1,0.6,Proposed-Exact-Online,0.121519093798222,0.05675860792182947,0.08913885086002574,407.6297,38.15129055555559,31.09266666666667,2,0.0,0.0,0.8388888888888889
2,multi_squall,1,1.35,Fixed-L1,0.121519093798222,0.06986295221429167,0.09569102300625684,45.4482,14.624400000000007,0.3516666666666666,0,0.0,0.0,0.0
2,multi_squall,1,0.35,Proposed-Exact-Online,0.121519093798222,0.07009144837000597,0.09580527108411399,208.0551,15.933180666666676,17.398333333333333,2,0.0,0.0,0.04666666666666667
2,multi_squall,0,0.6,Proposed-Exact-Online,0.121519093798222,0.05675860792182947,0.08913885086002574,297.9885,38.15129055555559,22.053666666666665,2,0.0,0.0,0.8388888888888889
2,multi_squall,0,0.35,Greedy-Online,0.121519093798222,0.07006309781056196,0.09579109580439198,200.4201,15.933180666666674,13.768444444444444,6,0.0,0.0,0.04666666666666667
2,multi_squall,1,0.35,Switch-Aware-Greedy,0.121519093798222,0.07009144837000597,0.09580527108411399,214.483,15.933180666666676,14.090444444444442,2,0.0,0.0,0.04666666666666667
2,multi_squall,0,0.6,Fixed-L2,0.0,0.0,0.0,144.7038,99.90138000000003,0.6283333333333333,0,1.0,1.0,1.0
2,multi_squall,1,1.35,Proposed-Exact-Online,0.06505069680785014,0.07487018229373894,0.06996043955079453,437.6484,77.06790288888891,24.793555555555553,9,0.0,0.7611111111111111,0.6733333333333333
2,multi_squall,0,0.6,Switch-Aware-Greedy,0.121519093798222,0.05675860792182947,0.08913885086002574,302.3982,38.15129055555559,19.11877777777778,2,0.0,0.0,0.8388888888888889
2,multi_squall,0,1.35,Fixed-L1,0.121519093798222,0.06986295221429167,0.09569102300625684,44.2563,14.624400000000007,0.3423333333333332,0,0.0,0.0,0.0
2,multi_squall,1,0.9,Contextual-Thompson,0.10368803215435532,0.0667358520908001,0.08521194212257771,492.0507,54.73340373333337,176.0163333333333,11,0.0,0.41333333333333333,0.5866666666666667
2,speed_manoeuvre,1,0.9,Fixed-L1,0.07801725075338199,0.15791354446728095,0.11796539761033148,45.4767,14.624400000000007,0.3604444444444444,0,0.0,0.0,0.0
2,speed_manoeuvre,1,1.35,Contextual-Thompson,0.0494037863868871,0.0298044306091371,0.0396041084980121,572.2474,71.68156628888893,195.35266666666666,4,0.0,0.5466666666666666,0.9188888888888889
2,speed_manoeuvre,0,0.9,Proposed-Exact-Online,0.06376095024501732,0.04546526315420318,0.05461310669961025,335.2439,46.917939755555594,23.045,5,0.0,0.14555555555555555,0.8544444444444445
2,speed_manoeuvre,0,0.6,Discounted-LinUCB,0.07801725075338199,0.08947136092044025,0.08374430583691111,403.6435,37.99548333333337,164.85744444444447,2,0.0,0.0,0.8333333333333334
2,speed_manoeuvre,1,0.9,Threshold-Projected,0.07801725075338199,0.08820512635893524,0.08311118855615862,65.9416,25.87368144444446,8.028444444444444,6,0.0,0.0,0.4011111111111111
2,speed_manoeuvre,1,1.35,Threshold-Projected,0.07801725075338199,0.08820512635893524,0.08311118855615862,76.602,25.87368144444446,9.091222222222223,6,0.0,0.0,0.4011111111111111
2,speed_manoeuvre,0,0.6,Switch-Aware-Greedy,0.07801725075338199,0.08947136092044025,0.08374430583691111,385.6131,37.99548333333337,24.527555555555555,2,0.0,0.0,0.8333333333333334
2,speed_manoeuvre,1,1.35,Fixed-L1,0.07801725075338199,0.15791354446728095,0.11796539761033148,46.4389,14.624400000000007,0.39388888888888884,0,0.0,0.0,0.0
2,speed_manoeuvre,0,1.35,Contextual-Thompson,0.0494037863868871,0.0298044306091371,0.0396041084980121,572.0301,71.68156628888893,196.48011111111109,4,0.0,0.5466666666666666,0.9188888888888889
2,speed_manoeuvre,0,1.35,Switch-Aware-Greedy,0.04950313277527946,0.029897281994220655,0.03970020738475005,405.9099,71.49079402222225,21.844333333333335,4,0.0,0.5433333333333333,0.9188888888888889
2,speed_manoeuvre,0,0.35,Discounted-LinUCB,0.07801725075338199,0.15495070950900494,0.11648398013119346,289.1014,16.338279444444453,119.98688888888888,2,0.0,0.0,0.06111111111111111
2,speed_manoeuvre,0,0.6,Fixed-L1,0.07801725075338199,0.15791354446728095,0.11796539761033148,45.8267,14.624400000000007,0.34333333333333327,0,0.0,0.0,0.0
2,speed_manoeuvre,1,0.6,Switch-Aware-Greedy,0.07801725075338199,0.08947136092044025,0.08374430583691111,289.9566,37.99548333333337,18.103,2,0.0,0.0,0.8333333333333334
2,speed_manoeuvre,1,0.9,Contextual-Thompson,0.0754972389263634,0.03649443437981293,0.05599583665308816,430.0368,39.37019306666671,182.2931111111111,12,0.0,0.057777777777777775,0.7644444444444445
2,speed_manoeuvre,1,0.35,Greedy-Online,0.07801725075338199,0.1550023162318717,0.11650978349262683,219.0676,16.244795111111117,15.575222222222223,4,0.0,0.0,0.057777777777777775
2,speed_manoeuvre,1,1.35,Discounted-LinUCB,0.0494037863868871,0.0298044306091371,0.0396041084980121,560.7594,71.68156628888893,181.085,4,0.0,0.5466666666666666,0.9188888888888889
2,speed_manoeuvre,0,1.35,Fixed-L2,0.0,0.0,0.0,150.4643,99.90138000000003,0.6376666666666666,0,0.5344444444444445,1.0,1.0
2,speed_manoeuvre,1,0.35,Discounted-LinUCB,0.07801725075338199,0.15495070950900494,0.11648398013119346,283.2625,16.338279444444453,118.4888888888889,2,0.0,0.0,0.06111111111111111
2,speed_manoeuvre,0,1.35,Discounted-LinUCB,0.0494037863868871,0.0298044306091371,0.0396041084980121,591.495,71.68156628888893,192.83144444444443,4,0.0,0.5466666666666666,0.9188888888888889
2,speed_manoeuvre,0,0.9,Switch-Aware-Greedy,0.05452805446607701,0.07598862019063998,0.06525833732835849,433.8901,50.80945708888892,27.534,1,0.0,0.2788888888888889,0.7211111111111111
2,speed_manoeuvre,1,0.9,Discounted-LinUCB,0.07221553916516646,0.046152461612974344,0.0591840003890704,422.1988,40.27821377777781,167.60211111111113,14,0.0,0.08888888888888889,0.7333333333333333
2,speed_manoeuvre,0,0.6,Greedy-Online,0.07801725075338199,0.08947136092044025,0.08374430583691111,296.3396,37.99548333333337,16.72588888888889,2,0.0,0.0,0.8333333333333334
2,speed_manoeuvre,1,0.6,Greedy-Online,0.07801725075338199,0.08947136092044025,0.08374430583691111,309.1042,37.99548333333337,17.573333333333334,2,0.0,0.0,0.8333333333333334
2,speed_manoeuvre,0,0.6,Contextual-Thompson,0.07801725075338199,0.08947136092044025,0.08374430583691111,415.8039,37.99548333333337,177.3411111111111,2,0.0,0.0,0.8333333333333334
2,speed_manoeuvre,0,0.6,Proposed-Exact-Online,0.07801725075338199,0.08947136092044025,0.08374430583691111,282.8275,37.99548333333337,19.380222222222223,2,0.0,0.0,0.8333333333333334
2,speed_manoeuvre,1,1.35,Switch-Aware-Greedy,0.04950313277527946,0.029897281994220655,0.03970020738475005,416.9444,71.49079402222225,21.575666666666667,4,0.0,0.5433333333333333,0.9188888888888889
2,speed_manoeuvre,1,0.6,Fixed-L2,0.0,0.0,0.0,150.5236,99.90138000000003,0.627,0,1.0,1.0,1.0
2,speed_manoeuvre,1,1.35,Fixed-L2,0.0,0.0,0.0,149.0801,99.90138000000003,0.635,0,0.5344444444444445,1.0,1.0
2,speed_manoeuvre,0,0.35,Greedy-Online,0.07801725075338199,0.1550023162318717,0.11650978349262683,213.8777,16.244795111111117,15.033333333333333,4,0.0,0.0,0.057777777777777775
2,speed_manoeuvre,0,1.35,Threshold-Projected,0.07801725075338199,0.08820512635893524,0.08311118855615862,67.1873,25.87368144444446,8.248666666666667,6,0.0,0.0,0.4011111111111111
2,speed_manoeuvre,1,1.35,Greedy-Online,0.050794020398379915,0.028808748226715888,0.0398013843125479,413.8336,68.6413534666667,17.779666666666667,32,0.0,0.4766666666666667,0.9533333333333334
2,speed_manoeuvre,1,0.35,Fixed-L1,0.07801725075338199,0.15791354446728095,0.11796539761033148,46.3966,14.624400000000007,0.3635555555555555,0,0.0,0.0,0.0
2,speed_manoeuvre,1,0.9,Proposed-Exact-Online,0.06376095024501732,0.04546526315420318,0.05461310669961025,335.9144,46.917939755555594,21.84111111111111,5,0.0,0.14555555555555555,0.8544444444444445
2,speed_manoeuvre,1,0.6,Fixed-L1,0.07801725075338199,0.15791354446728095,0.11796539761033148,46.4944,14.624400000000007,0.3789999999999999,0,0.0,0.0,0.0
2,speed_manoeuvre,0,0.9,Discounted-LinUCB,0.07221553916516646,0.046152461612974344,0.0591840003890704,476.9377,40.27821377777781,199.32288888888888,14,0.0,0.08888888888888889,0.7333333333333333
2,speed_manoeuvre,0,0.35,Switch-Aware-Greedy,0.07801725075338199,0.15496760820495467,0.11649242947916832,244.448,16.27595655555556,18.537444444444443,2,0.0,0.0,0.058888888888888886
2,speed_manoeuvre,0,0.35,Threshold-Projected,0.07801725075338199,0.15501084380872784,0.11651404728105491,57.4622,16.088987888888894,8.838777777777777,2,0.0,0.0,0.052222222222222225
2,speed_manoeuvre,1,0.6,Contextual-Thompson,0.07801725075338199,0.08947136092044025,0.08374430583691111,415.6246,37.99548333333337,179.0757777777778,2,0.0,0.0,0.8333333333333334
2,speed_manoeuvre,1,0.35,Fixed-L2,0.0,0.0,0.0,142.1142,99.90138000000003,0.8952222222222223,0,1.0,1.0,1.0
2,speed_manoeuvre,0,1.35,Proposed-Exact-Online,0.04774270260049966,0.03262452614924618,0.04018361437487292,411.9402,72.62581991111114,22.832444444444445,8,0.0,0.5822222222222222,0.88
2,speed_manoeuvre,1,0.9,Greedy-Online,0.07681598337789568,0.03690838408024015,0.056862183729067914,297.0523,38.75276828888892,15.847000000000001,16,0.0,0.035555555555555556,0.7877777777777778
2,speed_manoeuvre,0,0.6,Threshold-Projected,0.07801725075338199,0.11631295586650152,0.09716510330994176,63.9108,24.31560922222224,7.956777777777778,6,0.0,0.0,0.34555555555555556
2,speed_manoeuvre,0,0.35,Contextual-Thompson,0.07801725075338199,0.15495070950900494,0.11648398013119346,301.5893,16.338279444444453,134.26733333333334,2,0.0,0.0,0.06111111111111111
2,speed_manoeuvre,1,0.6,Threshold-Projected,0.07801725075338199,0.11631295586650152,0.09716510330994176,64.3227,24.31560922222224,8.160111111111112,6,0.0,0.0,0.34555555555555556
2,speed_manoeuvre,0,0.35,Proposed-Exact-Online,0.07801725075338199,0.15496760820495467,0.11649242947916832,216.4458,16.27595655555556,18.92888888888889,2,0.0,0.0,0.058888888888888886
2,speed_manoeuvre,1,0.35,Contextual-Thompson,0.07801725075338199,0.15495070950900494,0.11648398013119346,289.9661,16.338279444444453,129.7081111111111,2,0.0,0.0,0.06111111111111111
2,speed_manoeuvre,1,0.9,Fixed-L2,0.0,0.0,0.0,145.0337,99.90138000000003,0.616,0,1.0,1.0,1.0
2,speed_manoeuvre,0,0.9,Greedy-Online,0.07681598337789568,0.03690838408024015,0.056862183729067914,286.2965,38.75276828888892,15.239333333333333,16,0.0,0.035555555555555556,0.7877777777777778
2,speed_manoeuvre,1,0.35,Threshold-Projected,0.07801725075338199,0.15501084380872784,0.11651404728105491,56.6179,16.088987888888894,8.863777777777777,2,0.0,0.0,0.052222222222222225
2,speed_manoeuvre,1,0.6,Discounted-LinUCB,0.07801725075338199,0.08947136092044025,0.08374430583691111,386.693,37.99548333333337,157.9358888888889,2,0.0,0.0,0.8333333333333334
2,speed_manoeuvre,1,0.6,Proposed-Exact-Online,0.07801725075338199,0.08947136092044025,0.08374430583691111,309.062,37.99548333333337,21.21811111111111,2,0.0,0.0,0.8333333333333334
2,speed_manoeuvre,0,1.35,Fixed-L1,0.07801725075338199,0.15791354446728095,0.11796539761033148,48.4727,14.624400000000007,0.37588888888888883,0,0.0,0.0,0.0
2,speed_manoeuvre,1,1.35,Proposed-Exact-Online,0.04774270260049966,0.03262452614924618,0.04018361437487292,586.1328,72.62581991111114,32.59388888888889,8,0.0,0.5822222222222222,0.88
2,speed_manoeuvre,0,0.35,Fixed-L2,0.0,0.0,0.0,162.8819,99.90138000000003,0.7284444444444443,0,1.0,1.0,1.0
2,speed_manoeuvre,1,0.35,Switch-Aware-Greedy,0.07801725075338199,0.15496760820495467,0.11649242947916832,243.1274,16.27595655555556,16.448444444444444,2,0.0,0.0,0.058888888888888886
2,speed_manoeuvre,1,0.35,Proposed-Exact-Online,0.07801725075338199,0.15496760820495467,0.11649242947916832,231.3849,16.27595655555556,19.875,2,0.0,0.0,0.058888888888888886
2,speed_manoeuvre,1,0.9,Switch-Aware-Greedy,0.05452805446607701,0.07598862019063998,0.06525833732835849,343.6446,50.80945708888892,19.838,1,0.0,0.2788888888888889,0.7211111111111111
2,speed_manoeuvre,0,0.9,Fixed-L2,0.0,0.0,0.0,158.6165,99.90138000000003,0.6864444444444444,0,1.0,1.0,1.0
2,speed_manoeuvre,0,0.35,Fixed-L1,0.07801725075338199,0.15791354446728095,0.11796539761033148,46.3292,14.624400000000007,0.3528888888888888,0,0.0,0.0,0.0
2,speed_manoeuvre,0,0.9,Threshold-Projected,0.07801725075338199,0.08820512635893524,0.08311118855615862,63.5279,25.87368144444446,7.714,6,0.0,0.0,0.4011111111111111
2,speed_manoeuvre,0,0.9,Fixed-L1,0.07801725075338199,0.15791354446728095,0.11796539761033148,50.1096,14.624400000000007,0.35588888888888887,0,0.0,0.0,0.0
2,speed_manoeuvre,0,0.6,Fixed-L2,0.0,0.0,0.0,149.5824,99.90138000000003,0.650222222222222,0,1.0,1.0,1.0
2,speed_manoeuvre,0,1.35,Greedy-Online,0.050794020398379915,0.028808748226715888,0.0398013843125479,398.9931,68.6413534666667,18.185111111111112,32,0.0,0.4766666666666667,0.9533333333333334
2,speed_manoeuvre,0,0.9,Contextual-Thompson,0.0754972389263634,0.03649443437981293,0.05599583665308816,427.8751,39.37019306666671,182.3681111111111,12,0.0,0.057777777777777775,0.7644444444444445
2,coupled_extreme,1,0.9,Switch-Aware-Greedy,0.12808436651063737,0.05678899921454914,0.09243668286259325,334.6282,50.64731053333337,20.30666666666667,1,0.0,0.2733333333333333,0.7266666666666667
2,coupled_extreme,0,0.35,Discounted-LinUCB,0.13573329901413542,0.1348270933008423,0.13528019615748887,284.4716,15.995503555555562,119.36133333333332,2,0.0,0.0,0.04888888888888889
2,coupled_extreme,1,0.6,Switch-Aware-Greedy,0.13573329901413542,0.08075084687860992,0.10824207294637267,298.6721,37.839676111111146,19.454666666666668,3,0.0,0.0,0.8277777777777777
2,coupled_extreme,1,1.35,Fixed-L2,0.0,0.0,0.0,157.1956,99.90138000000003,0.6564444444444444,0,0.5466666666666666,1.0,1.0
2,coupled_extreme,1,1.35,Threshold-Projected,0.09543193941799753,0.10707713865996246,0.10125453903897999,95.5171,46.72770271111115,9.467555555555554,22,0.0,0.17,0.7977777777777778
2,coupled_extreme,0,1.35,Switch-Aware-Greedy,0.10954752399585174,0.021711382942534007,0.06562945346919287,451.9405,68.14730660000005,23.131777777777778,4,0.0,0.4533333333333333,0.9833333333333333
2,coupled_extreme,0,0.6,Switch-Aware-Greedy,0.13573329901413542,0.08075084687860992,0.10824207294637267,431.4301,37.839676111111146,32.51122222222222,3,0.0,0.0,0.8277777777777777
2,coupled_extreme,1,1.35,Contextual-Thompson,0.09450453033392817,0.06847669333129029,0.08149061183260922,650.4176,72.53867491111114,215.39,14,0.0,0.5877777777777777,0.8655555555555555
2,coupled_extreme,0,0.35,Fixed-L2,0.0,0.0,0.0,161.6728,99.90138000000003,0.7108888888888888,0,1.0,1.0,1.0
2,coupled_extreme,1,0.9,Threshold-Projected,0.12020615940216467,0.12232891863854585,0.12126753902035525,101.1218,41.83628600000003,10.661999999999999,19,0.0,0.08888888888888889,0.7888888888888889
2,coupled_extreme,1,0.35,Discounted-LinUCB,0.13573329901413542,0.1348270933008423,0.13528019615748887,313.3297,15.995503555555562,134.58055555555555,2,0.0,0.0,0.04888888888888889
2,coupled_extreme,0,0.35,Threshold-Projected,0.13573329901413542,0.1348270933008423,0.13528019615748887,59.5425,15.995503555555562,11.121222222222222,2,0.0,0.0,0.04888888888888889
2,coupled_extreme,1,0.6,Proposed-Exact-Online,0.13573329901413542,0.08075084687860992,0.10824207294637267,297.2728,37.839676111111146,20.50988888888889,3,0.0,0.0,0.8277777777777777
2,coupled_extreme,0,0.6,Fixed-L1,0.13573329901413542,0.134592893537979,0.13516309627605722,46.2343,14.624400000000007,0.34011111111111103,0,0.0,0.0,0.0
2,coupled_extreme,1,0.9,Contextual-Thompson,0.11961280900225968,0.09317371988816073,0.1063932644452102,491.1188,49.47985533333337,189.63977777777777,17,0.0,0.23333333333333334,0.7666666666666667
2,coupled_extreme,0,1.35,Fixed-L1,0.13573329901413542,0.134592893537979,0.13516309627605722,47.6998,14.624400000000007,0.35699999999999993,0,0.0,0.0,0.0
2,coupled_extreme,1,0.6,Greedy-Online,0.13573329901413542,0.0803008221055019,0.10801706055981866,305.6985,37.99548333333337,16.985444444444447,5,0.0,0.0,0.8333333333333334
2,coupled_extreme,0,1.35,Discounted-LinUCB,0.08090787523693885,0.08157837080137235,0.0812431230191556,580.5978,73.28454906666671,176.0531111111111,14,0.0,0.6133333333333333,0.84
2,coupled_extreme,1,0.35,Fixed-L2,0.0,0.0,0.0,147.4595,99.90138000000003,0.6436666666666666,0,1.0,1.0,1.0
2,coupled_extreme,0,1.35,Greedy-Online,0.10859716950613185,0.06742333235272556,0.08801025092942871,405.6069,69.07034428888892,17.644777777777776,41,0.0,0.5522222222222222,0.8144444444444444
2,coupled_extreme,1,0.9,Greedy-Online,0.12930804322861886,0.08226329935581848,0.10578567129221866,413.8061,43.253427600000045,20.08988888888889,19,0.0,0.02,0.98
2,coupled_extreme,0,0.9,Fixed-L1,0.13573329901413542,0.134592893537979,0.13516309627605722,44.826,14.624400000000007,0.36833333333333335,0,0.0,0.0,0.0
2,coupled_extreme,1,0.35,Switch-Aware-Greedy,0.13573329901413542,0.1346742498072216,0.1352037744106785,211.5998,15.870857777777784,14.232111111111113,2,0.0,0.0,0.044444444444444446
2,coupled_extreme,0,0.9,Switch-Aware-Greedy,0.12808436651063737,0.05678899921454914,0.09243668286259325,345.9428,50.64731053333337,20.846444444444444,1,0.0,0.2733333333333333,0.7266666666666667
2,coupled_extreme,0,0.35,Proposed-Exact-Online,0.13573329901413542,0.1346742498072216,0.1352037744106785,214.9731,15.870857777777784,18.526444444444444,2,0.0,0.0,0.044444444444444446
2,coupled_extreme,0,0.6,Proposed-Exact-Online,0.13573329901413542,0.08075084687860992,0.10824207294637267,316.0883,37.839676111111146,22.213333333333335,3,0.0,0.0,0.8277777777777777
2,coupled_extreme,1,1.35,Fixed-L1,0.13573329901413542,0.134592893537979,0.13516309627605722,51.166,14.624400000000007,0.3705555555555556,0,0.0,0.0,0.0
2,coupled_extreme,0,0.9,Threshold-Projected,0.12020615940216467,0.12232891863854585,0.12126753902035525,91.8918,41.83628600000003,9.846444444444444,19,0.0,0.08888888888888889,0.7888888888888889
2,coupled_extreme,1,0.9,Proposed-Exact-Online,0.11968684523323901,0.06299220296306089,0.09133952409814995,348.6338,49.80414844444448,22.494666666666667,7,0.0,0.24444444444444444,0.7555555555555555
2,coupled_extreme,0,1.35,Fixed-L2,0.0,0.0,0.0,156.2112,99.90138000000003,0.6788888888888889,0,0.5466666666666666,1.0,1.0
2,coupled_extreme,1,0.35,Threshold-Projected,0.13573329901413542,0.1348270933008423,0.13528019615748887,65.5416,15.995503555555562,11.453333333333333,2,0.0,0.0,0.04888888888888889
2,coupled_extreme,0,0.9,Proposed-Exact-Online,0.11968684523323901,0.06299220296306089,0.09133952409814995,355.1192,49.80414844444448,23.35122222222222,7,0.0,0.24444444444444444,0.7555555555555555
2,coupled_extreme,0,1.35,Proposed-Exact-Online,0.09671468512830142,0.07173732817688398,0.0842260066525927,402.8554,71.84551593333337,22.870555555555555,11,0.0,0.5811111111111111,0.8544444444444445
2,coupled_extreme,0,0.9,Discounted-LinUCB,0.1193561495844784,0.0932735052491336,0.10631482741680601,449.6795,49.674431200000036,163.5091111111111,15,0.0,0.24,0.76
2,coupled_extreme,1,0.35,Fixed-L1,0.13573329901413542,0.134592893537979,0.13516309627605722,45.914,14.624400000000007,0.35422222222222216,0,0.0,0.0,0.0
2,coupled_extreme,0,0.6,Discounted-LinUCB,0.13573329901413542,0.07963752500055042,0.10768541200734291,393.8883,38.05780622222226,160.28444444444443,2,0.0,0.0,0.8355555555555556
2,coupled_extreme,1,1.35,Discounted-LinUCB,0.08090787523693885,0.08157837080137235,0.0812431230191556,628.1741,73.28454906666671,193.74488888888888,14,0.0,0.6133333333333333,0.84
2,coupled_extreme,0,0.6,Contextual-Thompson,0.13573329901413542,0.07963752500055042,0.10768541200734291,462.0781,38.05780622222226,195.973,2,0.0,0.0,0.8355555555555556
2,coupled_extreme,0,0.9,Fixed-L2,0.0,0.0,0.0,140.8701,99.90138000000003,0.6054444444444443,0,1.0,1.0,1.0
2,coupled_extreme,0,0.35,Switch-Aware-Greedy,0.13573329901413542,0.1346742498072216,0.1352037744106785,207.5838,15.870857777777784,13.423555555555556,2,0.0,0.0,0.044444444444444446
2,coupled_extreme,0,0.35,Fixed-L1,0.13573329901413542,0.134592893537979,0.13516309627605722,45.1763,14.624400000000007,0.3772222222222222,0,0.0,0.0,0.0
2,coupled_extreme,1,0.6,Contextual-Thompson,0.13573329901413542,0.07963752500055042,0.10768541200734291,407.7622,38.05780622222226,177.5248888888889,2,0.0,0.0,0.8355555555555556
2,coupled_extreme,1,0.6,Threshold-Projected,0.13573329901413542,0.0959392570894336,0.11583627805178451,80.2815,34.56772444444447,9.779555555555556,17,0.0,0.0,0.7111111111111111
2,coupled_extreme,1,1.35,Switch-Aware-Greedy,0.10954752399585174,0.021711382942534007,0.06562945346919287,392.0967,68.14730660000005,20.82255555555555,4,0.0,0.4533333333333333,0.9833333333333333
2,coupled_extreme,1,0.35,Contextual-Thompson,0.13573329901413542,0.1348270933008423,0.13528019615748887,298.1441,15.995503555555562,134.81755555555557,2,0.0,0.0,0.04888888888888889
2,coupled_extreme,1,0.9,Fixed-L2,0.0,0.0,0.0,150.6529,99.90138000000003,0.6896666666666668,0,1.0,1.0,1.0
2,coupled_extreme,0,0.6,Greedy-Online,0.13573329901413542,0.0803008221055019,0.10801706055981866,288.8303,37.99548333333337,15.398222222222222,5,0.0,0.0,0.8333333333333334
2,coupled_extreme,1,0.9,Discounted-LinUCB,0.1193561495844784,0.0932735052491336,0.10631482741680601,459.4247,49.674431200000036,164.87044444444447,15,0.0,0.24,0.76
2,coupled_extreme,0,1.35,Threshold-Projected,0.09543193941799753,0.10707713865996246,0.10125453903897999,92.1755,46.72770271111115,9.088444444444445,22,0.0,0.17,0.7977777777777778
2,coupled_extreme,1,0.6,Fixed-L2,0.0,0.0,0.0,150.4925,99.90138000000003,0.6578888888888887,0,1.0,1.0,1.0
2,coupled_extreme,1,0.6,Fixed-L1,0.13573329901413542,0.134592893537979,0.13516309627605722,46.3805,14.624400000000007,0.34044444444444444,0,0.0,0.0,0.0
2,coupled_extreme,0,0.35,Greedy-Online,0.13573329901413542,0.1348270933008423,0.13528019615748887,205.8165,15.995503555555562,13.941888888888888,2,0.0,0.0,0.04888888888888889
2,coupled_extreme,0,0.6,Fixed-L2,0.0,0.0,0.0,138.7366,99.90138000000003,0.6157777777777778,0,1.0,1.0,1.0
2,coupled_extreme,0,1.35,Contextual-Thompson,0.09450453033392817,0.06847669333129029,0.08149061183260922,568.4508,72.53867491111114,187.8302222222222,14,0.0,0.5877777777777777,0.8655555555555555
2,coupled_extreme,0,0.6,Threshold-Projected,0.13573329901413542,0.0959392570894336,0.11583627805178451,94.1408,34.56772444444447,11.726444444444443,17,0.0,0.0,0.7111111111111111
2,coupled_extreme,1,1.35,Greedy-Online,0.10859716950613185,0.06742333235272556,0.08801025092942871,501.6887,69.07034428888892,21.22244444444444,41,0.0,0.5522222222222222,0.8144444444444444
2,coupled_extreme,0,0.9,Greedy-Online,0.12930804322861886,0.08226329935581848,0.10578567129221866,315.2026,43.253427600000045,17.16611111111111,19,0.0,0.02,0.98
2,coupled_extreme,1,1.35,Proposed-Exact-Online,0.09671468512830142,0.07173732817688398,0.0842260066525927,426.9253,71.84551593333337,24.90888888888889,11,0.0,0.5811111111111111,0.8544444444444445
2,coupled_extreme,1,0.35,Greedy-Online,0.13573329901413542,0.1348270933008423,0.13528019615748887,208.2421,15.995503555555562,14.488444444444445,2,0.0,0.0,0.04888888888888889
2,coupled_extreme,1,0.35,Proposed-Exact-Online,0.13573329901413542,0.1346742498072216,0.1352037744106785,212.3237,15.870857777777784,18.407,2,0.0,0.0,0.044444444444444446
2,coupled_extreme,1,0.6,Discounted-LinUCB,0.13573329901413542,0.07963752500055042,0.10768541200734291,392.7374,38.05780622222226,159.692,2,0.0,0.0,0.8355555555555556
2,coupled_extreme,1,0.9,Fixed-L1,0.13573329901413542,0.134592893537979,0.13516309627605722,46.3678,14.624400000000007,0.34488888888888886,0,0.0,0.0,0.0
2,coupled_extreme,0,0.9,Contextual-Thompson,0.11961280900225968,0.09317371988816073,0.1063932644452102,463.3018,49.47985533333337,178.68744444444445,17,0.0,0.23333333333333334,0.7666666666666667
2,coupled_extreme,0,0.35,Contextual-Thompson,0.13573329901413542,0.1348270933008423,0.13528019615748887,296.667,15.995503555555562,133.63066666666668,2,0.0,0.0,0.04888888888888889
3,storm_passage,0,0.35,Discounted-LinUCB,0.1506294106264182,0.1231988429605867,0.13691412679350246,277.8788,16.05782644444445,117.40733333333334,2,0.0,0.0,0.051111111111111114
3,storm_passage,1,1.35,Fixed-L1,0.1506294106264182,0.12316309166168699,0.13689625114405257,47.7797,14.624400000000007,0.38011111111111107,0,0.0,0.0,0.0
3,storm_passage,0,0.6,Switch-Aware-Greedy,0.1506294106264182,0.08279532866892005,0.11671236964766912,272.7504,32.38642333333336,17.84411111111111,3,0.0,0.0,0.6333333333333333
3,storm_passage,1,1.35,Proposed-Exact-Online,0.13456835947781387,0.08500941519361184,0.10978888733571285,390.057,65.03690922222225,22.403444444444442,15,0.0,0.6222222222222222,0.5277777777777778
3,storm_passage,0,0.6,Proposed-Exact-Online,0.1506294106264182,0.08279532866892005,0.11671236964766912,274.9081,32.38642333333336,19.44333333333333,3,0.0,0.0,0.6333333333333333
3,storm_passage,0,1.35,Fixed-L2,0.0,0.0,0.0,221.7129,99.90138000000003,0.7195555555555555,0,0.56,1.0,1.0
3,storm_passage,1,0.9,Fixed-L2,0.0,0.0,0.0,181.1851,99.90138000000003,2.1017777777777775,0,1.0,1.0,1.0
3,storm_passage,1,1.35,Threshold-Projected,0.1186597309173116,0.10938003774630978,0.11401988433181069,71.1621,30.4685006888889,8.630444444444445,25,0.0,0.14888888888888888,0.2611111111111111
3,storm_passage,0,0.6,Fixed-L1,0.1506294106264182,0.12316309166168699,0.13689625114405257,46.0806,14.624400000000007,0.34955555555555545,0,0.0,0.0,0.0
3,storm_passage,0,0.35,Fixed-L2,0.0,0.0,0.0,146.1857,99.90138000000003,0.6198888888888888,0,1.0,1.0,1.0
3,storm_passage,0,0.6,Threshold-Projected,0.1506294106264182,0.09275707691052867,0.12169324376847343,62.0356,21.137141888888898,9.172666666666666,12,0.0,0.0,0.23222222222222222
3,storm_passage,1,0.35,Fixed-L2,0.0,0.0,0.0,144.1456,99.90138000000003,0.6114444444444443,0,1.0,1.0,1.0
3,storm_passage,1,0.6,Fixed-L2,0.0,0.0,0.0,146.0887,99.90138000000003,0.7057777777777778,0,1.0,1.0,1.0
3,storm_passage,0,0.9,Threshold-Projected,0.13865084158470634,0.1311003398469501,0.13487559071582822,71.2747,24.178622577777787,9.533777777777779,27,0.0,0.07111111111111111,0.19555555555555557
3,storm_passage,1,1.35,Discounted-LinUCB,0.09898279524554236,0.09732480774546957,0.09815380149550597,576.475,77.55941402222224,164.7603333333333,30,0.0,0.7822222222222223,0.6477777777777778
3,storm_passage,0,0.6,Discounted-LinUCB,0.1506294106264182,0.08037922179782153,0.11550431621211986,394.7098,38.18245200000004,163.45899999999997,2,0.0,0.0,0.84
3,storm_passage,1,0.35,Switch-Aware-Greedy,0.1506294106264182,0.12316309166168699,0.13689625114405257,200.7733,14.624400000000007,13.342444444444446,0,0.0,0.0,0.0
3,storm_passage,1,1.35,Fixed-L2,0.0,0.0,0.0,148.7762,99.90138000000003,0.6484444444444444,0,0.56,1.0,1.0
3,storm_passage,0,1.35,Threshold-Projected,0.1186597309173116,0.10938003774630978,0.11401988433181069,66.135,30.4685006888889,8.12288888888889,25,0.0,0.14888888888888888,0.2611111111111111
3,storm_passage,0,0.35,Fixed-L1,0.1506294106264182,0.12316309166168699,0.13689625114405257,45.3206,14.624400000000007,0.34477777777777774,0,0.0,0.0,0.0
3,storm_passage,1,0.6,Greedy-Online,0.1506294106264182,0.08560583630100863,0.1181176234637134,264.8805,30.890674000000022,15.353000000000002,13,0.0,0.0,0.58
3,storm_passage,1,0.35,Threshold-Projected,0.1506294106264182,0.12316309166168699,0.13689625114405257,52.5241,14.624400000000007,9.028,0,0.0,0.0,0.0
3,storm_passage,1,0.9,Greedy-Online,0.1408522229009032,0.10383311559386994,0.12234266924738657,304.578,43.643790155555585,15.68288888888889,38,0.0,0.22555555555555556,0.5744444444444444
3,storm_passage,0,1.35,Contextual-Thompson,0.09665456411827655,0.09461782936476376,0.09563619674152016,652.4708,76.98836508888893,194.1468888888889,30,0.0,0.7733333333333333,0.6455555555555555
3,storm_passage,1,0.6,Proposed-Exact-Online,0.1506294106264182,0.08279532866892005,0.11671236964766912,343.2262,32.38642333333336,24.953333333333333,3,0.0,0.0,0.6333333333333333
3,storm_passage,1,0.9,Discounted-LinUCB,0.13629194069602243,0.12200026509482112,0.12914610289542178,649.7216,52.94979162222226,215.11,13,0.0,0.3522222222222222,0.6477777777777778
3,storm_passage,1,1.35,Contextual-Thompson,0.09665456411827655,0.09461782936476376,0.09563619674152016,638.9828,76.98836508888893,191.29177777777778,30,0.0,0.7733333333333333,0.6455555555555555
3,storm_passage,0,0.6,Greedy-Online,0.1506294106264182,0.08560583630100863,0.1181176234637134,281.0626,30.890674000000022,16.794888888888888,13,0.0,0.0,0.58
3,storm_passage,0,1.35,Proposed-Exact-Online,0.13456835947781387,0.08500941519361184,0.10978888733571285,409.7009,65.03690922222225,24.955222222222222,15,0.0,0.6222222222222222,0.5277777777777778
3,storm_passage,0,0.35,Proposed-Exact-Online,0.1506294106264182,0.12316309166168699,0.13689625114405257,214.6656,14.624400000000007,18.378777777777774,0,0.0,0.0,0.0
3,storm_passage,1,0.35,Fixed-L1,0.1506294106264182,0.12316309166168699,0.13689625114405257,45.6347,14.624400000000007,0.36744444444444435,0,0.0,0.0,0.0
3,storm_passage,0,1.35,Switch-Aware-Greedy,0.14150806704707194,0.08984126671799818,0.11567466688253505,387.3825,60.983245333333365,20.916666666666668,6,0.0,0.48333333333333334,0.6666666666666666
3,storm_passage,1,0.9,Threshold-Projected,0.13865084158470634,0.1311003398469501,0.13487559071582822,68.0053,24.178622577777787,8.890222222222222,27,0.0,0.07111111111111111,0.19555555555555557
3,storm_passage,1,0.6,Discounted-LinUCB,0.1506294106264182,0.08037922179782153,0.11550431621211986,410.1983,38.18245200000004,167.99122222222223,2,0.0,0.0,0.84
3,storm_passage,1,0.6,Contextual-Thompson,0.1506294106264182,0.08054253203940442,0.1155859713329113,443.3566,38.1512905555556,193.36833333333334,3,0.0,0.0,0.8388888888888889
3,storm_passage,0,0.9,Proposed-Exact-Online,0.13983634355553182,0.08584791302233849,0.11284212828893515,356.5158,49.64200188888893,23.335888888888892,3,0.0,0.2388888888888889,0.7611111111111111
3,storm_passage,1,0.9,Proposed-Exact-Online,0.13983634355553182,0.08584791302233849,0.11284212828893515,344.2552,49.64200188888893,23.057888888888886,3,0.0,0.2388888888888889,0.7611111111111111
3,storm_passage,1,0.35,Proposed-Exact-Online,0.1506294106264182,0.12316309166168699,0.13689625114405257,212.1913,14.624400000000007,19.13222222222222,0,0.0,0.0,0.0
3,storm_passage,1,0.6,Switch-Aware-Greedy,0.1506294106264182,0.08279532866892005,0.11671236964766912,337.378,32.38642333333336,25.226222222222226,3,0.0,0.0,0.6333333333333333
3,storm_passage,1,0.9,Switch-Aware-Greedy,0.1469279681135577,0.054552664740990374,0.10074031642727405,360.4725,50.45273466666671,21.330555555555556,1,0.0,0.26666666666666666,0.7333333333333333
3,storm_passage,0,0.35,Switch-Aware-Greedy,0.1506294106264182,0.12316309166168699,0.13689625114405257,214.8938,14.624400000000007,15.312333333333333,0,0.0,0.0,0.0
3,storm_passage,1,0.6,Threshold-Projected,0.1506294106264182,0.09275707691052867,0.12169324376847343,62.5173,21.137141888888898,9.101777777777778,12,0.0,0.0,0.23222222222222222
3,storm_passage,0,0.6,Contextual-Thompson,0.1506294106264182,0.08054253203940442,0.1155859713329113,446.99,38.1512905555556,196.05,3,0.0,0.0,0.8388888888888889
3,storm_passage,1,1.35,Greedy-Online,0.14123286640316204,0.08422353523658517,0.11272820081987361,422.5236,61.58038424444448,19.772444444444442,10,0.0,0.48777777777777775,0.6788888888888889
3,storm_passage,1,0.35,Contextual-Thompson,0.1506294106264182,0.1231988429605867,0.13691412679350246,330.8279,16.05782644444445,146.80022222222223,2,0.0,0.0,0.051111111111111114
3,storm_passage,1,1.35,Switch-Aware-Greedy,0.14150806704707194,0.08984126671799818,0.11567466688253505,429.1814,60.983245333333365,23.82922222222222,6,0.0,0.48333333333333334,0.6666666666666666
3,storm_passage,0,1.35,Fixed-L1,0.1506294106264182,0.12316309166168699,0.13689625114405257,50.2884,14.624400000000007,0.3904444444444444,0,0.0,0.0,0.0
3,storm_passage,0,1.35,Discounted-LinUCB,0.09898279524554236,0.09732480774546957,0.09815380149550597,657.0628,77.55941402222224,184.37877777777777,30,0.0,0.7822222222222223,0.6477777777777778
3,storm_passage,1,0.35,Greedy-Online,0.1506294106264182,0.1231632823692323,0.13689634649782523,243.9755,14.71788433333334,18.64388888888889,6,0.0,0.0,0.0033333333333333335
3,storm_passage,1,0.6,Fixed-L1,0.1506294106264182,0.12316309166168699,0.13689625114405257,49.4963,14.624400000000007,0.371,0,0.0,0.0,0.0
3,storm_passage,0,0.9,Greedy-Online,0.1408522229009032,0.10383311559386994,0.12234266924738657,357.7398,43.643790155555585,19.341777777777775,38,0.0,0.22555555555555556,0.5744444444444444
3,storm_passage,0,0.9,Contextual-Thompson,0.1362256234151219,0.12206264464559252,0.1291441340303572,641.3572,53.14436748888892,236.29744444444447,11,0.0,0.35888888888888887,0.6411111111111111
3,storm_passage,0,1.35,Greedy-Online,0.14123286640316204,0.08422353523658517,0.11272820081987361,411.6619,61.58038424444448,18.78388888888889,10,0.0,0.48777777777777775,0.6788888888888889
3,storm_passage,0,0.9,Fixed-L1,0.1506294106264182,0.12316309166168699,0.13689625114405257,46.6895,14.624400000000007,0.3471111111111111,0,0.0,0.0,0.0
3,storm_passage,0,0.35,Greedy-Online,0.1506294106264182,0.1231632823692323,0.13689634649782523,209.8955,14.71788433333334,15.013777777777777,6,0.0,0.0,0.0033333333333333335
3,storm_passage,0,0.9,Discounted-LinUCB,0.13629194069602243,0.12200026509482112,0.12914610289542178,477.1223,52.94979162222226,162.45822222222222,13,0.0,0.3522222222222222,0.6477777777777778
3,storm_passage,0,0.35,Threshold-Projected,0.1506294106264182,0.12316309166168699,0.13689625114405257,56.2124,14.624400000000007,9.60988888888889,0,0.0,0.0,0.0
3,storm_passage,0,0.9,Fixed-L2,0.0,0.0,0.0,159.9927,99.90138000000003,0.7041111111111111,0,1.0,1.0,1.0
3,storm_passage,1,0.35,Discounted-LinUCB,0.1506294106264182,0.1231988429605867,0.13691412679350246,293.0944,16.05782644444445,123.85388888888889,2,0.0,0.0,0.051111111111111114
3,storm_passage,0,0.35,Contextual-Thompson,0.1506294106264182,0.1231988429605867,0.13691412679350246,304.1427,16.05782644444445,136.31011111111113,2,0.0,0.0,0.051111111111111114
3,storm_passage,1,0.9,Contextual-Thompson,0.1362256234151219,0.12206264464559252,0.1291441340303572,547.6201,53.14436748888892,196.73411111111113,11,0.0,0.35888888888888887,0.6411111111111111
3,storm_passage,0,0.9,Switch-Aware-Greedy,0.1469279681135577,0.054552664740990374,0.10074031642727405,375.8692,50.45273466666671,22.08122222222222,1,0.0,0.26666666666666666,0.7333333333333333
3,storm_passage,0,0.6,Fixed-L2,0.0,0.0,0.0,253.68,99.90138000000003,0.7603333333333333,0,1.0,1.0,1.0
3,storm_passage,1,0.9,Fixed-L1,0.1506294106264182,0.12316309166168699,0.13689625114405257,48.0366,14.624400000000007,0.4086666666666666,0,0.0,0.0,0.0
3,multi_squall,1,0.35,Contextual-Thompson,0.12074445427879126,0.06983311769767309,0.09528878598823218,326.5291,16.05782644444445,145.19211111111113,6,0.0,0.0,0.051111111111111114
3,multi_squall,1,0.6,Threshold-Projected,0.12074445427879126,0.06062380364633398,0.09068412896256262,79.4075,31.233449888888913,10.897333333333334,13,0.0,0.0,0.5922222222222222
3,multi_squall,1,0.6,Fixed-L2,0.0,0.0,0.0,182.1027,99.90138000000003,0.712,0,1.0,1.0,1.0
3,multi_squall,1,0.6,Contextual-Thompson,0.12074445427879126,0.057109124103346065,0.08892678919106867,566.1396,37.90199900000004,244.59488888888885,2,0.0,0.0,0.83
3,multi_squall,0,0.9,Threshold-Projected,0.11155933524190997,0.07045916381560531,0.09100924952875764,92.3287,39.875255888888915,10.789777777777777,22,0.0,0.2,0.4922222222222222
3,multi_squall,0,1.35,Contextual-Thompson,0.06174490012728069,0.0961761331932213,0.078960516660251,702.8626,77.57989731111114,216.1932222222222,14,0.0,0.7455555555555555,0.7233333333333334
3,multi_squall,0,0.35,Switch-Aware-Greedy,0.12074445427879126,0.06983944483689045,0.09529194955784084,257.8576,15.870857777777784,16.67988888888889,4,0.0,0.0,0.044444444444444446
3,multi_squall,1,0.35,Switch-Aware-Greedy,0.12074445427879126,0.06983944483689045,0.09529194955784084,222.2308,15.870857777777784,15.961333333333334,4,0.0,0.0,0.044444444444444446
3,multi_squall,0,0.6,Fixed-L1,0.12074445427879126,0.06986444556362889,0.09530444992121007,50.506,14.624400000000007,0.44666666666666666,0,0.0,0.0,0.0
3,multi_squall,1,1.35,Proposed-Exact-Online,0.05185900165442939,0.09776859595500173,0.07481379880471556,520.7769,78.62017100000004,27.763555555555556,9,0.0,0.7833333333333333,0.6833333333333333
3,multi_squall,0,1.35,Proposed-Exact-Online,0.05185900165442939,0.09776859595500173,0.07481379880471556,502.6348,78.62017100000004,28.358222222222224,9,0.0,0.7833333333333333,0.6833333333333333
3,multi_squall,0,0.9,Discounted-LinUCB,0.1057791896387317,0.053679139569399494,0.0797291646040656,481.1701,52.57585428888893,164.79222222222222,21,0.0,0.3522222222222222,0.6344444444444445
3,multi_squall,0,0.9,Fixed-L2,0.0,0.0,0.0,153.5831,99.90138000000003,0.688,0,1.0,1.0,1.0
3,multi_squall,0,0.6,Switch-Aware-Greedy,0.12074445427879126,0.05711020733007893,0.0889273308044351,291.574,37.83967611111115,19.607,2,0.0,0.0,0.8277777777777777
3,multi_squall,0,0.6,Threshold-Projected,0.12074445427879126,0.06062380364633398,0.09068412896256262,73.536,31.233449888888913,10.619111111111112,13,0.0,0.0,0.5922222222222222
3,multi_squall,1,0.35,Fixed-L2,0.0,0.0,0.0,153.3999,99.90138000000003,0.6674444444444445,0,1.0,1.0,1.0
3,multi_squall,0,0.35,Greedy-Online,0.12074445427879126,0.06978960036610536,0.09526702732244831,212.5838,16.12014933333334,15.198222222222224,12,0.0,0.0,0.05333333333333334
3,multi_squall,0,0.9,Fixed-L1,0.12074445427879126,0.06986444556362889,0.09530444992121007,42.3387,14.624400000000007,0.3233333333333333,0,0.0,0.0,0.0
3,multi_squall,1,1.35,Contextual-Thompson,0.06174490012728069,0.0961761331932213,0.078960516660251,730.1102,77.57989731111114,229.42855555555556,14,0.0,0.7455555555555555,0.7233333333333334
3,multi_squall,0,0.6,Fixed-L2,0.0,0.0,0.0,172.7467,99.90138000000003,0.7471111111111111,0,1.0,1.0,1.0
3,multi_squall,1,0.6,Switch-Aware-Greedy,0.12074445427879126,0.05711020733007893,0.0889273308044351,299.0145,37.83967611111115,19.412666666666667,2,0.0,0.0,0.8277777777777777
3,multi_squall,0,1.35,Discounted-LinUCB,0.048596291458299884,0.09960560000179364,0.07410094573004676,619.9204,80.17424220000002,172.78233333333333,15,0.0,0.8344444444444444,0.6344444444444445
3,multi_squall,0,0.9,Contextual-Thompson,0.10051288721311546,0.06484538168918882,0.08267913445115214,483.5476,55.04048193333336,167.5692222222222,17,0.0,0.43666666666666665,0.55
3,multi_squall,1,1.35,Fixed-L2,0.0,0.0,0.0,154.1992,99.90138000000003,0.68,0,0.5311111111111111,1.0,1.0
3,multi_squall,1,0.35,Discounted-LinUCB,0.12074445427879126,0.06983311769767309,0.09528878598823218,281.722,16.05782644444445,119.06777777777778,6,0.0,0.0,0.051111111111111114
3,multi_squall,1,0.6,Fixed-L1,0.12074445427879126,0.06986444556362889,0.09530444992121007,47.3202,14.624400000000007,0.37011111111111106,0,0.0,0.0,0.0
3,multi_squall,1,1.35,Fixed-L1,0.12074445427879126,0.06986444556362889,0.09530444992121007,44.687,14.624400000000007,0.3688888888888889,0,0.0,0.0,0.0
3,multi_squall,0,1.35,Greedy-Online,0.0968423595184809,0.07354277614383065,0.08519256783115578,403.828,65.06793028888893,18.44077777777778,42,0.0,0.4855555555555556,0.8077777777777778
3,multi_squall,0,0.9,Switch-Aware-Greedy,0.11080242520344442,0.07294785859290126,0.09187514189817284,356.1712,50.24474748888892,21.129777777777775,3,0.0,0.27555555555555555,0.7077777777777777
3,multi_squall,0,0.35,Threshold-Projected,0.12074445427879126,0.06981533031026015,0.0952798922945257,60.7664,16.244795111111117,11.525,8,0.0,0.0,0.057777777777777775
3,multi_squall,0,1.35,Switch-Aware-Greedy,0.04912618326746478,0.09924481458609617,0.07418549892678047,457.5974,78.94446411111115,22.384777777777778,4,0.0,0.7944444444444444,0.6722222222222223
3,multi_squall,0,0.6,Discounted-LinUCB,0.12074445427879126,0.057109124103346065,0.08892678919106867,466.8849,37.90199900000004,190.2178888888889,2,0.0,0.0,0.83
3,multi_squall,1,0.35,Threshold-Projected,0.12074445427879126,0.06981533031026015,0.0952798922945257,77.8395,16.244795111111117,13.69111111111111,8,0.0,0.0,0.057777777777777775
3,multi_squall,0,0.35,Discounted-LinUCB,0.12074445427879126,0.06983311769767309,0.09528878598823218,326.8051,16.05782644444445,133.17455555555557,6,0.0,0.0,0.051111111111111114
3,multi_squall,1,0.6,Greedy-Online,0.12074445427879126,0.057109124103346065,0.08892678919106867,308.6572,37.90199900000004,17.656555555555556,2,0.0,0.0,0.83
3,multi_squall,0,1.35,Fixed-L2,0.0,0.0,0.0,150.5164,99.90138000000003,0.6737777777777776,0,0.5311111111111111,1.0,1.0
3,multi_squall,1,0.6,Proposed-Exact-Online,0.12074445427879126,0.05711020733007893,0.0889273308044351,307.6319,37.83967611111115,21.941444444444443,2,0.0,0.0,0.8277777777777777
3,multi_squall,0,0.6,Greedy-Online,0.12074445427879126,0.057109124103346065,0.08892678919106867,317.4265,37.90199900000004,18.09911111111111,2,0.0,0.0,0.83
3,multi_squall,0,0.6,Proposed-Exact-Online,0.12074445427879126,0.05711020733007893,0.0889273308044351,319.2152,37.83967611111115,22.825333333333333,2,0.0,0.0,0.8277777777777777
3,multi_squall,0,0.35,Fixed-L2,0.0,0.0,0.0,152.4628,99.90138000000003,0.6714444444444444,0,1.0,1.0,1.0
3,multi_squall,1,0.35,Proposed-Exact-Online,0.12074445427879126,0.06983944483689045,0.09529194955784084,221.1999,15.870857777777784,19.08022222222222,4,0.0,0.0,0.044444444444444446
3,multi_squall,0,0.9,Greedy-Online,0.12023941674560279,0.06105907825701252,0.09064924750130765,333.308,42.84432780000004,18.375333333333334,19,0.0,0.07111111111111111,0.8611111111111112
3,multi_squall,0,0.6,Contextual-Thompson,0.12074445427879126,0.057109124103346065,0.08892678919106867,424.2452,37.90199900000004,182.50733333333332,2,0.0,0.0,0.83
3,multi_squall,0,1.35,Fixed-L1,0.12074445427879126,0.06986444556362889,0.09530444992121007,45.0892,14.624400000000007,0.34311111111111103,0,0.0,0.0,0.0
3,multi_squall,1,0.35,Greedy-Online,0.12074445427879126,0.06978960036610536,0.09526702732244831,220.2248,16.12014933333334,15.363555555555555,12,0.0,0.0,0.05333333333333334
3,multi_squall,0,0.9,Proposed-Exact-Online,0.10753829870955042,0.06088414577154805,0.08421122224054924,363.3401,48.493564688888924,23.94633333333333,9,0.0,0.21555555555555556,0.7677777777777778
3,multi_squall,1,0.9,Greedy-Online,0.12023941674560279,0.06105907825701252,0.09064924750130765,335.4282,42.84432780000004,17.993222222222222,19,0.0,0.07111111111111111,0.8611111111111112
3,multi_squall,0,0.35,Proposed-Exact-Online,0.12074445427879126,0.06983944483689045,0.09529194955784084,234.5981,15.870857777777784,21.137444444444444,4,0.0,0.0,0.044444444444444446
3,multi_squall,1,0.9,Switch-Aware-Greedy,0.11080242520344442,0.07294785859290126,0.09187514189817284,453.604,50.24474748888892,26.682555555555556,3,0.0,0.27555555555555555,0.7077777777777777
3,multi_squall,1,1.35,Threshold-Projected,0.07603377063071384,0.10190754527295526,0.08897065795183455,114.9051,54.260713177777795,10.275444444444446,24,0.0,0.4633333333333333,0.4677777777777778
3,multi_squall,1,1.35,Greedy-Online,0.0968423595184809,0.07354277614383065,0.08519256783115578,406.9431,65.06793028888893,18.790555555555557,42,0.0,0.4855555555555556,0.8077777777777778
3,multi_squall,1,0.9,Fixed-L2,0.0,0.0,0.0,163.5538,99.90138000000003,0.6654444444444443,0,1.0,1.0,1.0
3,multi_squall,1,0.9,Threshold-Projected,0.11155933524190997,0.07045916381560531,0.09100924952875764,85.7044,39.875255888888915,10.449222222222222,22,0.0,0.2,0.4922222222222222
3,multi_squall,1,0.35,Fixed-L1,0.12074445427879126,0.06986444556362889,0.09530444992121007,47.0451,14.624400000000007,0.383,0,0.0,0.0,0.0
3,multi_squall,1,0.9,Contextual-Thompson,0.10051288721311546,0.06484538168918882,0.08267913445115214,531.7159,55.04048193333336,181.74422222222222,17,0.0,0.43666666666666665,0.55
3,multi_squall,1,0.9,Fixed-L1,0.12074445427879126,0.06986444556362889,0.09530444992121007,47.0649,14.624400000000007,0.371,0,0.0,0.0,0.0
3,multi_squall,0,0.35,Fixed-L1,0.12074445427879126,0.06986444556362889,0.09530444992121007,49.7502,14.624400000000007,0.3844444444444444,0,0.0,0.0,0.0
3,multi_squall,1,1.35,Discounted-LinUCB,0.048596291458299884,0.09960560000179364,0.07410094573004676,629.174,80.17424220000002,175.71277777777777,15,0.0,0.8344444444444444,0.6344444444444445
3,multi_squall,0,1.35,Threshold-Projected,0.07603377063071384,0.10190754527295526,0.08897065795183455,107.1025,54.260713177777795,9.968666666666667,24,0.0,0.4633333333333333,0.4677777777777778
3,multi_squall,0,0.35,Contextual-Thompson,0.12074445427879126,0.06983311769767309,0.09528878598823218,305.4325,16.05782644444445,138.4128888888889,6,0.0,0.0,0.051111111111111114
3,multi_squall,1,1.35,Switch-Aware-Greedy,0.04912618326746478,0.09924481458609617,0.07418549892678047,454.4487,78.94446411111115,21.855,4,0.0,0.7944444444444444,0.6722222222222223
3,multi_squall,1,0.9,Discounted-LinUCB,0.1057791896387317,0.053679139569399494,0.0797291646040656,472.5374,52.57585428888893,161.6748888888889,21,0.0,0.3522222222222222,0.6344444444444445
3,multi_squall,1,0.9,Proposed-Exact-Online,0.10753829870955042,0.06088414577154805,0.08421122224054924,410.8852,48.493564688888924,28.820666666666668,9,0.0,0.21555555555555556,0.7677777777777778
3,multi_squall,1,0.6,Discounted-LinUCB,0.12074445427879126,0.057109124103346065,0.08892678919106867,536.5657,37.90199900000004,222.76866666666666,2,0.0,0.0,0.83
3,speed_manoeuvre,0,0.9,Threshold-Projected,0.0780497453250949,0.08805922835913205,0.08305448684211347,73.2802,25.87368144444446,8.676777777777778,6,0.0,0.0,0.4011111111111111
3,speed_manoeuvre,0,0.9,Switch-Aware-Greedy,0.05474566348731262,0.0748038661217913,0.06477476480455197,367.9123,50.37446473333336,22.287555555555556,3,0.0,0.28,0.7033333333333334
3,speed_manoeuvre,1,1.35,Fixed-L1,0.0780497453250949,0.1577542839776367,0.1179020146513658,50.0932,14.624400000000007,0.3694444444444444,0,0.0,0.0,0.0
3,speed_manoeuvre,0,0.6,Fixed-L1,0.0780497453250949,0.1577542839776367,0.1179020146513658,50.8907,14.624400000000007,0.3862222222222222,0,0.0,0.0,0.0
3,speed_manoeuvre,0,1.35,Proposed-Exact-Online,0.04689971660583949,0.03321759978350955,0.040058658194674523,520.3619,74.07372811111115,28.560333333333332,9,0.0,0.6222222222222222,0.85
3,speed_manoeuvre,0,0.35,Fixed-L2,0.0,0.0,0.0,166.6465,99.90138000000003,0.7167777777777776,0,1.0,1.0,1.0
3,speed_manoeuvre,1,0.35,Fixed-L1,0.0780497453250949,0.1577542839776367,0.1179020146513658,52.3723,14.624400000000007,0.37677777777777777,0,0.0,0.0,0.0
3,speed_manoeuvre,0,0.9,Fixed-L2,0.0,0.0,0.0,205.8182,99.90138000000003,0.8166666666666665,0,1.0,1.0,1.0
3,speed_manoeuvre,0,1.35,Fixed-L1,0.0780497453250949,0.1577542839776367,0.1179020146513658,57.401,14.624400000000007,0.43311111111111106,0,0.0,0.0,0.0
3,speed_manoeuvre,1,0.35,Proposed-Exact-Online,0.0780497453250949,0.15433060040833693,0.11619017286671592,264.3537,16.12014933333334,24.485111111111113,2,0.0,0.0,0.05333333333333334
3,speed_manoeuvre,1,0.35,Greedy-Online,0.0780497453250949,0.1540872472603368,0.11606849629271584,276.128,16.213633666666674,20.34977777777778,2,0.0,0.0,0.056666666666666664
3,speed_manoeuvre,1,0.35,Contextual-Thompson,0.0780497453250949,0.1540872472603368,0.11606849629271584,432.1337,16.213633666666674,185.09144444444448,2,0.0,0.0,0.056666666666666664
3,speed_manoeuvre,0,0.6,Fixed-L2,0.0,0.0,0.0,259.4851,99.90138000000003,1.700888888888889,0,1.0,1.0,1.0
3,speed_manoeuvre,1,0.6,Fixed-L1,0.0780497453250949,0.1577542839776367,0.1179020146513658,69.4045,14.624400000000007,1.8002222222222222,0,0.0,0.0,0.0
3,speed_manoeuvre,0,0.6,Proposed-Exact-Online,0.0780497453250949,0.08931429113268685,0.08368201822889088,408.1927,37.99548333333337,27.575444444444447,2,0.0,0.0,0.8333333333333334
3,speed_manoeuvre,1,0.35,Fixed-L2,0.0,0.0,0.0,173.6689,99.90138000000003,0.7537777777777778,0,1.0,1.0,1.0
3,speed_manoeuvre,1,1.35,Discounted-LinUCB,0.04964473080839425,0.02995731280961764,0.039801021809005944,800.9214,72.22018591111116,252.82244444444447,4,0.0,0.5544444444444444,0.9222222222222223
3,speed_manoeuvre,0,0.6,Switch-Aware-Greedy,0.0780497453250949,0.08931429113268685,0.08368201822889088,330.7597,37.99548333333337,21.924333333333333,2,0.0,0.0,0.8333333333333334
3,speed_manoeuvre,0,0.6,Greedy-Online,0.0780497453250949,0.08848266281415361,0.08326620406962426,342.5187,38.02664477777781,19.326888888888888,2,0.0,0.0,0.8344444444444444
3,speed_manoeuvre,0,0.35,Switch-Aware-Greedy,0.0780497453250949,0.15433060040833693,0.11619017286671592,227.1683,16.12014933333334,16.88277777777778,2,0.0,0.0,0.05333333333333334
3,speed_manoeuvre,1,0.9,Greedy-Online,0.07708048805657149,0.03616642043791494,0.056623454247243216,331.9366,38.81635904444448,18.52888888888889,18,0.0,0.03666666666666667,0.7877777777777778
3,speed_manoeuvre,1,0.6,Switch-Aware-Greedy,0.0780497453250949,0.08931429113268685,0.08368201822889088,324.7095,37.99548333333337,22.063333333333333,2,0.0,0.0,0.8333333333333334
3,speed_manoeuvre,0,1.35,Discounted-LinUCB,0.04964473080839425,0.02995731280961764,0.039801021809005944,611.3921,72.22018591111116,192.98588888888887,4,0.0,0.5544444444444444,0.9222222222222223
3,speed_manoeuvre,0,0.9,Fixed-L1,0.0780497453250949,0.1577542839776367,0.1179020146513658,47.3753,14.624400000000007,0.3696666666666666,0,0.0,0.0,0.0
3,speed_manoeuvre,0,0.35,Fixed-L1,0.0780497453250949,0.1577542839776367,0.1179020146513658,48.2954,14.624400000000007,0.3648888888888889,0,0.0,0.0,0.0
3,speed_manoeuvre,1,0.9,Contextual-Thompson,0.06383536769302134,0.04808675460827339,0.05596106115064736,457.9887,42.41728044444448,184.88911111111113,6,0.0,0.16111111111111112,0.6622222222222223
3,speed_manoeuvre,1,0.35,Discounted-LinUCB,0.0780497453250949,0.1540872472603368,0.11606849629271584,293.7804,16.213633666666674,124.89455555555556,2,0.0,0.0,0.056666666666666664
3,speed_manoeuvre,1,0.6,Contextual-Thompson,0.0780497453250949,0.08848266281415361,0.08326620406962426,466.9282,38.02664477777781,201.55899999999997,2,0.0,0.0,0.8344444444444444
3,speed_manoeuvre,1,0.6,Greedy-Online,0.0780497453250949,0.08848266281415361,0.08326620406962426,472.2394,38.02664477777781,27.326888888888888,2,0.0,0.0,0.8344444444444444
3,speed_manoeuvre,1,0.6,Proposed-Exact-Online,0.0780497453250949,0.08931429113268685,0.08368201822889088,305.7779,37.99548333333337,21.36,2,0.0,0.0,0.8333333333333334
3,speed_manoeuvre,1,0.35,Switch-Aware-Greedy,0.0780497453250949,0.15433060040833693,0.11619017286671592,218.1701,16.12014933333334,14.809000000000001,2,0.0,0.0,0.05333333333333334
3,speed_manoeuvre,1,0.9,Threshold-Projected,0.0780497453250949,0.08805922835913205,0.08305448684211347,69.7353,25.87368144444446,8.585333333333333,6,0.0,0.0,0.4011111111111111
3,speed_manoeuvre,0,1.35,Fixed-L2,0.0,0.0,0.0,161.188,99.90138000000003,0.6565555555555554,0,0.5233333333333333,1.0,1.0
3,speed_manoeuvre,1,1.35,Proposed-Exact-Online,0.04689971660583949,0.03321759978350955,0.040058658194674523,448.3988,74.07372811111115,25.333333333333332,9,0.0,0.6222222222222222,0.85
3,speed_manoeuvre,0,1.35,Threshold-Projected,0.0780497453250949,0.08805922835913205,0.08305448684211347,68.1363,25.87368144444446,9.134111111111112,6,0.0,0.0,0.4011111111111111
3,speed_manoeuvre,1,0.9,Proposed-Exact-Online,0.0636113429592638,0.043237648914586445,0.05342449593692512,333.8408,46.48294740000004,23.09877777777778,7,0.0,0.14666666666666667,0.8366666666666667
3,speed_manoeuvre,1,0.35,Threshold-Projected,0.0780497453250949,0.1540872472603368,0.11606849629271584,60.7313,16.213633666666674,10.447111111111111,2,0.0,0.0,0.056666666666666664
3,speed_manoeuvre,0,1.35,Greedy-Online,0.051149734716606055,0.05055990728122928,0.050854820998917666,420.6602,69.35353044444447,17.935333333333336,97,0.0,0.5,0.9311111111111111
3,speed_manoeuvre,0,1.35,Switch-Aware-Greedy,0.04974519731865522,0.03005628761451797,0.03990074246658659,447.1378,71.96582288888894,23.031111111111112,4,0.0,0.55,0.9222222222222223
3,speed_manoeuvre,1,1.35,Switch-Aware-Greedy,0.04974519731865522,0.03005628761451797,0.03990074246658659,448.502,71.96582288888894,23.316222222222226,4,0.0,0.55,0.9222222222222223
3,speed_manoeuvre,1,0.6,Discounted-LinUCB,0.0780497453250949,0.08848266281415361,0.08326620406962426,435.41,38.02664477777781,179.55800000000002,2,0.0,0.0,0.8344444444444444
3,speed_manoeuvre,1,0.6,Threshold-Projected,0.0780497453250949,0.11559320786328176,0.09682147659418833,72.6256,24.346770666666682,9.914111111111112,6,0.0,0.0,0.3466666666666667
3,speed_manoeuvre,1,0.9,Discounted-LinUCB,0.07050428334080637,0.04692454513138081,0.05871441423609359,498.0547,40.92553213333337,199.19055555555556,14,0.0,0.11,0.7133333333333334
3,speed_manoeuvre,1,0.9,Switch-Aware-Greedy,0.05474566348731262,0.0748038661217913,0.06477476480455197,494.2851,50.37446473333336,24.55922222222222,3,0.0,0.28,0.7033333333333334
3,speed_manoeuvre,0,0.6,Discounted-LinUCB,0.0780497453250949,0.08848266281415361,0.08326620406962426,436.8861,38.02664477777781,179.17911111111113,2,0.0,0.0,0.8344444444444444
3,speed_manoeuvre,1,0.9,Fixed-L2,0.0,0.0,0.0,160.0861,99.90138000000003,0.6819999999999999,0,1.0,1.0,1.0
3,speed_manoeuvre,0,0.35,Contextual-Thompson,0.0780497453250949,0.1540872472603368,0.11606849629271584,324.922,16.213633666666674,144.40155555555557,2,0.0,0.0,0.056666666666666664
3,speed_manoeuvre,1,0.6,Fixed-L2,0.0,0.0,0.0,149.224,99.90138000000003,0.6597777777777776,0,1.0,1.0,1.0
3,speed_manoeuvre,1,0.9,Fixed-L1,0.0780497453250949,0.1577542839776367,0.1179020146513658,50.3225,14.624400000000007,0.3785555555555555,0,0.0,0.0,0.0
3,speed_manoeuvre,0,0.6,Threshold-Projected,0.0780497453250949,0.11559320786328176,0.09682147659418833,69.7771,24.346770666666682,9.084555555555555,6,0.0,0.0,0.3466666666666667
3,speed_manoeuvre,1,1.35,Fixed-L2,0.0,0.0,0.0,164.7546,99.90138000000003,0.6828888888888888,0,0.5233333333333333,1.0,1.0
3,speed_manoeuvre,1,1.35,Greedy-Online,0.051149734716606055,0.05055990728122928,0.050854820998917666,464.4501,69.35353044444447,20.93922222222222,97,0.0,0.5,0.9311111111111111
3,speed_manoeuvre,0,0.9,Greedy-Online,0.07708048805657149,0.03616642043791494,0.056623454247243216,329.9311,38.81635904444448,18.644777777777776,18,0.0,0.03666666666666667,0.7877777777777778
3,speed_manoeuvre,0,0.35,Discounted-LinUCB,0.0780497453250949,0.1540872472603368,0.11606849629271584,300.6348,16.213633666666674,126.793,2,0.0,0.0,0.056666666666666664
3,speed_manoeuvre,1,1.35,Contextual-Thompson,0.04964473080839425,0.02995731280961764,0.039801021809005944,628.1727,72.22018591111116,211.6927777777778,4,0.0,0.5544444444444444,0.9222222222222223
3,speed_manoeuvre,0,0.35,Greedy-Online,0.0780497453250949,0.1540872472603368,0.11606849629271584,217.1361,16.213633666666674,15.288777777777778,2,0.0,0.0,0.056666666666666664
3,speed_manoeuvre,0,0.35,Proposed-Exact-Online,0.0780497453250949,0.15433060040833693,0.11619017286671592,249.5703,16.12014933333334,22.293222222222223,2,0.0,0.0,0.05333333333333334
3,speed_manoeuvre,1,1.35,Threshold-Projected,0.0780497453250949,0.08805922835913205,0.08305448684211347,73.0698,25.87368144444446,8.550777777777778,6,0.0,0.0,0.4011111111111111
3,speed_manoeuvre,0,0.35,Threshold-Projected,0.0780497453250949,0.1540872472603368,0.11606849629271584,59.123,16.213633666666674,9.159111111111113,2,0.0,0.0,0.056666666666666664
3,speed_manoeuvre,0,1.35,Contextual-Thompson,0.04964473080839425,0.02995731280961764,0.039801021809005944,808.1698,72.22018591111116,271.5833333333333,4,0.0,0.5544444444444444,0.9222222222222223
3,speed_manoeuvre,0,0.6,Contextual-Thompson,0.0780497453250949,0.08848266281415361,0.08326620406962426,470.0525,38.02664477777781,203.75277777777777,2,0.0,0.0,0.8344444444444444
3,speed_manoeuvre,0,0.9,Proposed-Exact-Online,0.0636113429592638,0.043237648914586445,0.05342449593692512,340.111,46.48294740000004,22.38722222222222,7,0.0,0.14666666666666667,0.8366666666666667
3,speed_manoeuvre,0,0.9,Contextual-Thompson,0.06383536769302134,0.04808675460827339,0.05596106115064736,453.2639,42.41728044444448,184.098,6,0.0,0.16111111111111112,0.6622222222222223
3,speed_manoeuvre,0,0.9,Discounted-LinUCB,0.07050428334080637,0.04692454513138081,0.05871441423609359,429.8177,40.92553213333337,170.38966666666667,14,0.0,0.11,0.7133333333333334
3,coupled_extreme,0,0.35,Threshold-Projected,0.135464993901267,0.13405361453203393,0.13475930421665047,63.6571,16.27595655555556,11.508333333333333,6,0.0,0.0,0.058888888888888886
3,coupled_extreme,0,0.6,Switch-Aware-Greedy,0.135464993901267,0.08065262261495222,0.10805880825810962,290.6233,37.683868888888924,18.432333333333332,3,0.0,0.0,0.8222222222222222
3,coupled_extreme,1,0.6,Threshold-Projected,0.135464993901267,0.09564834513501234,0.11555666951813967,75.1198,34.4430786666667,9.447,17,0.0,0.0,0.7066666666666667
3,coupled_extreme,1,1.35,Threshold-Projected,0.09537411291705743,0.11719325127987017,0.1062836820984638,95.6807,46.56682402222225,9.737222222222222,22,0.0,0.16555555555555557,0.8011111111111111
3,coupled_extreme,0,0.35,Proposed-Exact-Online,0.135464993901267,0.1343415015050316,0.13490324770314932,223.2535,16.05782644444445,19.25977777777778,4,0.0,0.0,0.051111111111111114
3,coupled_extreme,1,1.35,Greedy-Online,0.1082440505701437,0.028843827933825117,0.0685439392519844,428.6971,71.7871940666667,18.309222222222225,19,0.0,0.53,0.9566666666666667
3,coupled_extreme,1,0.35,Fixed-L1,0.135464993901267,0.13481149077153404,0.13513824233640054,47.2468,14.624400000000007,0.3544444444444444,0,0.0,0.0,0.0
3,coupled_extreme,1,0.35,Greedy-Online,0.135464993901267,0.13405361453203393,0.13475930421665047,247.2062,16.27595655555556,18.24744444444444,6,0.0,0.0,0.058888888888888886
3,coupled_extreme,1,1.35,Switch-Aware-Greedy,0.10984876556070529,0.019491768673247173,0.06467026711697624,658.4662,69.99143851111114,29.247888888888887,4,0.0,0.4855555555555556,0.9833333333333333
3,coupled_extreme,1,1.35,Fixed-L1,0.135464993901267,0.13481149077153404,0.13513824233640054,57.5675,14.624400000000007,0.6782222222222223,0,0.0,0.0,0.0
3,coupled_extreme,0,1.35,Fixed-L2,0.0,0.0,0.0,196.3252,99.90138000000003,0.747,0,0.5122222222222222,1.0,1.0
3,coupled_extreme,1,1.35,Proposed-Exact-Online,0.09297347873356997,0.09586974422286347,0.09442161147821672,539.9125,73.39651617777781,29.23011111111111,9,0.0,0.6022222222222222,0.8666666666666667
3,coupled_extreme,0,0.9,Greedy-Online,0.13255620080815722,0.09049992383583544,0.11152806232199633,345.3751,40.087244088888916,18.374777777777776,88,0.0,0.14,0.6222222222222222
3,coupled_extreme,1,0.6,Discounted-LinUCB,0.135464993901267,0.07936791348794248,0.10741645369460474,779.5452,37.93316044444448,324.5004444444445,2,0.0,0.0,0.8311111111111111
3,coupled_extreme,0,0.9,Switch-Aware-Greedy,0.135464993901267,0.0715369828656473,0.10350098838345716,702.014,41.26743500000004,46.379333333333335,3,0.0,0.0,0.95
3,coupled_extreme,0,0.6,Discounted-LinUCB,0.135464993901267,0.07936791348794248,0.10741645369460474,829.4688,37.93316044444448,342.4866666666667,2,0.0,0.0,0.8311111111111111
3,coupled_extreme,1,0.9,Greedy-Online,0.13255620080815722,0.09049992383583544,0.11152806232199633,859.9147,40.087244088888916,56.548222222222215,88,0.0,0.14,0.6222222222222222
3,coupled_extreme,1,0.6,Fixed-L2,0.0,0.0,0.0,370.5527,99.90138000000003,1.3646666666666665,0,1.0,1.0,1.0
3,coupled_extreme,1,1.35,Contextual-Thompson,0.07996063320296745,0.09306309382741476,0.0865118635151911,1194.0415,73.73548846666671,385.24333333333334,11,0.0,0.5988888888888889,0.8855555555555555
3,coupled_extreme,1,0.9,Proposed-Exact-Online,0.11600390174196654,0.13978886294941112,0.12789638234568884,703.3099,46.299527866666686,43.55622222222222,11,0.0,0.39555555555555555,0.32222222222222224
3,coupled_extreme,1,0.9,Fixed-L2,0.0,0.0,0.0,312.43,99.90138000000003,1.7537777777777777,0,1.0,1.0,1.0
3,coupled_extreme,0,0.6,Fixed-L1,0.135464993901267,0.13481149077153404,0.13513824233640054,86.962,14.624400000000007,0.6281111111111111,0,0.0,0.0,0.0
3,coupled_extreme,0,0.6,Proposed-Exact-Online,0.135464993901267,0.08065262261495222,0.10805880825810962,599.3191,37.683868888888924,41.70333333333333,3,0.0,0.0,0.8222222222222222
3,coupled_extreme,0,0.35,Fixed-L1,0.135464993901267,0.13481149077153404,0.13513824233640054,82.2726,14.624400000000007,0.6796666666666666,0,0.0,0.0,0.0
3,coupled_extreme,1,0.9,Switch-Aware-Greedy,0.135464993901267,0.0715369828656473,0.10350098838345716,593.3906,41.26743500000004,38.395,3,0.0,0.0,0.95
3,coupled_extreme,1,0.35,Switch-Aware-Greedy,0.135464993901267,0.1343415015050316,0.13490324770314932,525.6069,16.05782644444445,40.35944444444444,4,0.0,0.0,0.051111111111111114
3,coupled_extreme,1,0.9,Fixed-L1,0.135464993901267,0.13481149077153404,0.13513824233640054,122.0448,14.624400000000007,0.8286666666666664,0,0.0,0.0,0.0
3,coupled_extreme,1,0.6,Contextual-Thompson,0.135464993901267,0.07963475392404212,0.10754987391265457,1019.6441,37.90199900000004,449.9168888888888,3,0.0,0.0,0.83
3,coupled_extreme,1,0.9,Threshold-Projected,0.12058914965333467,0.1287326520832319,0.12466090086828328,191.5148,40.68204468888892,21.05344444444444,21,0.0,0.08777777777777777,0.75
3,coupled_extreme,0,1.35,Greedy-Online,0.1082440505701437,0.028843827933825117,0.0685439392519844,783.4271,71.7871940666667,33.229222222222226,19,0.0,0.53,0.9566666666666667
3,coupled_extreme,0,1.35,Proposed-Exact-Online,0.09297347873356997,0.09586974422286347,0.09442161147821672,497.668,73.39651617777781,29.349333333333334,9,0.0,0.6022222222222222,0.8666666666666667
3,coupled_extreme,0,0.9,Discounted-LinUCB,0.119592428274667,0.10543461870398443,0.11251352348932572,507.6383,49.07148817777781,186.26611111111112,16,0.0,0.2577777777777778,0.7022222222222222
3,coupled_extreme,0,0.6,Threshold-Projected,0.135464993901267,0.09564834513501234,0.11555666951813967,82.507,34.4430786666667,10.104,17,0.0,0.0,0.7066666666666667
3,coupled_extreme,0,0.6,Fixed-L2,0.0,0.0,0.0,164.5524,99.90138000000003,0.6849999999999998,0,1.0,1.0,1.0
3,coupled_extreme,0,1.35,Fixed-L1,0.135464993901267,0.13481149077153404,0.13513824233640054,47.7347,14.624400000000007,0.36877777777777776,0,0.0,0.0,0.0
3,coupled_extreme,1,0.6,Fixed-L1,0.135464993901267,0.13481149077153404,0.13513824233640054,49.2472,14.624400000000007,0.389111111111111,0,0.0,0.0,0.0
3,coupled_extreme,1,0.6,Proposed-Exact-Online,0.135464993901267,0.08065262261495222,0.10805880825810962,344.4037,37.683868888888924,24.26488888888889,3,0.0,0.0,0.8222222222222222
3,coupled_extreme,1,0.6,Greedy-Online,0.135464993901267,0.07963475392404212,0.10754987391265457,325.1629,37.90199900000004,18.769333333333336,3,0.0,0.0,0.83
3,coupled_extreme,1,0.35,Proposed-Exact-Online,0.135464993901267,0.1343415015050316,0.13490324770314932,303.0729,16.05782644444445,29.51233333333333,4,0.0,0.0,0.051111111111111114
3,coupled_extreme,1,0.9,Discounted-LinUCB,0.119592428274667,0.10543461870398443,0.11251352348932572,730.4088,49.07148817777781,262.48911111111113,16,0.0,0.2577777777777778,0.7022222222222222
3,coupled_extreme,1,0.35,Fixed-L2,0.0,0.0,0.0,305.4061,99.90138000000003,1.2607777777777778,0,1.0,1.0,1.0
3,coupled_extreme,1,0.9,Contextual-Thompson,0.11925824101888388,0.11064365774355324,0.11495094938121855,931.3683,49.46190777777781,346.424,19,0.0,0.2722222222222222,0.6866666666666666
3,coupled_extreme,0,0.9,Fixed-L1,0.135464993901267,0.13481149077153404,0.13513824233640054,90.654,14.624400000000007,0.742,0,0.0,0.0,0.0
3,coupled_extreme,0,0.35,Contextual-Thompson,0.135464993901267,0.13405398076446776,0.13475948733286738,605.3405,16.244795111111117,270.1016666666667,4,0.0,0.0,0.057777777777777775
3,coupled_extreme,1,0.6,Switch-Aware-Greedy,0.135464993901267,0.08065262261495222,0.10805880825810962,559.3643,37.683868888888924,34.672777777777775,3,0.0,0.0,0.8222222222222222
3,coupled_extreme,0,0.35,Switch-Aware-Greedy,0.135464993901267,0.1343415015050316,0.13490324770314932,402.3818,16.05782644444445,27.03477777777778,4,0.0,0.0,0.051111111111111114
3,coupled_extreme,0,0.9,Proposed-Exact-Online,0.11600390174196654,0.13978886294941112,0.12789638234568884,781.3559,46.299527866666686,52.39044444444444,11,0.0,0.39555555555555555,0.32222222222222224
3,coupled_extreme,0,0.6,Contextual-Thompson,0.135464993901267,0.07963475392404212,0.10754987391265457,970.0445,37.90199900000004,428.53177777777773,3,0.0,0.0,0.83
3,coupled_extreme,0,0.35,Greedy-Online,0.135464993901267,0.13405361453203393,0.13475930421665047,400.1702,16.27595655555556,30.283777777777775,6,0.0,0.0,0.058888888888888886
3,coupled_extreme,0,0.35,Fixed-L2,0.0,0.0,0.0,388.704,99.90138000000003,2.563444444444445,0,1.0,1.0,1.0
3,coupled_extreme,0,1.35,Discounted-LinUCB,0.09699328207556945,0.09351031368960377,0.09525179788258661,1132.4877,72.69775051111114,359.28566666666666,11,0.0,0.5633333333333334,0.9211111111111111
3,coupled_extreme,1,1.35,Discounted-LinUCB,0.09699328207556945,0.09351031368960377,0.09525179788258661,822.9183,72.69775051111114,253.18655555555554,11,0.0,0.5633333333333334,0.9211111111111111
3,coupled_extreme,0,1.35,Threshold-Projected,0.09537411291705743,0.11719325127987017,0.1062836820984638,97.748,46.56682402222225,10.003333333333334,22,0.0,0.16555555555555557,0.8011111111111111
3,coupled_extreme,0,0.9,Fixed-L2,0.0,0.0,0.0,153.1545,99.90138000000003,0.6709999999999998,0,1.0,1.0,1.0
3,coupled_extreme,0,0.6,Greedy-Online,0.135464993901267,0.07963475392404212,0.10754987391265457,353.58,37.90199900000004,20.303,3,0.0,0.0,0.83
3,coupled_extreme,0,0.35,Discounted-LinUCB,0.135464993901267,0.13405398076446776,0.13475948733286738,361.2226,16.244795111111117,154.04655555555556,4,0.0,0.0,0.057777777777777775
3,coupled_extreme,1,0.35,Discounted-LinUCB,0.135464993901267,0.13405398076446776,0.13475948733286738,285.6634,16.244795111111117,120.22366666666667,4,0.0,0.0,0.057777777777777775
3,coupled_extreme,0,0.9,Threshold-Projected,0.12058914965333467,0.1287326520832319,0.12466090086828328,84.1461,40.68204468888892,9.518333333333333,21,0.0,0.08777777777777777,0.75
3,coupled_extreme,0,0.9,Contextual-Thompson,0.11925824101888388,0.11064365774355324,0.11495094938121855,499.184,49.46190777777781,191.26288888888885,19,0.0,0.2722222222222222,0.6866666666666666
3,coupled_extreme,1,0.35,Threshold-Projected,0.135464993901267,0.13405361453203393,0.13475930421665047,62.4806,16.27595655555556,10.897777777777778,6,0.0,0.0,0.058888888888888886
3,coupled_extreme,0,1.35,Switch-Aware-Greedy,0.10984876556070529,0.019491768673247173,0.06467026711697624,464.734,69.99143851111114,26.63366666666667,4,0.0,0.4855555555555556,0.9833333333333333
3,coupled_extreme,1,1.35,Fixed-L2,0.0,0.0,0.0,178.9812,99.90138000000003,1.3052222222222225,0,0.5122222222222222,1.0,1.0
3,coupled_extreme,0,1.35,Contextual-Thompson,0.07996063320296745,0.09306309382741476,0.0865118635151911,689.3802,73.73548846666671,220.61444444444444,11,0.0,0.5988888888888889,0.8855555555555555
3,coupled_extreme,1,0.35,Contextual-Thompson,0.135464993901267,0.13405398076446776,0.13475948733286738,579.5695,16.244795111111117,261.2252222222222,4,0.0,0.0,0.057777777777777775
4,storm_passage,0,0.6,Fixed-L2,0.0,0.0,0.0,364.3072,99.90138000000003,1.4672222222222222,0,1.0,1.0,1.0
4,storm_passage,0,0.9,Proposed-Exact-Online,0.13993205054294733,0.0859023807479715,0.11291721564545942,945.6485,49.64200188888893,67.87166666666667,3,0.0,0.2388888888888889,0.7611111111111111
4,storm_passage,0,0.6,Discounted-LinUCB,0.15071922684323727,0.08088492358010453,0.11580207521167091,1047.0078,38.18245200000003,404.6565555555556,2,0.0,0.0,0.84
4,storm_passage,0,0.35,Fixed-L2,0.0,0.0,0.0,423.8106,99.90138000000003,1.414111111111111,0,1.0,1.0,1.0
4,storm_passage,1,0.9,Discounted-LinUCB,0.1370323166054071,0.12229530157303868,0.1296638090892229,1114.8309,52.7552157555556,378.88211111111104,13,0.0,0.34555555555555556,0.6544444444444445
4,storm_passage,0,1.35,Switch-Aware-Greedy,0.14165782334902832,0.09172281608533393,0.11669031971718113,782.1363,58.27473540000003,44.79044444444445,6,0.0,0.4855555555555556,0.5655555555555556
4,storm_passage,1,1.35,Greedy-Online,0.12743124138009168,0.12441628225209125,0.12592376181609147,1151.2852,67.62091375555556,54.29888888888889,10,0.0,0.7566666666666667,0.34555555555555556
4,storm_passage,1,0.35,Fixed-L1,0.15071922684323727,0.12326420795616193,0.1369917173996996,97.8253,14.624400000000007,0.6989999999999998,0,0.0,0.0,0.0
4,storm_passage,1,0.6,Contextual-Thompson,0.15071922684323727,0.08104780279058554,0.1158835148169114,843.3778,38.15129055555559,364.01666666666665,3,0.0,0.0,0.8388888888888889
4,storm_passage,0,0.9,Fixed-L1,0.15071922684323727,0.12326420795616193,0.1369917173996996,82.931,14.624400000000007,0.627111111111111,0,0.0,0.0,0.0
4,storm_passage,0,0.6,Proposed-Exact-Online,0.15071922684323727,0.08349162061549989,0.11710542372936858,546.942,32.38642333333336,43.21633333333333,3,0.0,0.0,0.6333333333333333
4,storm_passage,1,0.9,Greedy-Online,0.1418710729654956,0.1077998368967662,0.1248354549311309,616.6971,43.546502222222244,34.891444444444446,38,0.0,0.2222222222222222,0.5777777777777777
4,storm_passage,0,0.35,Contextual-Thompson,0.15071922684323727,0.12331024643364377,0.13701473663844052,446.9158,16.307118000000006,201.65666666666667,2,0.0,0.0,0.06
4,storm_passage,0,1.35,Proposed-Exact-Online,0.13406199164862298,0.08731397628936802,0.1106879839689955,395.3177,62.749980333333355,23.690333333333335,15,0.0,0.6388888888888888,0.4122222222222222
4,storm_passage,1,0.35,Discounted-LinUCB,0.15071922684323727,0.12331024643364377,0.13701473663844052,316.4528,16.307118000000006,136.0451111111111,2,0.0,0.0,0.06
4,storm_passage,1,0.35,Contextual-Thompson,0.15071922684323727,0.12331024643364377,0.13701473663844052,338.5427,16.307118000000006,151.735,2,0.0,0.0,0.06
4,storm_passage,1,0.6,Threshold-Projected,0.15071922684323727,0.09291972212102206,0.12181947448212967,208.3829,21.105980444444455,40.58644444444444,10,0.0,0.0,0.2311111111111111
4,storm_passage,0,0.35,Fixed-L1,0.15071922684323727,0.12326420795616193,0.1369917173996996,157.058,14.624400000000007,0.7629999999999999,0,0.0,0.0,0.0
4,storm_passage,0,0.9,Greedy-Online,0.1418710729654956,0.1077998368967662,0.1248354549311309,850.1995,43.546502222222244,48.80811111111112,38,0.0,0.2222222222222222,0.5777777777777777
4,storm_passage,1,0.9,Fixed-L1,0.15071922684323727,0.12326420795616193,0.1369917173996996,86.4631,14.624400000000007,0.6457777777777777,0,0.0,0.0,0.0
4,storm_passage,1,0.35,Switch-Aware-Greedy,0.15071922684323727,0.12326420795616193,0.1369917173996996,302.6249,14.624400000000007,20.854555555555553,0,0.0,0.0,0.0
4,storm_passage,0,0.35,Proposed-Exact-Online,0.15071922684323727,0.12326420795616193,0.1369917173996996,219.0987,14.624400000000007,19.341333333333335,0,0.0,0.0,0.0
4,storm_passage,1,1.35,Threshold-Projected,0.11879400088271742,0.1096922149229875,0.11424310790285247,71.2195,30.658005088888903,8.565999999999999,25,0.0,0.1511111111111111,0.2633333333333333
4,storm_passage,1,0.6,Proposed-Exact-Online,0.15071922684323727,0.08349162061549989,0.11710542372936858,294.5235,32.38642333333336,21.975777777777783,3,0.0,0.0,0.6333333333333333
4,storm_passage,0,0.35,Threshold-Projected,0.15071922684323727,0.12326420795616193,0.1369917173996996,57.3355,14.624400000000007,10.281777777777778,0,0.0,0.0,0.0
4,storm_passage,0,1.35,Fixed-L1,0.15071922684323727,0.12326420795616193,0.1369917173996996,42.035,14.624400000000007,0.355,0,0.0,0.0,0.0
4,storm_passage,0,0.6,Threshold-Projected,0.15071922684323727,0.09291972212102206,0.12181947448212967,62.7253,21.105980444444455,9.481333333333334,10,0.0,0.0,0.2311111111111111
4,storm_passage,0,0.9,Switch-Aware-Greedy,0.14702240115450574,0.05467450362055093,0.10084845238752833,353.0137,50.45273466666671,20.74388888888889,1,0.0,0.26666666666666666,0.7333333333333333
4,storm_passage,1,0.35,Threshold-Projected,0.15071922684323727,0.12326420795616193,0.1369917173996996,60.1255,14.624400000000007,10.64011111111111,0,0.0,0.0,0.0
4,storm_passage,0,0.9,Discounted-LinUCB,0.1370323166054071,0.12229530157303868,0.1296638090892229,499.0561,52.7552157555556,170.21755555555555,13,0.0,0.34555555555555556,0.6544444444444445
4,storm_passage,1,0.9,Switch-Aware-Greedy,0.14702240115450574,0.05467450362055093,0.10084845238752833,345.4576,50.45273466666671,20.106,1,0.0,0.26666666666666666,0.7333333333333333
4,storm_passage,1,0.35,Greedy-Online,0.15071922684323727,0.12326425400781438,0.1369917404255258,215.2949,14.655561444444452,15.409444444444444,2,0.0,0.0,0.0011111111111111111
4,storm_passage,1,1.35,Discounted-LinUCB,0.09898909776757192,0.09364454385662324,0.09631682081209758,593.1241,77.20015586666669,167.80644444444442,28,0.0,0.7677777777777778,0.6644444444444444
4,storm_passage,0,0.9,Fixed-L2,0.0,0.0,0.0,163.5536,99.90138000000003,0.6918888888888888,0,1.0,1.0,1.0
4,storm_passage,0,0.35,Greedy-Online,0.15071922684323727,0.12326425400781438,0.1369917404255258,551.2754,14.655561444444452,47.26377777777777,2,0.0,0.0,0.0011111111111111111
4,storm_passage,0,0.6,Fixed-L1,0.15071922684323727,0.12326420795616193,0.1369917173996996,91.6819,14.624400000000007,0.675,0,0.0,0.0,0.0
4,storm_passage,1,1.35,Proposed-Exact-Online,0.13406199164862298,0.08731397628936802,0.1106879839689955,755.9524,62.749980333333355,45.29666666666667,15,0.0,0.6388888888888888,0.4122222222222222
4,storm_passage,0,1.35,Fixed-L2,0.0,0.0,0.0,294.7048,99.90138000000003,1.295111111111111,0,0.5677777777777778,1.0,1.0
4,storm_passage,0,1.35,Threshold-Projected,0.11879400088271742,0.1096922149229875,0.11424310790285247,157.7185,30.658005088888903,17.402555555555555,25,0.0,0.1511111111111111,0.2633333333333333
4,storm_passage,0,0.9,Threshold-Projected,0.13908349629024078,0.1311984984022796,0.13514099734626017,142.1645,24.177354711111118,17.811555555555554,25,0.0,0.07,0.19777777777777777
4,storm_passage,1,0.9,Threshold-Projected,0.13908349629024078,0.1311984984022796,0.13514099734626017,146.5526,24.177354711111118,21.252333333333333,25,0.0,0.07,0.19777777777777777
4,storm_passage,1,0.6,Discounted-LinUCB,0.15071922684323727,0.08088492358010453,0.11580207521167091,941.8241,38.18245200000003,389.45522222222223,2,0.0,0.0,0.84
4,storm_passage,1,1.35,Switch-Aware-Greedy,0.14165782334902832,0.09172281608533393,0.11669031971718113,813.659,58.27473540000003,46.17755555555556,6,0.0,0.4855555555555556,0.5655555555555556
4,storm_passage,1,0.9,Contextual-Thompson,0.1373391767872284,0.12242957011597043,0.12988437345159942,1254.5452,52.62549851111115,465.47644444444444,13,0.0,0.3411111111111111,0.6588888888888889
4,storm_passage,1,0.6,Switch-Aware-Greedy,0.15071922684323727,0.08349162061549989,0.11710542372936858,660.4436,32.38642333333336,45.47122222222223,3,0.0,0.0,0.6333333333333333
4,storm_passage,1,0.6,Fixed-L2,0.0,0.0,0.0,342.5106,99.90138000000003,1.8410000000000002,0,1.0,1.0,1.0
4,storm_passage,1,0.9,Proposed-Exact-Online,0.13993205054294733,0.0859023807479715,0.11291721564545942,745.5829,49.64200188888893,49.029666666666664,3,0.0,0.2388888888888889,0.7611111111111111
4,storm_passage,0,0.6,Greedy-Online,0.15071922684323727,0.08919898548939123,0.11995910616631425,537.2653,30.23628366666669,34.635888888888886,19,0.0,0.0,0.5566666666666666
4,storm_passage,1,1.35,Fixed-L1,0.15071922684323727,0.12326420795616193,0.1369917173996996,85.5206,14.624400000000007,0.6324444444444443,0,0.0,0.0,0.0
4,storm_passage,0,0.6,Contextual-Thompson,0.15071922684323727,0.08104780279058554,0.1158835148169114,1050.0485,38.15129055555559,453.94244444444445,3,0.0,0.0,0.8388888888888889
4,storm_passage,0,1.35,Greedy-Online,0.12743124138009168,0.12441628225209125,0.12592376181609147,900.4123,67.62091375555556,41.36666666666667,10,0.0,0.7566666666666667,0.34555555555555556
4,storm_passage,1,0.6,Fixed-L1,0.15071922684323727,0.12326420795616193,0.1369917173996996,124.1451,14.624400000000007,0.7666666666666665,0,0.0,0.0,0.0
4,storm_passage,0,1.35,Discounted-LinUCB,0.09898909776757192,0.09364454385662324,0.09631682081209758,1558.5589,77.20015586666669,441.95211111111115,28,0.0,0.7677777777777778,0.6644444444444444
4,storm_passage,1,0.35,Fixed-L2,0.0,0.0,0.0,198.9559,99.90138000000003,0.9277777777777777,0,1.0,1.0,1.0
4,storm_passage,0,1.35,Contextual-Thompson,0.09807004246434294,0.09625598887791398,0.09716301567112845,685.2203,76.42619122222224,203.81277777777777,33,0.0,0.7722222222222223,0.6277777777777778
4,storm_passage,1,0.35,Proposed-Exact-Online,0.15071922684323727,0.12326420795616193,0.1369917173996996,221.0014,14.624400000000007,19.857777777777777,0,0.0,0.0,0.0
4,storm_passage,0,0.6,Switch-Aware-Greedy,0.15071922684323727,0.08349162061549989,0.11710542372936858,282.9926,32.38642333333336,19.51088888888889,3,0.0,0.0,0.6333333333333333
4,storm_passage,1,1.35,Fixed-L2,0.0,0.0,0.0,152.6564,99.90138000000003,0.6534444444444444,0,0.5677777777777778,1.0,1.0
4,storm_passage,1,0.6,Greedy-Online,0.15071922684323727,0.08919898548939123,0.11995910616631425,289.4018,30.23628366666669,17.269555555555552,19,0.0,0.0,0.5566666666666666
4,storm_passage,0,0.35,Discounted-LinUCB,0.15071922684323727,0.12331024643364377,0.13701473663844052,532.4173,16.307118000000006,222.11511111111108,2,0.0,0.0,0.06
4,storm_passage,0,0.35,Switch-Aware-Greedy,0.15071922684323727,0.12326420795616193,0.1369917173996996,517.6462,14.624400000000007,41.89966666666667,0,0.0,0.0,0.0
4,storm_passage,0,0.9,Contextual-Thompson,0.1373391767872284,0.12242957011597043,0.12988437345159942,1121.4017,52.62549851111115,405.7207777777777,13,0.0,0.3411111111111111,0.6588888888888889
4,storm_passage,1,0.9,Fixed-L2,0.0,0.0,0.0,292.721,99.90138000000003,1.2194444444444446,0,1.0,1.0,1.0
4,storm_passage,1,1.35,Contextual-Thompson,0.09807004246434294,0.09625598887791398,0.09716301567112845,1160.0823,76.42619122222224,353.5303333333333,33,0.0,0.7722222222222223,0.6277777777777778
4,multi_squall,1,0.9,Proposed-Exact-Online,0.11104485678393301,0.06390925803799966,0.08747705741096634,679.727,48.215112200000036,43.87377777777778,7,0.0,0.19,0.81
4,multi_squall,0,0.6,Fixed-L1,0.12141391646358801,0.07016617088354205,0.09579004367356503,93.5738,14.624400000000007,0.695111111111111,0,0.0,0.0,0.0
4,multi_squall,0,0.9,Contextual-Thompson,0.10576642143773819,0.06430526800739551,0.08503584472256685,1348.4123,53.59837784444448,491.821,13,0.0,0.37444444444444447,0.6255555555555555
4,multi_squall,1,0.35,Fixed-L2,0.0,0.0,0.0,332.67,99.90138000000003,1.393111111111111,0,1.0,1.0,1.0
4,multi_squall,1,0.6,Greedy-Online,0.12141391646358801,0.05690849487812006,0.08916120567085403,595.7206,38.21361344444448,34.855,2,0.0,0.0,0.8411111111111111
4,multi_squall,1,1.35,Fixed-L1,0.12141391646358801,0.07016617088354205,0.09579004367356503,92.6703,14.624400000000007,0.7118888888888888,0,0.0,0.0,0.0
4,multi_squall,0,0.6,Contextual-Thompson,0.12141391646358801,0.05690849487812006,0.08916120567085403,936.9093,38.21361344444448,412.36011111111117,2,0.0,0.0,0.8411111111111111
4,multi_squall,0,1.35,Fixed-L1,0.12141391646358801,0.07016617088354205,0.09579004367356503,92.5218,14.624400000000007,0.6642222222222222,0,0.0,0.0,0.0
4,multi_squall,1,0.6,Fixed-L1,0.12141391646358801,0.07016617088354205,0.09579004367356503,89.2583,14.624400000000007,0.6484444444444444,0,0.0,0.0,0.0
4,multi_squall,1,1.35,Discounted-LinUCB,0.0624950106549913,0.08606510755683416,0.07428005910591273,1215.2691,76.79705760000003,352.72211111111113,12,0.0,0.7422222222222222,0.7022222222222222
4,multi_squall,1,0.35,Proposed-Exact-Online,0.12141391646358801,0.07027174563399713,0.09584283104879257,236.6358,15.746212000000009,20.192777777777778,4,0.0,0.0,0.04
4,multi_squall,0,0.35,Contextual-Thompson,0.12141391646358801,0.07028999798623561,0.09585195722491181,458.6344,16.02666500000001,199.48511111111108,6,0.0,0.0,0.05
4,multi_squall,1,0.6,Switch-Aware-Greedy,0.12141391646358801,0.056905981482081876,0.08915994897283494,320.1678,38.15129055555559,21.498666666666665,2,0.0,0.0,0.8388888888888889
4,multi_squall,1,0.35,Contextual-Thompson,0.12141391646358801,0.07028999798623561,0.09585195722491181,299.6901,16.02666500000001,132.76455555555557,6,0.0,0.0,0.05
4,multi_squall,0,1.35,Discounted-LinUCB,0.0624950106549913,0.08606510755683416,0.07428005910591273,834.3706,76.79705760000003,235.25399999999996,12,0.0,0.7422222222222222,0.7022222222222222
4,multi_squall,0,0.35,Discounted-LinUCB,0.12141391646358801,0.07028999798623561,0.09585195722491181,558.4167,16.02666500000001,230.3126666666667,6,0.0,0.0,0.05
4,multi_squall,0,1.35,Contextual-Thompson,0.06215991667127591,0.08109606906270299,0.07162799286698945,832.4439,76.79705760000003,257.32722222222225,14,0.0,0.7422222222222222,0.7022222222222222
4,multi_squall,0,1.35,Threshold-Projected,0.07256892040127297,0.10174599273369427,0.08715745656748361,111.9003,54.29821395555558,10.134666666666668,23,0.0,0.4688888888888889,0.4577777777777778
4,multi_squall,1,0.6,Contextual-Thompson,0.12141391646358801,0.05690849487812006,0.08916120567085403,434.4353,38.21361344444448,187.27988888888888,2,0.0,0.0,0.8411111111111111
4,multi_squall,1,0.35,Fixed-L1,0.12141391646358801,0.07016617088354205,0.09579004367356503,47.6284,14.624400000000007,0.3767777777777778,0,0.0,0.0,0.0
4,multi_squall,1,0.9,Greedy-Online,0.1206334874453393,0.06786386436139964,0.09424867590336947,351.3828,45.035039200000035,18.596444444444444,37,0.0,0.10666666666666667,0.8666666666666667
4,multi_squall,1,0.6,Fixed-L2,0.0,0.0,0.0,171.3962,99.90138000000003,0.7196666666666666,0,1.0,1.0,1.0
4,multi_squall,0,0.9,Fixed-L1,0.12141391646358801,0.07016617088354205,0.09579004367356503,56.7868,14.624400000000007,0.4071111111111111,0,0.0,0.0,0.0
4,multi_squall,0,0.6,Fixed-L2,0.0,0.0,0.0,356.8149,99.90138000000003,1.4936666666666667,0,1.0,1.0,1.0
4,multi_squall,0,0.35,Fixed-L2,0.0,0.0,0.0,366.601,99.90138000000003,1.4979999999999998,0,1.0,1.0,1.0
4,multi_squall,1,0.9,Contextual-Thompson,0.10576642143773819,0.06430526800739551,0.08503584472256685,1135.2996,53.59837784444448,402.55766666666665,13,0.0,0.37444444444444447,0.6255555555555555
4,multi_squall,1,0.6,Proposed-Exact-Online,0.12141391646358801,0.056905981482081876,0.08915994897283494,672.3731,38.15129055555559,45.43922222222223,2,0.0,0.0,0.8388888888888889
4,multi_squall,0,0.35,Proposed-Exact-Online,0.12141391646358801,0.07027174563399713,0.09584283104879257,453.7656,15.746212000000009,40.272222222222226,4,0.0,0.0,0.04
4,multi_squall,1,0.35,Greedy-Online,0.12141391646358801,0.07023503788747038,0.0958244771755292,449.7571,16.088987888888894,33.66144444444444,10,0.0,0.0,0.052222222222222225
4,multi_squall,1,0.9,Threshold-Projected,0.11184150629031517,0.07719077187893018,0.09451613908462267,182.2057,39.84282657777781,22.69611111111111,20,0.0,0.1988888888888889,0.49333333333333335
4,multi_squall,0,0.9,Proposed-Exact-Online,0.11104485678393301,0.06390925803799966,0.08747705741096634,732.6583,48.215112200000036,46.214444444444446,7,0.0,0.19,0.81
4,multi_squall,1,0.9,Switch-Aware-Greedy,0.11250191903979798,0.07132065947087506,0.09191128925533651,969.0624,50.517593288888925,50.22366666666667,1,0.0,0.2688888888888889,0.7311111111111112
4,multi_squall,0,0.9,Threshold-Projected,0.11184150629031517,0.07719077187893018,0.09451613908462267,186.3454,39.84282657777781,21.912888888888887,20,0.0,0.1988888888888889,0.49333333333333335
4,multi_squall,0,0.6,Discounted-LinUCB,0.12141391646358801,0.05690849487812006,0.08916120567085403,873.4482,38.21361344444448,361.8096666666666,2,0.0,0.0,0.8411111111111111
4,multi_squall,1,0.35,Switch-Aware-Greedy,0.12141391646358801,0.07027174563399713,0.09584283104879257,400.0826,15.746212000000009,28.40111111111111,4,0.0,0.0,0.04
4,multi_squall,0,0.35,Switch-Aware-Greedy,0.12141391646358801,0.07027174563399713,0.09584283104879257,390.0365,15.746212000000009,26.66511111111111,4,0.0,0.0,0.04
4,multi_squall,1,1.35,Contextual-Thompson,0.06215991667127591,0.08109606906270299,0.07162799286698945,1156.8427,76.79705760000003,355.8968888888889,14,0.0,0.7422222222222222,0.7022222222222222
4,multi_squall,0,0.9,Discounted-LinUCB,0.10888888556010694,0.06167962848297382,0.08528425702154038,1147.674,52.39849333333336,402.10411111111114,21,0.0,0.3333333333333333,0.6666666666666666
4,multi_squall,0,1.35,Fixed-L2,0.0,0.0,0.0,344.5739,99.90138000000003,1.4174444444444445,0,0.5555555555555556,1.0,1.0
4,multi_squall,0,1.35,Greedy-Online,0.10067397638025143,0.04721774766501197,0.0739458620226317,951.8224,62.926863111111146,47.18055555555556,30,0.0,0.4388888888888889,0.8266666666666667
4,multi_squall,1,0.9,Fixed-L2,0.0,0.0,0.0,353.5348,99.90138000000003,2.3074444444444446,0,1.0,1.0,1.0
4,multi_squall,1,0.9,Discounted-LinUCB,0.10888888556010694,0.06167962848297382,0.08528425702154038,1108.8453,52.39849333333336,380.94311111111114,21,0.0,0.3333333333333333,0.6666666666666666
4,multi_squall,0,1.35,Switch-Aware-Greedy,0.044026036972827615,0.09931418647178697,0.07167011172230729,899.1341,78.58320544444449,44.25711111111111,4,0.0,0.8055555555555556,0.6366666666666667
4,multi_squall,1,0.9,Fixed-L1,0.12141391646358801,0.07016617088354205,0.09579004367356503,100.109,14.624400000000007,0.7297777777777776,0,0.0,0.0,0.0
4,multi_squall,1,1.35,Fixed-L2,0.0,0.0,0.0,463.7385,99.90138000000003,3.333222222222223,0,0.5555555555555556,1.0,1.0
4,multi_squall,0,0.6,Proposed-Exact-Online,0.12141391646358801,0.056905981482081876,0.08915994897283494,658.1827,38.15129055555559,46.229,2,0.0,0.0,0.8388888888888889
4,multi_squall,0,1.35,Proposed-Exact-Online,0.06010929342569721,0.09388188203210145,0.07699558772889933,819.0446,77.02659851111115,43.96922222222223,10,0.0,0.7522222222222222,0.69
4,multi_squall,0,0.35,Threshold-Projected,0.12141391646358801,0.07019362280179127,0.09580376963268963,108.0364,15.839696333333341,21.005,6,0.0,0.0,0.043333333333333335
4,multi_squall,1,0.35,Threshold-Projected,0.12141391646358801,0.07019362280179127,0.09580376963268963,106.6341,15.839696333333341,20.849333333333334,6,0.0,0.0,0.043333333333333335
4,multi_squall,0,0.35,Greedy-Online,0.12141391646358801,0.07023503788747038,0.0958244771755292,420.5335,16.088987888888894,31.008999999999997,10,0.0,0.0,0.052222222222222225
4,multi_squall,0,0.6,Switch-Aware-Greedy,0.12141391646358801,0.056905981482081876,0.08915994897283494,569.2766,38.15129055555559,35.727,2,0.0,0.0,0.8388888888888889
4,multi_squall,1,1.35,Greedy-Online,0.10067397638025143,0.04721774766501197,0.0739458620226317,789.6104,62.926863111111146,37.835,30,0.0,0.4388888888888889,0.8266666666666667
4,multi_squall,0,0.6,Threshold-Projected,0.12141391646358801,0.06033197874565277,0.09087294760462039,145.7407,31.482741444444468,20.94988888888889,13,0.0,0.0,0.6011111111111112
4,multi_squall,1,0.35,Discounted-LinUCB,0.12141391646358801,0.07028999798623561,0.09585195722491181,593.0309,16.02666500000001,248.13522222222224,6,0.0,0.0,0.05
4,multi_squall,0,0.9,Fixed-L2,0.0,0.0,0.0,433.7534,99.90138000000003,1.5171111111111113,0,1.0,1.0,1.0
4,multi_squall,1,0.6,Threshold-Projected,0.12141391646358801,0.06033197874565277,0.09087294760462039,190.557,31.482741444444468,26.244222222222227,13,0.0,0.0,0.6011111111111112
4,multi_squall,0,0.35,Fixed-L1,0.12141391646358801,0.07016617088354205,0.09579004367356503,99.17,14.624400000000007,0.713111111111111,0,0.0,0.0,0.0
4,multi_squall,0,0.9,Greedy-Online,0.1206334874453393,0.06786386436139964,0.09424867590336947,735.1734,45.035039200000035,40.708555555555556,37,0.0,0.10666666666666667,0.8666666666666667
4,multi_squall,1,1.35,Switch-Aware-Greedy,0.044026036972827615,0.09931418647178697,0.07167011172230729,854.0585,78.58320544444449,41.294333333333334,4,0.0,0.8055555555555556,0.6366666666666667
4,multi_squall,0,0.9,Switch-Aware-Greedy,0.11250191903979798,0.07132065947087506,0.09191128925533651,658.9501,50.517593288888925,39.03277777777778,1,0.0,0.2688888888888889,0.7311111111111112
4,multi_squall,0,0.6,Greedy-Online,0.12141391646358801,0.05690849487812006,0.08916120567085403,604.2503,38.21361344444448,34.202,2,0.0,0.0,0.8411111111111111
4,multi_squall,1,1.35,Proposed-Exact-Online,0.06010929342569721,0.09388188203210145,0.07699558772889933,840.1487,77.02659851111115,45.895111111111106,10,0.0,0.7522222222222222,0.69
4,multi_squall,1,0.6,Discounted-LinUCB,0.12141391646358801,0.05690849487812006,0.08916120567085403,914.3053,38.21361344444448,375.2572222222222,2,0.0,0.0,0.8411111111111111
4,multi_squall,1,1.35,Threshold-Projected,0.07256892040127297,0.10174599273369427,0.08715745656748361,190.6171,54.29821395555558,17.53,23,0.0,0.4688888888888889,0.4577777777777778
4,speed_manoeuvre,1,0.6,Greedy-Online,0.07803999879096264,0.08871048139367793,0.08337524009232028,546.3675,38.18245200000003,30.77588888888889,2,0.0,0.0,0.84
4,speed_manoeuvre,1,0.9,Fixed-L2,0.0,0.0,0.0,300.0264,99.90138000000003,1.303111111111111,0,1.0,1.0,1.0
4,speed_manoeuvre,0,0.35,Fixed-L1,0.07803999879096264,0.15797053696279462,0.11800526787687862,83.0751,14.624400000000007,0.6526666666666665,0,0.0,0.0,0.0
4,speed_manoeuvre,0,0.35,Threshold-Projected,0.07803999879096264,0.15619674723892502,0.11711837301494382,105.0366,15.715050555555562,16.30622222222222,2,0.0,0.0,0.03888888888888889
4,speed_manoeuvre,1,0.9,Discounted-LinUCB,0.06901696177894237,0.04724679453797967,0.05813187815846102,871.938,40.5490590666667,342.06333333333333,10,0.0,0.10777777777777778,0.7044444444444444
4,speed_manoeuvre,0,0.35,Proposed-Exact-Online,0.07803999879096264,0.1570968271834801,0.11756841298722137,427.8234,15.77737344444445,37.445,4,0.0,0.0,0.04111111111111111
4,speed_manoeuvre,0,1.35,Discounted-LinUCB,0.049640609848182804,0.03716690778016498,0.043403758814173896,1323.0959,70.92862015555559,417.4491111111111,4,0.0,0.5422222222222223,0.9011111111111111
4,speed_manoeuvre,1,0.35,Proposed-Exact-Online,0.07803999879096264,0.1570968271834801,0.11756841298722137,405.0664,15.77737344444445,34.81788888888889,4,0.0,0.0,0.04111111111111111
4,speed_manoeuvre,0,1.35,Fixed-L2,0.0,0.0,0.0,289.1058,99.90138000000003,1.2570000000000001,0,0.5566666666666666,1.0,1.0
4,speed_manoeuvre,1,0.35,Fixed-L2,0.0,0.0,0.0,297.5266,99.90138000000003,1.318,0,1.0,1.0,1.0
4,speed_manoeuvre,1,0.9,Threshold-Projected,0.07803999879096264,0.08823951822738418,0.0831397585091734,120.8375,25.87368144444446,15.039777777777777,6,0.0,0.0,0.4011111111111111
4,speed_manoeuvre,1,0.6,Fixed-L2,0.0,0.0,0.0,298.0282,99.90138000000003,1.7585555555555554,0,1.0,1.0,1.0
4,speed_manoeuvre,0,0.9,Discounted-LinUCB,0.06901696177894237,0.04724679453797967,0.05813187815846102,874.9276,40.5490590666667,339.8887777777778,10,0.0,0.10777777777777778,0.7044444444444444
4,speed_manoeuvre,0,0.6,Threshold-Projected,0.07803999879096264,0.11578336315709663,0.09691168097402963,132.3104,24.346770666666682,18.014888888888887,6,0.0,0.0,0.3466666666666667
4,speed_manoeuvre,0,1.35,Greedy-Online,0.05012343423254799,0.04167895274839321,0.0459011934904706,872.1493,68.73283728888892,39.31011111111111,89,0.0,0.5022222222222222,0.9044444444444445
4,speed_manoeuvre,1,0.9,Greedy-Online,0.07756581135004376,0.037273121232121134,0.057419466291082445,796.4208,43.058851733333384,51.049,13,0.0,0.013333333333333334,0.9866666666666667
4,speed_manoeuvre,1,0.35,Greedy-Online,0.07803999879096264,0.15619638431743263,0.11711819155419764,419.6817,15.777373444444452,31.619444444444444,6,0.0,0.0,0.04111111111111111
4,speed_manoeuvre,1,1.35,Fixed-L1,0.07803999879096264,0.15797053696279462,0.11800526787687862,85.6169,14.624400000000007,0.6645555555555555,0,0.0,0.0,0.0
4,speed_manoeuvre,0,1.35,Switch-Aware-Greedy,0.04970524972804228,0.03719892754276063,0.043452088635401453,934.2866,70.86502940000004,44.759,4,0.0,0.5411111111111111,0.9011111111111111
4,speed_manoeuvre,1,0.35,Fixed-L1,0.07803999879096264,0.15797053696279462,0.11800526787687862,94.5593,14.624400000000007,0.7018888888888889,0,0.0,0.0,0.0
4,speed_manoeuvre,0,0.35,Contextual-Thompson,0.07803999879096264,0.15643249625488043,0.11723624752292153,657.9086,16.12014933333334,288.1012222222222,4,0.0,0.0,0.05333333333333334
4,speed_manoeuvre,1,1.35,Greedy-Online,0.05012343423254799,0.04167895274839321,0.0459011934904706,876.5039,68.73283728888892,40.04588888888889,89,0.0,0.5022222222222222,0.9044444444444445
4,speed_manoeuvre,1,0.9,Switch-Aware-Greedy,0.05476128740046747,0.07662012338147194,0.0656907053909697,840.1677,50.517593288888925,48.63488888888889,1,0.0,0.2688888888888889,0.7311111111111112
4,speed_manoeuvre,1,0.9,Fixed-L1,0.07803999879096264,0.15797053696279462,0.11800526787687862,153.7533,14.624400000000007,1.4614444444444443,0,0.0,0.0,0.0
4,speed_manoeuvre,0,1.35,Threshold-Projected,0.07803999879096264,0.08823951822738418,0.0831397585091734,191.5112,25.87368144444446,20.382444444444445,6,0.0,0.0,0.4011111111111111
4,speed_manoeuvre,0,1.35,Fixed-L1,0.07803999879096264,0.15797053696279462,0.11800526787687862,112.2829,14.624400000000007,0.6995555555555555,0,0.0,0.0,0.0
4,speed_manoeuvre,1,0.6,Switch-Aware-Greedy,0.07803999879096264,0.08954492628940018,0.08379246254018141,661.7931,38.15129055555559,42.62877777777777,2,0.0,0.0,0.8388888888888889
4,speed_manoeuvre,0,0.6,Proposed-Exact-Online,0.07803999879096264,0.08954492628940018,0.08379246254018141,645.349,38.15129055555559,46.68888888888889,2,0.0,0.0,0.8388888888888889
4,speed_manoeuvre,1,0.6,Proposed-Exact-Online,0.07803999879096264,0.08954492628940018,0.08379246254018141,620.9416,38.15129055555559,44.99900000000001,2,0.0,0.0,0.8388888888888889
4,speed_manoeuvre,0,0.9,Proposed-Exact-Online,0.06410628337856977,0.04671451736246235,0.05541040037051606,737.7189,46.62607595555559,51.39022222222222,5,0.0,0.13555555555555557,0.8644444444444445
4,speed_manoeuvre,1,0.6,Discounted-LinUCB,0.07803999879096264,0.08871048139367793,0.08337524009232028,834.1131,38.18245200000003,345.07455555555555,2,0.0,0.0,0.84
4,speed_manoeuvre,1,1.35,Fixed-L2,0.0,0.0,0.0,330.0124,99.90138000000003,1.3874444444444445,0,0.5566666666666666,1.0,1.0
4,speed_manoeuvre,0,0.35,Discounted-LinUCB,0.07803999879096264,0.15643249625488043,0.11723624752292153,724.5598,16.12014933333334,300.9895555555555,4,0.0,0.0,0.05333333333333334
4,speed_manoeuvre,0,0.9,Greedy-Online,0.07756581135004376,0.037273121232121134,0.057419466291082445,660.1002,43.058851733333384,38.30477777777778,13,0.0,0.013333333333333334,0.9866666666666667
4,speed_manoeuvre,0,0.35,Fixed-L2,0.0,0.0,0.0,338.4672,99.90138000000003,1.4796666666666667,0,1.0,1.0,1.0
4,speed_manoeuvre,1,1.35,Contextual-Thompson,0.049640609848182804,0.03716690778016498,0.043403758814173896,1229.0233,70.92862015555559,417.6976666666667,4,0.0,0.5422222222222223,0.9011111111111111
4,speed_manoeuvre,0,0.9,Switch-Aware-Greedy,0.05476128740046747,0.07662012338147194,0.0656907053909697,762.7175,50.517593288888925,46.01555555555556,1,0.0,0.2688888888888889,0.7311111111111112
4,speed_manoeuvre,0,0.6,Contextual-Thompson,0.07803999879096264,0.08871048139367793,0.08337524009232028,942.5866,38.18245200000003,411.3343333333333,2,0.0,0.0,0.84
4,speed_manoeuvre,1,0.35,Switch-Aware-Greedy,0.07803999879096264,0.1570968271834801,0.11756841298722137,627.8113,15.77737344444445,43.385777777777776,4,0.0,0.0,0.04111111111111111
4,speed_manoeuvre,1,0.6,Threshold-Projected,0.07803999879096264,0.11578336315709663,0.09691168097402963,138.2516,24.346770666666682,17.164555555555555,6,0.0,0.0,0.3466666666666667
4,speed_manoeuvre,0,0.6,Fixed-L1,0.07803999879096264,0.15797053696279462,0.11800526787687862,94.8111,14.624400000000007,0.7167777777777776,0,0.0,0.0,0.0
4,speed_manoeuvre,0,0.9,Fixed-L2,0.0,0.0,0.0,343.413,99.90138000000003,1.4337777777777778,0,1.0,1.0,1.0
4,speed_manoeuvre,0,0.6,Switch-Aware-Greedy,0.07803999879096264,0.08954492628940018,0.08379246254018141,617.8865,38.15129055555559,40.29988888888888,2,0.0,0.0,0.8388888888888889
4,speed_manoeuvre,0,1.35,Proposed-Exact-Online,0.04793127110279703,0.03961893167966915,0.04377510139123309,889.5216,72.16220184444448,51.42077777777778,8,0.0,0.5855555555555556,0.8566666666666667
4,speed_manoeuvre,1,0.6,Contextual-Thompson,0.07803999879096264,0.08871048139367793,0.08337524009232028,903.1698,38.18245200000003,392.8206666666666,2,0.0,0.0,0.84
4,speed_manoeuvre,0,1.35,Contextual-Thompson,0.049640609848182804,0.03716690778016498,0.043403758814173896,1482.235,70.92862015555559,523.7717777777777,4,0.0,0.5422222222222223,0.9011111111111111
4,speed_manoeuvre,0,0.6,Discounted-LinUCB,0.07803999879096264,0.08871048139367793,0.08337524009232028,870.41,38.18245200000003,358.69300000000004,2,0.0,0.0,0.84
4,speed_manoeuvre,1,0.35,Threshold-Projected,0.07803999879096264,0.15619674723892502,0.11711837301494382,114.7811,15.715050555555562,17.65222222222222,2,0.0,0.0,0.03888888888888889
4,speed_manoeuvre,0,0.9,Threshold-Projected,0.07803999879096264,0.08823951822738418,0.0831397585091734,126.5568,25.87368144444446,16.17511111111111,6,0.0,0.0,0.4011111111111111
4,speed_manoeuvre,1,1.35,Threshold-Projected,0.07803999879096264,0.08823951822738418,0.0831397585091734,132.0174,25.87368144444446,16.37611111111111,6,0.0,0.0,0.4011111111111111
4,speed_manoeuvre,1,0.6,Fixed-L1,0.07803999879096264,0.15797053696279462,0.11800526787687862,84.6693,14.624400000000007,0.6795555555555555,0,0.0,0.0,0.0
4,speed_manoeuvre,0,0.9,Fixed-L1,0.07803999879096264,0.15797053696279462,0.11800526787687862,85.8952,14.624400000000007,0.7534444444444444,0,0.0,0.0,0.0
4,speed_manoeuvre,1,0.35,Contextual-Thompson,0.07803999879096264,0.15643249625488043,0.11723624752292153,594.2233,16.12014933333334,263.6864444444444,4,0.0,0.0,0.05333333333333334
4,speed_manoeuvre,0,0.35,Switch-Aware-Greedy,0.07803999879096264,0.1570968271834801,0.11756841298722137,409.8016,15.77737344444445,29.71633333333333,4,0.0,0.0,0.04111111111111111
4,speed_manoeuvre,1,0.35,Discounted-LinUCB,0.07803999879096264,0.15643249625488043,0.11723624752292153,561.5201,16.12014933333334,235.72944444444445,4,0.0,0.0,0.05333333333333334
4,speed_manoeuvre,1,0.9,Contextual-Thompson,0.06398229883598038,0.04819300319989816,0.05608765101793926,912.0628,41.68408495555559,371.1142222222222,6,0.0,0.14666666666666667,0.6655555555555556
4,speed_manoeuvre,0,0.35,Greedy-Online,0.07803999879096264,0.15619638431743263,0.11711819155419764,586.7331,15.777373444444452,43.92566666666667,6,0.0,0.0,0.04111111111111111
4,speed_manoeuvre,0,0.6,Fixed-L2,0.0,0.0,0.0,328.2838,99.90138000000003,1.370111111111111,0,1.0,1.0,1.0
4,speed_manoeuvre,1,0.9,Proposed-Exact-Online,0.06410628337856977,0.04671451736246235,0.05541040037051606,688.0008,46.62607595555559,45.846888888888884,5,0.0,0.13555555555555557,0.8644444444444445
4,speed_manoeuvre,0,0.6,Greedy-Online,0.07803999879096264,0.08871048139367793,0.08337524009232028,599.39,38.18245200000003,34.61133333333333,2,0.0,0.0,0.84
4,speed_manoeuvre,1,1.35,Switch-Aware-Greedy,0.04970524972804228,0.03719892754276063,0.043452088635401453,861.2195,70.86502940000004,43.394666666666666,4,0.0,0.5411111111111111,0.9011111111111111
4,speed_manoeuvre,1,1.35,Discounted-LinUCB,0.049640609848182804,0.03716690778016498,0.043403758814173896,1172.2283,70.92862015555559,379.78133333333335,4,0.0,0.5422222222222223,0.9011111111111111
4,speed_manoeuvre,0,0.9,Contextual-Thompson,0.06398229883598038,0.04819300319989816,0.05608765101793926,1124.9075,41.68408495555559,468.2581111111112,6,0.0,0.14666666666666667,0.6655555555555556
4,speed_manoeuvre,1,1.35,Proposed-Exact-Online,0.04793127110279703,0.03961893167966915,0.04377510139123309,868.1944,72.16220184444448,48.44933333333333,8,0.0,0.5855555555555556,0.8566666666666667
4,coupled_extreme,1,0.9,Threshold-Projected,0.12096040605356868,0.12216207786473904,0.12156124195915385,175.7652,41.771427377777805,19.735777777777777,19,0.0,0.08666666666666667,0.7911111111111111
4,coupled_extreme,1,0.35,Contextual-Thompson,0.13660744957349452,0.1344132983461884,0.13551037395984145,600.8688,15.372274666666673,269.3772222222222,8,0.0,0.0,0.02666666666666667
4,coupled_extreme,0,1.35,Threshold-Projected,0.09457998199522578,0.11332001408387539,0.10394999803955059,190.5977,47.24657168888892,18.960444444444445,22,0.0,0.18777777777777777,0.78
4,coupled_extreme,0,0.9,Greedy-Online,0.1291735732316743,0.0847800623920805,0.1069768178118774,695.7786,43.253427600000045,39.038666666666664,15,0.0,0.02,0.98
4,coupled_extreme,0,0.35,Threshold-Projected,0.13660744957349452,0.13462578706117387,0.13561661831733418,116.6589,15.590404777777785,21.27411111111111,12,0.0,0.0,0.034444444444444444
4,coupled_extreme,0,0.6,Fixed-L1,0.13660744957349452,0.13388047138785403,0.13524396048067427,95.7018,14.624400000000007,0.7055555555555554,0,0.0,0.0,0.0
4,coupled_extreme,0,0.9,Fixed-L1,0.13660744957349452,0.13388047138785403,0.13524396048067427,88.6188,14.624400000000007,0.6552222222222222,0,0.0,0.0,0.0
4,coupled_extreme,1,1.35,Discounted-LinUCB,0.078275398608049,0.10417666698705391,0.09122603279755145,1371.4429,75.07123213333337,403.14222222222224,25,0.0,0.7044444444444444,0.7177777777777777
4,coupled_extreme,0,0.9,Switch-Aware-Greedy,0.12986704150807127,0.030503487061033747,0.08018526428455251,393.7143,50.19330017777781,23.822666666666667,1,0.0,0.2577777777777778,0.7422222222222222
4,coupled_extreme,1,0.9,Greedy-Online,0.1291735732316743,0.0847800623920805,0.1069768178118774,352.5285,43.253427600000045,18.701555555555558,15,0.0,0.02,0.98
4,coupled_extreme,1,0.6,Threshold-Projected,0.13660744957349452,0.09579560240239746,0.11620152598794599,80.3529,34.75469311111114,10.167666666666666,17,0.0,0.0,0.7177777777777777
4,coupled_extreme,0,0.9,Proposed-Exact-Online,0.12123201993328081,0.058542822141484936,0.08988742103738287,366.8903,49.96629500000004,23.484666666666662,7,0.0,0.25,0.75
4,coupled_extreme,0,1.35,Proposed-Exact-Online,0.08136643523901246,0.1129294571648334,0.09714794620192294,469.329,72.46854740000003,26.07,10,0.0,0.6355555555555555,0.7655555555555555
4,coupled_extreme,1,1.35,Fixed-L2,0.0,0.0,0.0,152.7717,99.90138000000003,0.6815555555555554,0,0.5777777777777777,1.0,1.0
4,coupled_extreme,1,0.35,Fixed-L1,0.13660744957349452,0.13388047138785403,0.13524396048067427,50.5974,14.624400000000007,0.3984444444444444,0,0.0,0.0,0.0
4,coupled_extreme,1,0.6,Discounted-LinUCB,0.13660744957349452,0.07955150214879125,0.10807947586114289,443.4518,38.244774888888934,179.59577777777778,2,0.0,0.0,0.8422222222222222
4,coupled_extreme,1,0.9,Fixed-L2,0.0,0.0,0.0,165.0401,99.90138000000003,0.7174444444444442,0,1.0,1.0,1.0
4,coupled_extreme,0,1.35,Discounted-LinUCB,0.078275398608049,0.10417666698705391,0.09122603279755145,630.5156,75.07123213333337,183.335,25,0.0,0.7044444444444444,0.7177777777777777
4,coupled_extreme,1,0.6,Fixed-L1,0.13660744957349452,0.13388047138785403,0.13524396048067427,49.484,14.624400000000007,0.4014444444444444,0,0.0,0.0,0.0
4,coupled_extreme,1,0.35,Discounted-LinUCB,0.13660744957349452,0.1344132983461884,0.13551037395984145,299.9277,15.372274666666673,126.13566666666668,8,0.0,0.0,0.02666666666666667
4,coupled_extreme,1,1.35,Contextual-Thompson,0.0843048947299715,0.09777236541997689,0.0910386300749742,756.3266,73.81282833333337,238.66700000000003,14,0.0,0.6666666666666666,0.75
4,coupled_extreme,1,0.35,Switch-Aware-Greedy,0.13660744957349452,0.13460960042138526,0.1356085249974399,222.1612,15.372274666666673,15.019777777777778,2,0.0,0.0,0.02666666666666667
4,coupled_extreme,0,1.35,Contextual-Thompson,0.0843048947299715,0.09777236541997689,0.0910386300749742,1114.4302,73.81282833333337,366.8377777777778,14,0.0,0.6666666666666666,0.75
4,coupled_extreme,1,0.9,Proposed-Exact-Online,0.12123201993328081,0.058542822141484936,0.08988742103738287,744.4645,49.96629500000004,47.166666666666664,7,0.0,0.25,0.75
4,coupled_extreme,1,0.6,Greedy-Online,0.13660744957349452,0.08023337299336095,0.10842041128342773,667.8386,38.15129055555559,41.33399999999999,5,0.0,0.0,0.8388888888888889
4,coupled_extreme,1,0.9,Fixed-L1,0.13660744957349452,0.13388047138785403,0.13524396048067427,94.6438,14.624400000000007,0.7096666666666664,0,0.0,0.0,0.0
4,coupled_extreme,0,0.6,Threshold-Projected,0.13660744957349452,0.09579560240239746,0.11620152598794599,154.6034,34.75469311111114,19.374333333333336,17,0.0,0.0,0.7177777777777777
4,coupled_extreme,1,0.6,Switch-Aware-Greedy,0.13660744957349452,0.0807415619624139,0.1086745057679542,708.0151,37.99548333333337,44.66877777777777,3,0.0,0.0,0.8333333333333334
4,coupled_extreme,1,0.9,Contextual-Thompson,0.11998258822800767,0.09286231082868576,0.10642244952834672,1212.9788,49.5771432666667,476.6801111111111,15,0.0,0.23666666666666666,0.7633333333333333
4,coupled_extreme,0,1.35,Greedy-Online,0.0985201952649617,0.0807241292543345,0.0896221622596481,913.3047,71.54024082222226,42.68233333333333,23,0.0,0.5866666666666667,0.8322222222222222
4,coupled_extreme,0,0.6,Contextual-Thompson,0.13660744957349452,0.07981942663458742,0.10821343810404097,937.6298,38.21361344444448,406.68711111111116,3,0.0,0.0,0.8411111111111111
4,coupled_extreme,0,0.6,Switch-Aware-Greedy,0.13660744957349452,0.0807415619624139,0.1086745057679542,632.141,37.99548333333337,39.95088888888889,3,0.0,0.0,0.8333333333333334
4,coupled_extreme,1,1.35,Switch-Aware-Greedy,0.10941347173031393,0.05335623234341664,0.08138485203686528,881.5507,69.54990940000005,44.878222222222234,5,0.0,0.5355555555555556,0.8655555555555555
4,coupled_extreme,0,1.35,Fixed-L2,0.0,0.0,0.0,459.0671,99.90138000000003,2.3405555555555555,0,0.5777777777777777,1.0,1.0
4,coupled_extreme,0,0.35,Proposed-Exact-Online,0.13660744957349452,0.13460960042138526,0.1356085249974399,620.5011,15.372274666666673,58.81633333333333,2,0.0,0.0,0.02666666666666667
4,coupled_extreme,0,0.6,Proposed-Exact-Online,0.13660744957349452,0.0807415619624139,0.1086745057679542,752.1422,37.99548333333337,53.06988888888888,3,0.0,0.0,0.8333333333333334
4,coupled_extreme,0,0.35,Fixed-L2,0.0,0.0,0.0,372.7332,99.90138000000003,1.8531111111111112,0,1.0,1.0,1.0
4,coupled_extreme,1,0.35,Threshold-Projected,0.13660744957349452,0.13462578706117387,0.13561661831733418,138.4729,15.590404777777785,23.929111111111112,12,0.0,0.0,0.034444444444444444
4,coupled_extreme,0,0.9,Contextual-Thompson,0.11998258822800767,0.09286231082868576,0.10642244952834672,1129.9118,49.5771432666667,440.22822222222226,15,0.0,0.23666666666666666,0.7633333333333333
4,coupled_extreme,0,0.35,Switch-Aware-Greedy,0.13660744957349452,0.13460960042138526,0.1356085249974399,460.0965,15.372274666666673,33.272555555555556,2,0.0,0.0,0.02666666666666667
4,coupled_extreme,1,0.6,Contextual-Thompson,0.13660744957349452,0.07981942663458742,0.10821343810404097,1137.59,38.21361344444448,489.4766666666666,3,0.0,0.0,0.8411111111111111
4,coupled_extreme,0,0.35,Contextual-Thompson,0.13660744957349452,0.1344132983461884,0.13551037395984145,639.3241,15.372274666666673,281.3007777777778,8,0.0,0.0,0.02666666666666667
4,coupled_extreme,1,1.35,Fixed-L1,0.13660744957349452,0.13388047138785403,0.13524396048067427,89.3,14.624400000000007,0.6638888888888888,0,0.0,0.0,0.0
4,coupled_extreme,1,1.35,Threshold-Projected,0.09457998199522578,0.11332001408387539,0.10394999803955059,198.0011,47.24657168888892,19.87077777777778,22,0.0,0.18777777777777777,0.78
4,coupled_extreme,1,0.6,Fixed-L2,0.0,0.0,0.0,319.5358,99.90138000000003,1.3578888888888887,0,1.0,1.0,1.0
4,coupled_extreme,0,0.9,Discounted-LinUCB,0.12347479700597846,0.09313785337502427,0.10830632519050137,1031.8666,48.020536333333375,383.69899999999996,21,0.0,0.18333333333333332,0.8166666666666667
4,coupled_extreme,0,0.9,Fixed-L2,0.0,0.0,0.0,408.8137,99.90138000000003,1.651,0,1.0,1.0,1.0
4,coupled_extreme,1,0.35,Greedy-Online,0.13660744957349452,0.13462578706117387,0.13561661831733418,551.2825,15.590404777777785,43.43644444444445,12,0.0,0.0,0.034444444444444444
4,coupled_extreme,0,0.35,Greedy-Online,0.13660744957349452,0.13462578706117387,0.13561661831733418,479.6995,15.590404777777785,45.005,12,0.0,0.0,0.034444444444444444
4,coupled_extreme,1,1.35,Greedy-Online,0.0985201952649617,0.0807241292543345,0.0896221622596481,1252.8976,71.54024082222226,60.251555555555555,23,0.0,0.5866666666666667,0.8322222222222222
4,coupled_extreme,1,0.6,Proposed-Exact-Online,0.13660744957349452,0.0807415619624139,0.1086745057679542,720.3209,37.99548333333337,49.00377777777777,3,0.0,0.0,0.8333333333333334
4,coupled_extreme,0,0.6,Greedy-Online,0.13660744957349452,0.08023337299336095,0.10842041128342773,654.3256,38.15129055555559,38.43055555555556,5,0.0,0.0,0.8388888888888889
4,coupled_extreme,1,0.35,Proposed-Exact-Online,0.13660744957349452,0.13460960042138526,0.1356085249974399,445.6182,15.372274666666673,39.20444444444445,2,0.0,0.0,0.02666666666666667
4,coupled_extreme,1,1.35,Proposed-Exact-Online,0.08136643523901246,0.1129294571648334,0.09714794620192294,929.0558,72.46854740000003,51.89277777777778,10,0.0,0.6355555555555555,0.7655555555555555
4,coupled_extreme,0,0.35,Fixed-L1,0.13660744957349452,0.13388047138785403,0.13524396048067427,92.892,14.624400000000007,0.7423333333333332,0,0.0,0.0,0.0
4,coupled_extreme,1,0.9,Switch-Aware-Greedy,0.12986704150807127,0.030503487061033747,0.08018526428455251,701.3205,50.19330017777781,42.24422222222223,1,0.0,0.2577777777777778,0.7422222222222222
4,coupled_extreme,0,0.9,Threshold-Projected,0.12096040605356868,0.12216207786473904,0.12156124195915385,303.0557,41.771427377777805,37.71022222222222,19,0.0,0.08666666666666667,0.7911111111111111
4,coupled_extreme,1,0.35,Fixed-L2,0.0,0.0,0.0,410.7596,99.90138000000003,3.284,0,1.0,1.0,1.0
4,coupled_extreme,0,1.35,Fixed-L1,0.13660744957349452,0.13388047138785403,0.13524396048067427,79.6238,14.624400000000007,0.6473333333333332,0,0.0,0.0,0.0
4,coupled_extreme,0,0.35,Discounted-LinUCB,0.13660744957349452,0.1344132983461884,0.13551037395984145,532.5741,15.372274666666673,227.61155555555555,8,0.0,0.0,0.02666666666666667
4,coupled_extreme,1,0.9,Discounted-LinUCB,0.12347479700597846,0.09313785337502427,0.10830632519050137,869.6563,48.020536333333375,320.961,21,0.0,0.18333333333333332,0.8166666666666667
4,coupled_extreme,0,0.6,Fixed-L2,0.0,0.0,0.0,286.0284,99.90138000000003,1.3275555555555556,0,1.0,1.0,1.0
4,coupled_extreme,0,0.6,Discounted-LinUCB,0.13660744957349452,0.07955150214879125,0.10807947586114289,743.7917,38.244774888888934,306.91422222222224,2,0.0,0.0,0.8422222222222222
4,coupled_extreme,0,1.35,Switch-Aware-Greedy,0.10941347173031393,0.05335623234341664,0.08138485203686528,784.3002,69.54990940000005,39.98144444444445,5,0.0,0.5355555555555556,0.8655555555555555
5,storm_passage,0,0.35,Fixed-L2,0.0,0.0,0.0,335.4451,99.90138000000003,1.6506666666666667,0,1.0,1.0,1.0
5,storm_passage,1,0.9,Fixed-L2,0.0,0.0,0.0,453.7021,99.90138000000003,1.9997777777777779,0,1.0,1.0,1.0
5,storm_passage,0,0.6,Proposed-Exact-Online,0.15057802654292804,0.081456470115819,0.11601724832937352,507.3668,32.38642333333336,38.45588888888889,3,0.0,0.0,0.6333333333333333
5,storm_passage,1,1.35,Fixed-L2,0.0,0.0,0.0,293.3541,99.90138000000003,1.273777777777778,0,0.5255555555555556,1.0,1.0
5,storm_passage,0,0.6,Discounted-LinUCB,0.15057802654292804,0.08056430899759866,0.11557116777026336,757.985,37.99548333333336,310.87055555555554,2,0.0,0.0,0.8333333333333334
5,storm_passage,1,1.35,Fixed-L1,0.15057802654292804,0.12320230153607692,0.1368901640395025,80.9926,14.624400000000007,0.6527777777777778,0,0.0,0.0,0.0
5,storm_passage,0,0.9,Fixed-L2,0.0,0.0,0.0,279.1877,99.90138000000003,1.1888888888888889,0,1.0,1.0,1.0
5,storm_passage,1,1.35,Contextual-Thompson,0.10047723853966851,0.08401050513125155,0.09224387183546004,1145.2505,77.00250904444448,354.75122222222217,39,0.0,0.7311111111111112,0.7322222222222222
5,storm_passage,1,1.35,Discounted-LinUCB,0.0951101491523026,0.10723025164677412,0.10117020039953836,1250.3198,79.2923114666667,349.97200000000004,24,0.0,0.7988888888888889,0.6755555555555556
5,storm_passage,0,0.6,Greedy-Online,0.15057802654292804,0.0812371352701484,0.11590758090653822,605.747,32.23061611111114,34.93044444444445,5,0.0,0.0,0.6277777777777778
5,storm_passage,1,0.9,Fixed-L1,0.15057802654292804,0.12320230153607692,0.1368901640395025,90.8227,14.624400000000007,0.6789999999999999,0,0.0,0.0,0.0
5,storm_passage,1,0.35,Greedy-Online,0.15057802654292804,0.12320235404059991,0.13689019029176397,383.4319,14.686722888888896,28.87622222222222,4,0.0,0.0,0.0022222222222222222
5,storm_passage,0,0.6,Threshold-Projected,0.15057802654292804,0.09271189983415097,0.12164496318853951,109.0114,21.105980444444455,17.586555555555556,12,0.0,0.0,0.2311111111111111
5,storm_passage,0,1.35,Proposed-Exact-Online,0.09801663588776525,0.10392536461990412,0.10097100025383468,835.8921,74.5871307777778,45.919555555555554,17,0.0,0.7444444444444445,0.6188888888888889
5,storm_passage,1,0.9,Proposed-Exact-Online,0.1365536485115393,0.09748559683729795,0.11701962267441862,686.2276,50.40689404444447,43.42055555555555,9,0.0,0.2811111111111111,0.7022222222222222
5,storm_passage,0,0.35,Threshold-Projected,0.15057802654292804,0.12320230153607692,0.1368901640395025,101.451,14.624400000000007,16.838666666666665,0,0.0,0.0,0.0
5,storm_passage,1,0.6,Greedy-Online,0.15057802654292804,0.0812371352701484,0.11590758090653822,517.4437,32.23061611111114,31.884444444444444,5,0.0,0.0,0.6277777777777778
5,storm_passage,1,1.35,Greedy-Online,0.10693360246707626,0.10651574077084429,0.10672467161896027,794.7528,71.48498991111116,37.58555555555556,46,0.0,0.5655555555555556,0.8733333333333333
5,storm_passage,1,0.6,Contextual-Thompson,0.15057802654292804,0.08078017403828318,0.1156791002906056,1044.187,37.74619177777781,449.0623333333333,3,0.0,0.0,0.8244444444444444
5,storm_passage,1,1.35,Proposed-Exact-Online,0.09801663588776525,0.10392536461990412,0.10097100025383468,823.0719,74.5871307777778,47.03666666666667,17,0.0,0.7444444444444445,0.6188888888888889
5,storm_passage,1,0.6,Threshold-Projected,0.15057802654292804,0.09271189983415097,0.12164496318853951,123.6201,21.105980444444455,18.968444444444444,12,0.0,0.0,0.2311111111111111
5,storm_passage,1,0.9,Switch-Aware-Greedy,0.14596426437405832,0.06930321397048966,0.10763373917227399,813.2602,50.34203542222225,48.051,3,0.0,0.2788888888888889,0.7044444444444444
5,storm_passage,0,1.35,Contextual-Thompson,0.10047723853966851,0.08401050513125155,0.09224387183546004,1247.2984,77.00250904444448,386.9920000000001,39,0.0,0.7311111111111112,0.7322222222222222
5,storm_passage,1,0.9,Contextual-Thompson,0.13244999779406497,0.1324398396158184,0.13244491870494168,1117.8189,53.77954240000003,410.1054444444444,11,0.0,0.39666666666666667,0.5866666666666667
5,storm_passage,1,0.6,Switch-Aware-Greedy,0.15057802654292804,0.081456470115819,0.11601724832937352,560.6172,32.38642333333336,38.78966666666666,3,0.0,0.0,0.6333333333333333
5,storm_passage,0,0.9,Discounted-LinUCB,0.13378675171432275,0.12994992976091524,0.131868340737619,891.6887,53.64982515555558,292.9538888888889,13,0.0,0.39222222222222225,0.5911111111111111
5,storm_passage,0,0.35,Discounted-LinUCB,0.15057802654292804,0.12321578425792688,0.13689690540042745,596.7284,16.151310777777784,254.7817777777778,4,0.0,0.0,0.05444444444444444
5,storm_passage,0,0.9,Contextual-Thompson,0.13244999779406497,0.1324398396158184,0.13244491870494168,1101.7309,53.77954240000003,393.5572222222222,11,0.0,0.39666666666666667,0.5866666666666667
5,storm_passage,0,1.35,Discounted-LinUCB,0.0951101491523026,0.10723025164677412,0.10117020039953836,1243.6022,79.2923114666667,353.81411111111106,24,0.0,0.7988888888888889,0.6755555555555556
5,storm_passage,1,0.9,Threshold-Projected,0.13829856213553812,0.13080976773535521,0.13455416493544667,189.2118,24.27591051111112,23.36622222222222,23,0.0,0.07444444444444444,0.1922222222222222
5,storm_passage,0,0.35,Switch-Aware-Greedy,0.15057802654292804,0.12320230153607692,0.1368901640395025,433.1369,14.624400000000007,31.68888888888889,0,0.0,0.0,0.0
5,storm_passage,0,0.9,Threshold-Projected,0.13829856213553812,0.13080976773535521,0.13455416493544667,118.6986,24.27591051111112,16.702555555555556,23,0.0,0.07444444444444444,0.1922222222222222
5,storm_passage,0,1.35,Greedy-Online,0.10693360246707626,0.10651574077084429,0.10672467161896027,785.6883,71.48498991111116,36.05877777777778,46,0.0,0.5655555555555556,0.8733333333333333
5,storm_passage,1,0.6,Proposed-Exact-Online,0.15057802654292804,0.081456470115819,0.11601724832937352,514.4917,32.38642333333336,38.37888888888889,3,0.0,0.0,0.6333333333333333
5,storm_passage,0,0.9,Proposed-Exact-Online,0.1365536485115393,0.09748559683729795,0.11701962267441862,651.4856,50.40689404444447,41.14266666666667,9,0.0,0.2811111111111111,0.7022222222222222
5,storm_passage,0,1.35,Threshold-Projected,0.11884374618940398,0.11422393964983107,0.11653384291961752,141.7784,29.957238911111123,16.370222222222225,26,0.0,0.13777777777777778,0.26555555555555554
5,storm_passage,0,1.35,Fixed-L2,0.0,0.0,0.0,288.4949,99.90138000000003,1.2358888888888888,0,0.5255555555555556,1.0,1.0
5,storm_passage,1,0.35,Fixed-L2,0.0,0.0,0.0,286.6326,99.90138000000003,1.2071111111111112,0,1.0,1.0,1.0
5,storm_passage,0,1.35,Fixed-L1,0.15057802654292804,0.12320230153607692,0.1368901640395025,87.4921,14.624400000000007,0.6464444444444444,0,0.0,0.0,0.0
5,storm_passage,0,0.35,Greedy-Online,0.15057802654292804,0.12320235404059991,0.13689019029176397,471.4493,14.686722888888896,36.74255555555556,4,0.0,0.0,0.0022222222222222222
5,storm_passage,0,0.9,Fixed-L1,0.15057802654292804,0.12320230153607692,0.1368901640395025,105.1748,14.624400000000007,1.314888888888889,0,0.0,0.0,0.0
5,storm_passage,1,0.35,Fixed-L1,0.15057802654292804,0.12320230153607692,0.1368901640395025,108.5278,14.624400000000007,0.8141111111111109,0,0.0,0.0,0.0
5,storm_passage,0,0.35,Contextual-Thompson,0.15057802654292804,0.12321578425792688,0.13689690540042745,975.7517,16.151310777777784,440.95588888888886,4,0.0,0.0,0.05444444444444444
5,storm_passage,1,0.35,Switch-Aware-Greedy,0.15057802654292804,0.12320230153607692,0.1368901640395025,514.2273,14.624400000000007,38.65566666666666,0,0.0,0.0,0.0
5,storm_passage,1,1.35,Switch-Aware-Greedy,0.12727726865872355,0.052795160615175724,0.09003621463694964,980.7817,69.07414788888893,53.42144444444445,5,0.0,0.5555555555555556,0.8077777777777778
5,storm_passage,0,0.6,Fixed-L1,0.15057802654292804,0.12320230153607692,0.1368901640395025,86.5237,14.624400000000007,0.9572222222222222,0,0.0,0.0,0.0
5,storm_passage,0,1.35,Switch-Aware-Greedy,0.12727726865872355,0.052795160615175724,0.09003621463694964,827.6534,69.07414788888893,41.480777777777774,5,0.0,0.5555555555555556,0.8077777777777778
5,storm_passage,0,0.35,Fixed-L1,0.15057802654292804,0.12320230153607692,0.1368901640395025,84.2912,14.624400000000007,0.7473333333333332,0,0.0,0.0,0.0
5,storm_passage,1,0.35,Discounted-LinUCB,0.15057802654292804,0.12321578425792688,0.13689690540042745,514.1239,16.151310777777784,215.9802222222222,4,0.0,0.0,0.05444444444444444
5,storm_passage,0,0.6,Contextual-Thompson,0.15057802654292804,0.08078017403828318,0.1156791002906056,966.1896,37.74619177777781,433.1743333333334,3,0.0,0.0,0.8244444444444444
5,storm_passage,1,0.35,Contextual-Thompson,0.15057802654292804,0.12321578425792688,0.13689690540042745,534.1203,16.151310777777784,238.14777777777778,4,0.0,0.0,0.05444444444444444
5,storm_passage,1,1.35,Threshold-Projected,0.11884374618940398,0.11422393964983107,0.11653384291961752,140.9974,29.957238911111123,16.942333333333334,26,0.0,0.13777777777777778,0.26555555555555554
5,storm_passage,0,0.9,Switch-Aware-Greedy,0.14596426437405832,0.06930321397048966,0.10763373917227399,621.2917,50.34203542222225,36.464,3,0.0,0.2788888888888889,0.7044444444444444
5,storm_passage,0,0.35,Proposed-Exact-Online,0.15057802654292804,0.12320230153607692,0.1368901640395025,282.7926,14.624400000000007,25.58511111111111,0,0.0,0.0,0.0
5,storm_passage,1,0.9,Greedy-Online,0.14105929415534924,0.10758086597504903,0.12432008006519912,340.4829,42.39860024444447,18.43122222222222,16,0.0,0.22666666666666666,0.5277777777777778
5,storm_passage,0,0.9,Greedy-Online,0.14105929415534924,0.10758086597504903,0.12432008006519912,314.8029,42.39860024444447,16.77711111111111,16,0.0,0.22666666666666666,0.5277777777777778
5,storm_passage,1,0.6,Fixed-L1,0.15057802654292804,0.12320230153607692,0.1368901640395025,46.1813,14.624400000000007,0.35177777777777774,0,0.0,0.0,0.0
5,storm_passage,0,0.6,Switch-Aware-Greedy,0.15057802654292804,0.081456470115819,0.11601724832937352,281.4118,32.38642333333336,18.308222222222224,3,0.0,0.0,0.6333333333333333
5,storm_passage,1,0.6,Discounted-LinUCB,0.15057802654292804,0.08056430899759866,0.11557116777026336,413.9816,37.99548333333336,170.01522222222223,2,0.0,0.0,0.8333333333333334
5,storm_passage,1,0.35,Proposed-Exact-Online,0.15057802654292804,0.12320230153607692,0.1368901640395025,214.12,14.624400000000007,19.38722222222222,0,0.0,0.0,0.0
5,storm_passage,1,0.9,Discounted-LinUCB,0.13378675171432275,0.12994992976091524,0.131868340737619,906.9897,53.64982515555558,311.84133333333335,13,0.0,0.39222222222222225,0.5911111111111111
5,storm_passage,1,0.6,Fixed-L2,0.0,0.0,0.0,419.255,99.90138000000003,1.4132222222222224,0,1.0,1.0,1.0
5,storm_passage,1,0.35,Threshold-Projected,0.15057802654292804,0.12320230153607692,0.1368901640395025,100.6853,14.624400000000007,16.900555555555556,0,0.0,0.0,0.0
5,storm_passage,0,0.6,Fixed-L2,0.0,0.0,0.0,290.3173,99.90138000000003,1.202,0,1.0,1.0,1.0
5,multi_squall,1,0.9,Contextual-Thompson,0.1083459998981963,0.056864856923207634,0.08260542841070197,952.9998,52.4957812666667,342.2292222222223,13,0.0,0.33666666666666667,0.6633333333333333
5,multi_squall,0,1.35,Discounted-LinUCB,0.0491761793594512,0.09033671424049451,0.06975644679997285,1120.5637,77.6739168666667,320.56955555555555,13,0.0,0.7733333333333333,0.67
5,multi_squall,0,0.9,Fixed-L1,0.12150571406916236,0.07015377548908626,0.09582974477912432,84.1928,14.624400000000007,0.6822222222222222,0,0.0,0.0,0.0
5,multi_squall,0,0.35,Discounted-LinUCB,0.12150571406916236,0.07017380224075942,0.09583975815496089,523.8187,15.122983111111118,218.91444444444446,10,0.0,0.0,0.017777777777777778
5,multi_squall,0,0.9,Greedy-Online,0.12084383286117995,0.06603931555372007,0.09344157420745,951.9148,43.12731653333338,57.62277777777778,35,0.0,0.07333333333333333,0.8666666666666667
5,multi_squall,0,0.35,Greedy-Online,0.12150571406916236,0.07019562445196134,0.09585066926056185,401.6386,15.403436111111118,29.283777777777775,14,0.0,0.0,0.027777777777777776
5,multi_squall,1,0.35,Switch-Aware-Greedy,0.12150571406916236,0.07015800721875909,0.09583186064396072,386.4293,14.842530111111119,27.220333333333336,4,0.0,0.0,0.0077777777777777776
5,multi_squall,0,0.6,Contextual-Thompson,0.12150571406916236,0.056884742260762886,0.08919522816496261,861.627,38.12012911111115,374.6773333333333,2,0.0,0.0,0.8377777777777777
5,multi_squall,1,1.35,Proposed-Exact-Online,0.04592298007318966,0.0893654773086613,0.06764422869092548,874.6971,78.35873600000004,46.393222222222214,9,0.0,0.8,0.64
5,multi_squall,0,0.6,Switch-Aware-Greedy,0.12150571406916236,0.0568895742047278,0.08919764413694509,608.7412,37.99548333333336,40.88355555555556,2,0.0,0.0,0.8333333333333334
5,multi_squall,1,0.35,Fixed-L2,0.0,0.0,0.0,358.5009,99.90138000000003,1.3572222222222223,0,1.0,1.0,1.0
5,multi_squall,1,1.35,Switch-Aware-Greedy,0.04183301169348497,0.09117982568574999,0.06650641868961749,1085.79,78.52088255555559,52.23288888888889,4,0.0,0.8055555555555556,0.6344444444444445
5,multi_squall,0,0.6,Discounted-LinUCB,0.12150571406916236,0.056884742260762886,0.08919522816496261,878.9539,38.12012911111115,361.16977777777777,2,0.0,0.0,0.8377777777777777
5,multi_squall,1,0.35,Threshold-Projected,0.12150571406916236,0.07019215255085422,0.0958489333100083,108.3762,15.309951777777785,20.77,12,0.0,0.0,0.024444444444444446
5,multi_squall,1,0.6,Switch-Aware-Greedy,0.12150571406916236,0.0568895742047278,0.08919764413694509,552.851,37.99548333333336,33.93233333333333,2,0.0,0.0,0.8333333333333334
5,multi_squall,1,0.6,Fixed-L1,0.12150571406916236,0.07015377548908626,0.09582974477912432,82.1153,14.624400000000007,0.615111111111111,0,0.0,0.0,0.0
5,multi_squall,0,0.35,Contextual-Thompson,0.12150571406916236,0.07017380224075942,0.09583975815496089,601.7401,15.122983111111118,267.29544444444446,10,0.0,0.0,0.017777777777777778
5,multi_squall,1,0.9,Fixed-L2,0.0,0.0,0.0,302.2854,99.90138000000003,1.271222222222222,0,1.0,1.0,1.0
5,multi_squall,1,0.35,Proposed-Exact-Online,0.12150571406916236,0.07015800721875909,0.09583186064396072,385.3409,14.842530111111119,34.87844444444444,4,0.0,0.0,0.0077777777777777776
5,multi_squall,0,0.35,Fixed-L2,0.0,0.0,0.0,286.0193,99.90138000000003,1.285888888888889,0,1.0,1.0,1.0
5,multi_squall,1,0.6,Contextual-Thompson,0.12150571406916236,0.056884742260762886,0.08919522816496261,1002.185,38.12012911111115,434.3157777777778,2,0.0,0.0,0.8377777777777777
5,multi_squall,1,0.6,Proposed-Exact-Online,0.12150571406916236,0.0568895742047278,0.08919764413694509,588.5294,37.99548333333336,40.35022222222222,2,0.0,0.0,0.8333333333333334
5,multi_squall,1,0.9,Threshold-Projected,0.11238634781798322,0.07668800486685451,0.09453717634241887,157.421,39.84282657777781,18.73355555555555,20,0.0,0.1988888888888889,0.49333333333333335
5,multi_squall,1,1.35,Contextual-Thompson,0.07097534748377057,0.07644758898752292,0.07371146823564675,1261.8474,75.50115302222224,395.32155555555556,18,0.0,0.6988888888888889,0.7444444444444445
5,multi_squall,1,0.6,Fixed-L2,0.0,0.0,0.0,288.8613,99.90138000000003,1.214,0,1.0,1.0,1.0
5,multi_squall,0,1.35,Contextual-Thompson,0.07097534748377057,0.07644758898752292,0.07371146823564675,1212.4262,75.50115302222224,376.96288888888887,18,0.0,0.6988888888888889,0.7444444444444445
5,multi_squall,1,0.6,Discounted-LinUCB,0.12150571406916236,0.056884742260762886,0.08919522816496261,982.5816,38.12012911111115,415.37566666666663,2,0.0,0.0,0.8377777777777777
5,multi_squall,0,1.35,Threshold-Projected,0.0720850205426978,0.09824039650378025,0.08516270852323903,211.2388,54.46036051111113,19.974555555555554,23,0.0,0.47444444444444445,0.45222222222222225
5,multi_squall,0,0.6,Fixed-L1,0.12150571406916236,0.07015377548908626,0.09582974477912432,83.6784,14.624400000000007,0.6353333333333333,0,0.0,0.0,0.0
5,multi_squall,1,0.35,Fixed-L1,0.12150571406916236,0.07015377548908626,0.09582974477912432,80.1624,14.624400000000007,0.6377777777777778,0,0.0,0.0,0.0
5,multi_squall,1,0.35,Discounted-LinUCB,0.12150571406916236,0.07017380224075942,0.09583975815496089,544.3046,15.122983111111118,224.46777777777777,10,0.0,0.0,0.017777777777777778
5,multi_squall,0,0.9,Fixed-L2,0.0,0.0,0.0,298.331,99.90138000000003,1.2485555555555554,0,1.0,1.0,1.0
5,multi_squall,0,0.35,Fixed-L1,0.12150571406916236,0.07015377548908626,0.09582974477912432,83.3556,14.624400000000007,0.6434444444444444,0,0.0,0.0,0.0
5,multi_squall,0,0.6,Fixed-L2,0.0,0.0,0.0,285.8007,99.90138000000003,1.2402222222222223,0,1.0,1.0,1.0
5,multi_squall,1,0.9,Proposed-Exact-Online,0.10824913313153017,0.0661939870130046,0.08722156007226739,666.0332,51.976912288888926,41.71,7,0.0,0.3188888888888889,0.6811111111111111
5,multi_squall,1,0.9,Discounted-LinUCB,0.11258103673557872,0.053254680140808926,0.08291785843819383,897.0048,50.841886400000035,313.2692222222222,17,0.0,0.28,0.72
5,multi_squall,0,1.35,Fixed-L1,0.12150571406916236,0.07015377548908626,0.09582974477912432,83.1248,14.624400000000007,0.6246666666666666,0,0.0,0.0,0.0
5,multi_squall,0,1.35,Greedy-Online,0.10070285231478152,0.044702270578218566,0.07270256144650004,731.912,63.307139777777806,33.972,25,0.0,0.4444444444444444,0.8288888888888889
5,multi_squall,1,1.35,Greedy-Online,0.10070285231478152,0.044702270578218566,0.07270256144650004,931.7407,63.307139777777806,45.791444444444444,25,0.0,0.4444444444444444,0.8288888888888889
5,multi_squall,1,0.6,Threshold-Projected,0.12150571406916236,0.06026778168064437,0.09088674787490336,131.1054,31.45158000000002,18.225555555555555,13,0.0,0.0,0.6
5,multi_squall,0,0.9,Threshold-Projected,0.11238634781798322,0.07668800486685451,0.09453717634241887,158.8953,39.84282657777781,18.618555555555556,20,0.0,0.1988888888888889,0.49333333333333335
5,multi_squall,0,1.35,Proposed-Exact-Online,0.04592298007318966,0.0893654773086613,0.06764422869092548,848.9501,78.35873600000004,46.18144444444444,9,0.0,0.8,0.64
5,multi_squall,0,0.6,Proposed-Exact-Online,0.12150571406916236,0.0568895742047278,0.08919764413694509,564.2806,37.99548333333336,40.885333333333335,2,0.0,0.0,0.8333333333333334
5,multi_squall,1,0.6,Greedy-Online,0.12150571406916236,0.056884742260762886,0.08919522816496261,566.6012,38.12012911111115,33.292,2,0.0,0.0,0.8377777777777777
5,multi_squall,1,0.35,Contextual-Thompson,0.12150571406916236,0.07017380224075942,0.09583975815496089,550.1927,15.122983111111118,248.9626666666667,10,0.0,0.0,0.017777777777777778
5,multi_squall,1,1.35,Fixed-L1,0.12150571406916236,0.07015377548908626,0.09582974477912432,91.3245,14.624400000000007,0.7395555555555554,0,0.0,0.0,0.0
5,multi_squall,1,0.9,Switch-Aware-Greedy,0.11228470874614334,0.07193726683789246,0.0921109877920179,737.0,50.550022600000034,44.60933333333333,1,0.0,0.27,0.73
5,multi_squall,0,0.6,Greedy-Online,0.12150571406916236,0.056884742260762886,0.08919522816496261,668.4273,38.12012911111115,43.940111111111115,2,0.0,0.0,0.8377777777777777
5,multi_squall,1,0.9,Greedy-Online,0.12084383286117995,0.06603931555372007,0.09344157420745,600.5132,43.12731653333338,34.09644444444445,35,0.0,0.07333333333333333,0.8666666666666667
5,multi_squall,0,1.35,Fixed-L2,0.0,0.0,0.0,276.4895,99.90138000000003,1.1637777777777778,0,0.5566666666666666,1.0,1.0
5,multi_squall,0,0.6,Threshold-Projected,0.12150571406916236,0.06026778168064437,0.09088674787490336,133.6931,31.45158000000002,19.163111111111114,13,0.0,0.0,0.6
5,multi_squall,0,0.9,Contextual-Thompson,0.1083459998981963,0.056864856923207634,0.08260542841070197,929.2358,52.4957812666667,337.7353333333333,13,0.0,0.33666666666666667,0.6633333333333333
5,multi_squall,0,0.35,Threshold-Projected,0.12150571406916236,0.07019215255085422,0.0958489333100083,103.6098,15.309951777777785,20.354,12,0.0,0.0,0.024444444444444446
5,multi_squall,0,0.9,Discounted-LinUCB,0.11258103673557872,0.053254680140808926,0.08291785843819383,891.1289,50.841886400000035,310.8663333333333,17,0.0,0.28,0.72
5,multi_squall,0,0.35,Switch-Aware-Greedy,0.12150571406916236,0.07015800721875909,0.09583186064396072,381.3837,14.842530111111119,25.577444444444442,4,0.0,0.0,0.0077777777777777776
5,multi_squall,1,0.35,Greedy-Online,0.12150571406916236,0.07019562445196134,0.09585066926056185,447.3593,15.403436111111118,33.32355555555555,14,0.0,0.0,0.027777777777777776
5,multi_squall,0,0.9,Proposed-Exact-Online,0.10824913313153017,0.0661939870130046,0.08722156007226739,815.6528,51.976912288888926,48.04366666666667,7,0.0,0.3188888888888889,0.6811111111111111
5,multi_squall,1,1.35,Fixed-L2,0.0,0.0,0.0,282.3735,99.90138000000003,1.3667777777777776,0,0.5566666666666666,1.0,1.0
5,multi_squall,0,0.9,Switch-Aware-Greedy,0.11228470874614334,0.07193726683789246,0.0921109877920179,666.3789,50.550022600000034,38.68633333333333,1,0.0,0.27,0.73
5,multi_squall,1,1.35,Discounted-LinUCB,0.0491761793594512,0.09033671424049451,0.06975644679997285,1115.6672,77.6739168666667,316.46422222222225,13,0.0,0.7733333333333333,0.67
5,multi_squall,1,0.9,Fixed-L1,0.12150571406916236,0.07015377548908626,0.09582974477912432,86.2038,14.624400000000007,0.9477777777777778,0,0.0,0.0,0.0
5,multi_squall,0,1.35,Switch-Aware-Greedy,0.04183301169348497,0.09117982568574999,0.06650641868961749,842.2851,78.52088255555559,42.03877777777778,4,0.0,0.8055555555555556,0.6344444444444445
5,multi_squall,0,0.35,Proposed-Exact-Online,0.12150571406916236,0.07015800721875909,0.09583186064396072,402.737,14.842530111111119,36.275888888888886,4,0.0,0.0,0.0077777777777777776
5,multi_squall,1,1.35,Threshold-Projected,0.0720850205426978,0.09824039650378025,0.08516270852323903,242.6004,54.46036051111113,23.220555555555556,23,0.0,0.47444444444444445,0.45222222222222225
5,speed_manoeuvre,1,1.35,Proposed-Exact-Online,0.04685329420340698,0.03642672039395755,0.041640007298682266,901.5569,75.03392877777782,49.064555555555565,7,0.0,0.6444444444444445,0.8388888888888889
5,speed_manoeuvre,0,0.9,Switch-Aware-Greedy,0.054590613157549435,0.07469251753186251,0.06464156534470597,629.112,49.94581171111115,36.69722222222222,3,0.0,0.2866666666666667,0.6744444444444444
5,speed_manoeuvre,0,1.35,Contextual-Thompson,0.049596776264153916,0.030089770432306207,0.03984327334823006,1117.3129,72.50190677777782,379.90488888888893,4,0.0,0.5555555555555556,0.93
5,speed_manoeuvre,0,0.6,Proposed-Exact-Online,0.0781595952714687,0.08870893937120214,0.08343426732133541,578.0581,37.99548333333337,39.797777777777775,2,0.0,0.0,0.8333333333333334
5,speed_manoeuvre,1,0.9,Discounted-LinUCB,0.07155436358382783,0.04606573494942356,0.0588100492666257,786.7795,41.0152128666667,307.38944444444445,12,0.0,0.10666666666666667,0.7233333333333334
5,speed_manoeuvre,1,0.6,Fixed-L2,0.0,0.0,0.0,446.5163,99.90138000000003,1.474888888888889,0,1.0,1.0,1.0
5,speed_manoeuvre,1,0.35,Proposed-Exact-Online,0.0781595952714687,0.15441847129890587,0.11628903328518728,409.8246,16.182472222222227,35.15533333333333,2,0.0,0.0,0.05555555555555555
5,speed_manoeuvre,0,0.6,Greedy-Online,0.0781595952714687,0.08787225880677703,0.08301592703912286,569.8083,38.02664477777781,34.62755555555556,2,0.0,0.0,0.8344444444444444
5,speed_manoeuvre,0,0.35,Discounted-LinUCB,0.0781595952714687,0.15425295483048446,0.11620627505097658,648.791,16.244795111111117,269.8512222222222,2,0.0,0.0,0.057777777777777775
5,speed_manoeuvre,0,0.9,Fixed-L1,0.0781595952714687,0.15811220817383745,0.11813590172265306,99.6149,14.624400000000007,0.6903333333333332,0,0.0,0.0,0.0
5,speed_manoeuvre,0,0.9,Greedy-Online,0.07802283745952455,0.0392102714931122,0.058616554476318375,795.6734,41.83594820000004,46.39422222222222,7,0.0,0.006666666666666667,0.9566666666666667
5,speed_manoeuvre,0,0.6,Switch-Aware-Greedy,0.0781595952714687,0.08870893937120214,0.08343426732133541,749.1269,37.99548333333337,45.65222222222222,2,0.0,0.0,0.8333333333333334
5,speed_manoeuvre,1,0.9,Threshold-Projected,0.0781595952714687,0.08834500177495445,0.08325229852321157,159.0261,25.87368144444446,20.575666666666667,6,0.0,0.0,0.4011111111111111
5,speed_manoeuvre,0,0.35,Proposed-Exact-Online,0.0781595952714687,0.15441847129890587,0.11628903328518728,716.8181,16.182472222222227,61.025666666666666,2,0.0,0.0,0.05555555555555555
5,speed_manoeuvre,1,0.35,Greedy-Online,0.0781595952714687,0.15425295483048446,0.11620627505097658,644.0575,16.244795111111117,51.08233333333334,2,0.0,0.0,0.057777777777777775
5,speed_manoeuvre,0,0.35,Contextual-Thompson,0.0781595952714687,0.15425295483048446,0.11620627505097658,779.9366,16.244795111111117,337.4323333333333,2,0.0,0.0,0.057777777777777775
5,speed_manoeuvre,1,0.9,Fixed-L2,0.0,0.0,0.0,397.8724,99.90138000000003,1.3924444444444442,0,1.0,1.0,1.0
5,speed_manoeuvre,0,0.35,Fixed-L2,0.0,0.0,0.0,351.4322,99.90138000000003,1.4784444444444444,0,1.0,1.0,1.0
5,speed_manoeuvre,0,0.9,Discounted-LinUCB,0.07155436358382783,0.04606573494942356,0.0588100492666257,933.6171,41.0152128666667,361.825,12,0.0,0.10666666666666667,0.7233333333333334
5,speed_manoeuvre,0,0.35,Fixed-L1,0.0781595952714687,0.15811220817383745,0.11813590172265306,87.8199,14.624400000000007,0.6164444444444444,0,0.0,0.0,0.0
5,speed_manoeuvre,1,1.35,Fixed-L2,0.0,0.0,0.0,287.278,99.90138000000003,1.1795555555555555,0,0.5144444444444445,1.0,1.0
5,speed_manoeuvre,0,1.35,Threshold-Projected,0.0781595952714687,0.08834500177495445,0.08325229852321157,117.845,25.87368144444446,14.983999999999998,6,0.0,0.0,0.4011111111111111
5,speed_manoeuvre,0,1.35,Switch-Aware-Greedy,0.04959968649607101,0.03009285574267495,0.03984627111937298,896.189,72.37472526666672,47.156777777777776,4,0.0,0.5533333333333333,0.93
5,speed_manoeuvre,0,0.6,Threshold-Projected,0.0781595952714687,0.11533473511003077,0.09674716519074973,192.1583,24.37793211111113,23.388,6,0.0,0.0,0.3477777777777778
5,speed_manoeuvre,1,1.35,Switch-Aware-Greedy,0.04959968649607101,0.03009285574267495,0.03984627111937298,847.9293,72.37472526666672,43.83066666666667,4,0.0,0.5533333333333333,0.93
5,speed_manoeuvre,0,0.35,Greedy-Online,0.0781595952714687,0.15425295483048446,0.11620627505097658,400.9234,16.244795111111117,29.22577777777778,2,0.0,0.0,0.057777777777777775
5,speed_manoeuvre,1,0.6,Threshold-Projected,0.0781595952714687,0.11533473511003077,0.09674716519074973,114.1149,24.37793211111113,14.92288888888889,6,0.0,0.0,0.3477777777777778
5,speed_manoeuvre,1,0.35,Threshold-Projected,0.0781595952714687,0.15425295483048446,0.11620627505097658,104.7494,16.244795111111117,16.961111111111112,2,0.0,0.0,0.057777777777777775
5,speed_manoeuvre,0,0.6,Fixed-L2,0.0,0.0,0.0,283.2883,99.90138000000003,1.1872222222222222,0,1.0,1.0,1.0
5,speed_manoeuvre,1,0.35,Contextual-Thompson,0.0781595952714687,0.15425295483048446,0.11620627505097658,587.1449,16.244795111111117,267.662,2,0.0,0.0,0.057777777777777775
5,speed_manoeuvre,1,0.35,Fixed-L2,0.0,0.0,0.0,311.9016,99.90138000000003,1.2561111111111112,0,1.0,1.0,1.0
5,speed_manoeuvre,1,0.6,Contextual-Thompson,0.0781595952714687,0.08787225880677703,0.08301592703912286,824.6091,38.02664477777781,355.5103333333334,2,0.0,0.0,0.8344444444444444
5,speed_manoeuvre,1,0.35,Switch-Aware-Greedy,0.0781595952714687,0.15441847129890587,0.11628903328518728,406.4698,16.182472222222227,27.586333333333336,2,0.0,0.0,0.05555555555555555
5,speed_manoeuvre,1,0.6,Fixed-L1,0.0781595952714687,0.15811220817383745,0.11813590172265306,85.3242,14.624400000000007,0.7166666666666667,0,0.0,0.0,0.0
5,speed_manoeuvre,1,0.6,Proposed-Exact-Online,0.0781595952714687,0.08870893937120214,0.08343426732133541,769.923,37.99548333333337,54.114111111111114,2,0.0,0.0,0.8333333333333334
5,speed_manoeuvre,1,1.35,Discounted-LinUCB,0.049596776264153916,0.030089770432306207,0.03984327334823006,1103.0582,72.50190677777782,350.47088888888885,4,0.0,0.5555555555555556,0.93
5,speed_manoeuvre,0,0.9,Proposed-Exact-Online,0.06366033730961623,0.04317685319653356,0.053418595253074894,657.8038,46.05429437777781,44.33233333333334,7,0.0,0.15333333333333332,0.8077777777777778
5,speed_manoeuvre,1,0.9,Greedy-Online,0.07802283745952455,0.0392102714931122,0.058616554476318375,610.6672,41.83594820000004,35.836777777777776,7,0.0,0.006666666666666667,0.9566666666666667
5,speed_manoeuvre,1,0.9,Switch-Aware-Greedy,0.054590613157549435,0.07469251753186251,0.06464156534470597,661.9379,49.94581171111115,37.95677777777777,3,0.0,0.2866666666666667,0.6744444444444444
5,speed_manoeuvre,1,1.35,Fixed-L1,0.0781595952714687,0.15811220817383745,0.11813590172265306,82.8381,14.624400000000007,0.7623333333333332,0,0.0,0.0,0.0
5,speed_manoeuvre,0,0.9,Fixed-L2,0.0,0.0,0.0,284.728,99.90138000000003,1.3344444444444445,0,1.0,1.0,1.0
5,speed_manoeuvre,0,0.6,Contextual-Thompson,0.0781595952714687,0.08787225880677703,0.08301592703912286,1018.1905,38.02664477777781,453.0783333333333,2,0.0,0.0,0.8344444444444444
5,speed_manoeuvre,0,0.35,Switch-Aware-Greedy,0.0781595952714687,0.15441847129890587,0.11628903328518728,369.4002,16.182472222222227,25.12911111111111,2,0.0,0.0,0.05555555555555555
5,speed_manoeuvre,1,1.35,Contextual-Thompson,0.049596776264153916,0.030089770432306207,0.03984327334823006,1106.1576,72.50190677777782,368.6628888888889,4,0.0,0.5555555555555556,0.93
5,speed_manoeuvre,1,0.9,Fixed-L1,0.0781595952714687,0.15811220817383745,0.11813590172265306,83.5221,14.624400000000007,0.6433333333333333,0,0.0,0.0,0.0
5,speed_manoeuvre,0,0.9,Contextual-Thompson,0.07496144197341509,0.04193202952778865,0.05844673575060187,822.7998,40.1396214666667,340.98288888888885,14,0.0,0.07666666666666666,0.7533333333333333
5,speed_manoeuvre,1,0.9,Contextual-Thompson,0.07496144197341509,0.04193202952778865,0.05844673575060187,837.2867,40.1396214666667,351.786,14,0.0,0.07666666666666666,0.7533333333333333
5,speed_manoeuvre,0,0.6,Fixed-L1,0.0781595952714687,0.15811220817383745,0.11813590172265306,80.8067,14.624400000000007,0.6433333333333332,0,0.0,0.0,0.0
5,speed_manoeuvre,0,1.35,Fixed-L1,0.0781595952714687,0.15811220817383745,0.11813590172265306,78.9425,14.624400000000007,0.5888888888888889,0,0.0,0.0,0.0
5,speed_manoeuvre,0,1.35,Greedy-Online,0.05103738671509126,0.04590679625548929,0.048472091485290275,588.9667,69.60155413333337,25.433333333333334,56,0.0,0.4988888888888889,0.9422222222222222
5,speed_manoeuvre,1,1.35,Greedy-Online,0.05103738671509126,0.04590679625548929,0.048472091485290275,479.0212,69.60155413333337,19.372666666666664,56,0.0,0.4988888888888889,0.9422222222222222
5,speed_manoeuvre,0,0.9,Threshold-Projected,0.0781595952714687,0.08834500177495445,0.08325229852321157,67.3461,25.87368144444446,8.06611111111111,6,0.0,0.0,0.4011111111111111
5,speed_manoeuvre,1,0.6,Greedy-Online,0.0781595952714687,0.08787225880677703,0.08301592703912286,316.1482,38.02664477777781,19.959222222222227,2,0.0,0.0,0.8344444444444444
5,speed_manoeuvre,1,0.35,Fixed-L1,0.0781595952714687,0.15811220817383745,0.11813590172265306,55.4213,14.624400000000007,0.3717777777777778,0,0.0,0.0,0.0
5,speed_manoeuvre,0,0.6,Discounted-LinUCB,0.0781595952714687,0.08787225880677703,0.08301592703912286,421.9899,38.02664477777781,170.60744444444447,2,0.0,0.0,0.8344444444444444
5,speed_manoeuvre,1,0.6,Discounted-LinUCB,0.0781595952714687,0.08787225880677703,0.08301592703912286,413.3959,38.02664477777781,168.05977777777775,2,0.0,0.0,0.8344444444444444
5,speed_manoeuvre,0,1.35,Fixed-L2,0.0,0.0,0.0,154.7429,99.90138000000003,0.7161111111111111,0,0.5144444444444445,1.0,1.0
5,speed_manoeuvre,1,0.35,Discounted-LinUCB,0.0781595952714687,0.15425295483048446,0.11620627505097658,288.148,16.244795111111117,119.35300000000001,2,0.0,0.0,0.057777777777777775
5,speed_manoeuvre,1,1.35,Threshold-Projected,0.0781595952714687,0.08834500177495445,0.08325229852321157,68.0488,25.87368144444446,8.479333333333333,6,0.0,0.0,0.4011111111111111
5,speed_manoeuvre,0,1.35,Proposed-Exact-Online,0.04685329420340698,0.03642672039395755,0.041640007298682266,638.5857,75.03392877777782,35.81255555555556,7,0.0,0.6444444444444445,0.8388888888888889
5,speed_manoeuvre,0,1.35,Discounted-LinUCB,0.049596776264153916,0.030089770432306207,0.03984327334823006,1144.8615,72.50190677777782,362.11033333333336,4,0.0,0.5555555555555556,0.93
5,speed_manoeuvre,1,0.6,Switch-Aware-Greedy,0.0781595952714687,0.08870893937120214,0.08343426732133541,793.115,37.99548333333337,55.239,2,0.0,0.0,0.8333333333333334
5,speed_manoeuvre,1,0.9,Proposed-Exact-Online,0.06366033730961623,0.04317685319653356,0.053418595253074894,725.6777,46.05429437777781,49.25788888888889,7,0.0,0.15333333333333332,0.8077777777777778
5,speed_manoeuvre,0,0.35,Threshold-Projected,0.0781595952714687,0.15425295483048446,0.11620627505097658,116.3451,16.244795111111117,18.26122222222222,2,0.0,0.0,0.057777777777777775
5,coupled_extreme,0,0.9,Discounted-LinUCB,0.11952847937687211,0.09412116218621577,0.10682482078154394,902.2345,49.544713955555586,327.72433333333333,15,0.0,0.23555555555555555,0.7644444444444445
5,coupled_extreme,1,0.6,Switch-Aware-Greedy,0.13599863860778247,0.08042948908595561,0.10821406384686905,569.0101,37.99548333333336,36.35666666666667,3,0.0,0.0,0.8333333333333334
5,coupled_extreme,1,0.6,Proposed-Exact-Online,0.13599863860778247,0.08042948908595561,0.10821406384686905,594.6164,37.99548333333336,41.06755555555556,3,0.0,0.0,0.8333333333333334
5,coupled_extreme,0,0.35,Greedy-Online,0.13599863860778247,0.13504257746743215,0.1355206080376073,388.4918,16.338279444444453,28.57766666666667,4,0.0,0.0,0.06111111111111111
5,coupled_extreme,0,0.35,Threshold-Projected,0.13599863860778247,0.13504257746743215,0.1355206080376073,115.3683,16.338279444444453,21.740444444444446,4,0.0,0.0,0.06111111111111111
5,coupled_extreme,0,0.6,Fixed-L2,0.0,0.0,0.0,529.6479,99.90138000000003,2.5658888888888884,0,1.0,1.0,1.0
5,coupled_extreme,0,0.35,Fixed-L1,0.13599863860778247,0.13423358046088527,0.13511610953433387,194.7159,14.624400000000007,0.8254444444444443,0,0.0,0.0,0.0
5,coupled_extreme,1,1.35,Switch-Aware-Greedy,0.1100013646152425,0.05396622467071064,0.08198379464297657,1097.1439,69.98616962222225,53.69766666666666,5,0.0,0.5355555555555556,0.8811111111111111
5,coupled_extreme,1,0.35,Threshold-Projected,0.13599863860778247,0.13504257746743215,0.1355206080376073,130.3909,16.338279444444453,22.569444444444443,4,0.0,0.0,0.06111111111111111
5,coupled_extreme,1,0.9,Proposed-Exact-Online,0.11968276602630432,0.06307788832264602,0.09138032717447517,788.7917,50.12844155555559,49.40711111111111,7,0.0,0.25555555555555554,0.7444444444444445
5,coupled_extreme,1,0.35,Fixed-L2,0.0,0.0,0.0,358.7995,99.90138000000003,1.3244444444444445,0,1.0,1.0,1.0
5,coupled_extreme,1,0.35,Greedy-Online,0.13599863860778247,0.13504257746743215,0.1355206080376073,510.2914,16.338279444444453,36.780666666666676,4,0.0,0.0,0.06111111111111111
5,coupled_extreme,1,0.35,Fixed-L1,0.13599863860778247,0.13423358046088527,0.13511610953433387,112.3033,14.624400000000007,0.7283333333333334,0,0.0,0.0,0.0
5,coupled_extreme,0,0.35,Discounted-LinUCB,0.13599863860778247,0.13480295673351972,0.1354007976706511,780.3163,16.213633666666674,321.7556666666666,4,0.0,0.0,0.056666666666666664
5,coupled_extreme,1,0.9,Greedy-Online,0.1282289782266142,0.08590785953574769,0.10706841888118093,1030.2555,43.28585691111115,62.952555555555556,17,0.0,0.021111111111111112,0.9788888888888889
5,coupled_extreme,0,0.6,Threshold-Projected,0.13599863860778247,0.09577733010157895,0.1158879843546807,164.2825,34.6612087777778,19.48011111111111,17,0.0,0.0,0.7144444444444444
5,coupled_extreme,1,1.35,Proposed-Exact-Online,0.08201852363523039,0.11366269963228066,0.09784061163375553,1118.5604,72.43738595555558,67.09100000000001,11,0.0,0.6355555555555555,0.7644444444444445
5,coupled_extreme,1,0.6,Greedy-Online,0.13599863860778247,0.08007942114814977,0.10803902987796613,756.5046,38.05780622222226,51.465,5,0.0,0.0,0.8355555555555556
5,coupled_extreme,1,0.9,Threshold-Projected,0.12032658466743991,0.12257632221011341,0.12145145343877667,189.8722,41.83628600000003,23.56744444444444,19,0.0,0.08888888888888889,0.7888888888888889
5,coupled_extreme,0,0.35,Proposed-Exact-Online,0.13599863860778247,0.1343721792684185,0.1351854089381005,457.7811,15.839696333333341,41.638111111111115,4,0.0,0.0,0.043333333333333335
5,coupled_extreme,0,1.35,Threshold-Projected,0.09545131455761506,0.11484224095951406,0.10514677775856457,179.61,46.82625851111114,17.884777777777778,22,0.0,0.17444444444444446,0.7922222222222223
5,coupled_extreme,0,1.35,Greedy-Online,0.10877798650445294,0.07234951092648968,0.09056374871547132,989.7283,69.50026517777782,47.236777777777775,35,0.0,0.5466666666666666,0.8411111111111111
5,coupled_extreme,0,0.9,Contextual-Thompson,0.11966419120558634,0.09372087740618655,0.10669253430588645,1247.1518,49.51228464444448,473.68922222222216,15,0.0,0.23444444444444446,0.7655555555555555
5,coupled_extreme,0,0.35,Switch-Aware-Greedy,0.13599863860778247,0.1343721792684185,0.1351854089381005,478.6063,15.839696333333341,33.52522222222222,4,0.0,0.0,0.043333333333333335
5,coupled_extreme,1,0.35,Contextual-Thompson,0.13599863860778247,0.13480295673351972,0.1354007976706511,678.533,16.213633666666674,305.87133333333327,4,0.0,0.0,0.056666666666666664
5,coupled_extreme,1,0.9,Discounted-LinUCB,0.11952847937687211,0.09412116218621577,0.10682482078154394,1120.7648,49.544713955555586,411.2757777777777,15,0.0,0.23555555555555555,0.7644444444444445
5,coupled_extreme,0,0.6,Fixed-L1,0.13599863860778247,0.13423358046088527,0.13511610953433387,97.4668,14.624400000000007,0.6945555555555555,0,0.0,0.0,0.0
5,coupled_extreme,1,1.35,Discounted-LinUCB,0.10413251035281747,0.0857807757190301,0.09495664303592379,1424.274,71.19566184444449,439.47822222222226,18,0.0,0.5577777777777778,0.8788888888888889
5,coupled_extreme,1,0.9,Fixed-L1,0.13599863860778247,0.13423358046088527,0.13511610953433387,88.6157,14.624400000000007,1.5066666666666664,0,0.0,0.0,0.0
5,coupled_extreme,0,0.35,Fixed-L2,0.0,0.0,0.0,262.6416,99.90138000000003,1.1591111111111112,0,1.0,1.0,1.0
5,coupled_extreme,1,0.35,Proposed-Exact-Online,0.13599863860778247,0.1343721792684185,0.1351854089381005,404.7301,15.839696333333341,35.71355555555556,4,0.0,0.0,0.043333333333333335
5,coupled_extreme,1,0.35,Discounted-LinUCB,0.13599863860778247,0.13480295673351972,0.1354007976706511,571.366,16.213633666666674,241.8966666666667,4,0.0,0.0,0.056666666666666664
5,coupled_extreme,0,0.35,Contextual-Thompson,0.13599863860778247,0.13480295673351972,0.1354007976706511,773.3203,16.213633666666674,342.9097777777778,4,0.0,0.0,0.056666666666666664
5,coupled_extreme,1,0.9,Contextual-Thompson,0.11966419120558634,0.09372087740618655,0.10669253430588645,1214.9521,49.51228464444448,445.84099999999995,15,0.0,0.23444444444444446,0.7655555555555555
5,coupled_extreme,0,0.9,Proposed-Exact-Online,0.11968276602630432,0.06307788832264602,0.09138032717447517,869.1619,50.12844155555559,55.57555555555555,7,0.0,0.25555555555555554,0.7444444444444445
5,coupled_extreme,0,0.6,Proposed-Exact-Online,0.13599863860778247,0.08042948908595561,0.10821406384686905,679.4705,37.99548333333336,47.028222222222226,3,0.0,0.0,0.8333333333333334
5,coupled_extreme,1,1.35,Threshold-Projected,0.09545131455761506,0.11484224095951406,0.10514677775856457,232.8164,46.82625851111114,23.44788888888889,22,0.0,0.17444444444444446,0.7922222222222223
5,coupled_extreme,1,0.6,Fixed-L1,0.13599863860778247,0.13423358046088527,0.13511610953433387,89.1847,14.624400000000007,0.646111111111111,0,0.0,0.0,0.0
5,coupled_extreme,0,0.6,Contextual-Thompson,0.13599863860778247,0.07975376452381137,0.10787620156579691,881.4176,38.12012911111115,378.1926666666667,3,0.0,0.0,0.8377777777777777
5,coupled_extreme,1,1.35,Fixed-L1,0.13599863860778247,0.13423358046088527,0.13511610953433387,85.804,14.624400000000007,0.6191111111111111,0,0.0,0.0,0.0
5,coupled_extreme,0,0.9,Threshold-Projected,0.12032658466743991,0.12257632221011341,0.12145145343877667,146.9106,41.83628600000003,16.201444444444444,19,0.0,0.08888888888888889,0.7888888888888889
5,coupled_extreme,1,0.6,Threshold-Projected,0.13599863860778247,0.09577733010157895,0.1158879843546807,131.0721,34.6612087777778,17.473666666666663,17,0.0,0.0,0.7144444444444444
5,coupled_extreme,1,0.35,Switch-Aware-Greedy,0.13599863860778247,0.1343721792684185,0.1351854089381005,372.4707,15.839696333333341,24.608555555555558,4,0.0,0.0,0.043333333333333335
5,coupled_extreme,0,1.35,Proposed-Exact-Online,0.08201852363523039,0.11366269963228066,0.09784061163375553,802.9165,72.43738595555558,44.12211111111111,11,0.0,0.6355555555555555,0.7644444444444445
5,coupled_extreme,1,0.6,Contextual-Thompson,0.13599863860778247,0.07975376452381137,0.10787620156579691,961.9163,38.12012911111115,418.5708888888889,3,0.0,0.0,0.8377777777777777
5,coupled_extreme,1,1.35,Greedy-Online,0.10877798650445294,0.07234951092648968,0.09056374871547132,853.6294,69.50026517777782,37.87444444444444,35,0.0,0.5466666666666666,0.8411111111111111
5,coupled_extreme,0,0.9,Fixed-L2,0.0,0.0,0.0,311.6021,99.90138000000003,2.789777777777778,0,1.0,1.0,1.0
5,coupled_extreme,0,0.6,Greedy-Online,0.13599863860778247,0.08007942114814977,0.10803902987796613,602.4537,38.05780622222226,34.60766666666667,5,0.0,0.0,0.8355555555555556
5,coupled_extreme,0,1.35,Discounted-LinUCB,0.10413251035281747,0.0857807757190301,0.09495664303592379,1152.2531,71.19566184444449,367.7987777777778,18,0.0,0.5577777777777778,0.8788888888888889
5,coupled_extreme,0,0.6,Discounted-LinUCB,0.13599863860778247,0.07948725765813908,0.10774294813296077,811.2585,38.15129055555559,325.13055555555553,2,0.0,0.0,0.8388888888888889
5,coupled_extreme,1,0.6,Discounted-LinUCB,0.13599863860778247,0.07948725765813908,0.10774294813296077,987.5352,38.15129055555559,411.1992222222222,2,0.0,0.0,0.8388888888888889
5,coupled_extreme,1,0.6,Fixed-L2,0.0,0.0,0.0,262.4801,99.90138000000003,1.089222222222222,0,1.0,1.0,1.0
5,coupled_extreme,0,1.35,Contextual-Thompson,0.10390194450782653,0.0865003922562631,0.09520116838204482,596.8495,71.20200117777782,199.03588888888888,19,0.0,0.5633333333333334,0.8677777777777778
5,coupled_extreme,0,0.6,Switch-Aware-Greedy,0.13599863860778247,0.08042948908595561,0.10821406384686905,299.5371,37.99548333333336,19.112888888888886,3,0.0,0.0,0.8333333333333334
5,coupled_extreme,1,0.9,Switch-Aware-Greedy,0.12857029164787145,0.029506221737025294,0.07903825669244838,384.6219,50.42030535555559,22.397,1,0.0,0.26555555555555554,0.7344444444444445
5,coupled_extreme,1,1.35,Contextual-Thompson,0.10390194450782653,0.0865003922562631,0.09520116838204482,1482.619,71.20200117777782,509.43877777777783,19,0.0,0.5633333333333334,0.8677777777777778
5,coupled_extreme,0,1.35,Switch-Aware-Greedy,0.1100013646152425,0.05396622467071064,0.08198379464297657,664.4143,69.98616962222225,33.98577777777778,5,0.0,0.5355555555555556,0.8811111111111111
5,coupled_extreme,0,0.9,Fixed-L1,0.13599863860778247,0.13423358046088527,0.13511610953433387,73.4185,14.624400000000007,0.41844444444444445,0,0.0,0.0,0.0
5,coupled_extreme,0,0.9,Switch-Aware-Greedy,0.12857029164787145,0.029506221737025294,0.07903825669244838,607.6602,50.42030535555559,40.873999999999995,1,0.0,0.26555555555555554,0.7344444444444445
5,coupled_extreme,0,1.35,Fixed-L2,0.0,0.0,0.0,221.5383,99.90138000000003,0.7365555555555554,0,0.5622222222222222,1.0,1.0
5,coupled_extreme,0,1.35,Fixed-L1,0.13599863860778247,0.13423358046088527,0.13511610953433387,63.6044,14.624400000000007,0.9293333333333333,0,0.0,0.0,0.0
5,coupled_extreme,1,0.9,Fixed-L2,0.0,0.0,0.0,223.6744,99.90138000000003,1.7273333333333334,0,1.0,1.0,1.0
5,coupled_extreme,1,1.35,Fixed-L2,0.0,0.0,0.0,223.1591,99.90138000000003,1.0025555555555554,0,0.5622222222222222,1.0,1.0
5,coupled_extreme,0,0.9,Greedy-Online,0.1282289782266142,0.08590785953574769,0.10706841888118093,436.7632,43.28585691111115,26.701,17,0.0,0.021111111111111112,0.9788888888888889
6,storm_passage,1,0.35,Switch-Aware-Greedy,0.150588863892016,0.12316360946818986,0.13687623668010293,262.841,14.624400000000007,19.45677777777778,0,0.0,0.0,0.0
6,storm_passage,1,0.9,Discounted-LinUCB,0.13397924937165623,0.13046405605471556,0.1322216527131859,800.1315,52.86698544444448,268.41988888888886,18,0.0,0.3888888888888889,0.57
6,storm_passage,1,0.6,Discounted-LinUCB,0.150588863892016,0.08025100895268684,0.11541993642235143,797.9575,37.99548333333337,337.5031111111111,2,0.0,0.0,0.8333333333333334
6,storm_passage,0,0.9,Greedy-Online,0.14330545011262763,0.10107136110582031,0.12218840560922398,998.3808,44.15778508888892,65.025,46,0.0,0.18444444444444444,0.6766666666666666
6,storm_passage,1,0.6,Switch-Aware-Greedy,0.150588863892016,0.08114414791432897,0.11586650590317249,765.4472,32.38642333333336,51.94655555555555,3,0.0,0.0,0.6333333333333333
6,storm_passage,0,0.9,Contextual-Thompson,0.13614638966261752,0.1304457058830112,0.13329604777281434,1244.3264,45.99752113333336,423.39522222222223,18,0.0,0.37666666666666665,0.35
6,storm_passage,1,0.35,Fixed-L2,0.0,0.0,0.0,357.3439,99.90138000000003,1.4161111111111109,0,1.0,1.0,1.0
6,storm_passage,0,0.35,Threshold-Projected,0.150588863892016,0.12316360946818986,0.13687623668010293,121.7293,14.624400000000007,21.077111111111112,0,0.0,0.0,0.0
6,storm_passage,0,0.35,Fixed-L1,0.150588863892016,0.12316360946818986,0.13687623668010293,103.1011,14.624400000000007,0.7874444444444444,0,0.0,0.0,0.0
6,storm_passage,1,0.6,Proposed-Exact-Online,0.150588863892016,0.08114414791432897,0.11586650590317249,656.1329,32.38642333333336,49.36877777777778,3,0.0,0.0,0.6333333333333333
6,storm_passage,0,0.9,Proposed-Exact-Online,0.13941085543083903,0.0951965156535486,0.11730368554219381,1065.3197,48.797374511111144,76.39288888888889,10,0.0,0.2633333333333333,0.6811111111111111
6,storm_passage,0,0.9,Threshold-Projected,0.13899168626319694,0.1309204907202368,0.13495608849171686,168.9417,23.990386044444453,23.178555555555555,21,0.0,0.07,0.19111111111111112
6,storm_passage,0,0.6,Fixed-L2,0.0,0.0,0.0,360.0815,99.90138000000003,1.403111111111111,0,1.0,1.0,1.0
6,storm_passage,0,0.9,Discounted-LinUCB,0.13397924937165623,0.13046405605471556,0.1322216527131859,1108.6154,52.86698544444448,374.84411111111115,18,0.0,0.3888888888888889,0.57
6,storm_passage,1,0.9,Proposed-Exact-Online,0.13941085543083903,0.0951965156535486,0.11730368554219381,759.9226,48.797374511111144,50.96622222222223,10,0.0,0.2633333333333333,0.6811111111111111
6,storm_passage,0,0.6,Fixed-L1,0.150588863892016,0.12316360946818986,0.13687623668010293,104.2028,14.624400000000007,0.7198888888888887,0,0.0,0.0,0.0
6,storm_passage,0,1.35,Switch-Aware-Greedy,0.12891660563404786,0.046588433862093215,0.08775251974807054,995.0782,67.65433017777782,48.947,4,0.0,0.4855555555555556,0.9
6,storm_passage,0,1.35,Fixed-L2,0.0,0.0,0.0,346.2512,99.90138000000003,1.4035555555555557,0,0.5155555555555555,1.0,1.0
6,storm_passage,1,0.9,Threshold-Projected,0.13899168626319694,0.1309204907202368,0.13495608849171686,168.6806,23.990386044444453,22.676777777777776,21,0.0,0.07,0.19111111111111112
6,storm_passage,1,0.9,Greedy-Online,0.14330545011262763,0.10107136110582031,0.12218840560922398,832.4375,44.15778508888892,40.289333333333325,46,0.0,0.18444444444444444,0.6766666666666666
6,storm_passage,0,0.35,Discounted-LinUCB,0.150588863892016,0.12316854632761724,0.13687870510981662,620.9709,15.403436111111118,256.33155555555555,6,0.0,0.0,0.027777777777777776
6,storm_passage,1,1.35,Proposed-Exact-Online,0.09469948974843545,0.08475729933068424,0.08972839453955984,1026.9491,75.37250622222224,55.63477777777778,14,0.0,0.75,0.6355555555555555
6,storm_passage,1,1.35,Greedy-Online,0.10524760467420864,0.09169472753927413,0.09847116610674139,944.5584,73.1307423555556,41.42177777777778,88,0.0,0.5877777777777777,0.8866666666666667
6,storm_passage,1,0.6,Greedy-Online,0.150588863892016,0.0810412388636875,0.11581505137785175,597.552,31.60738722222225,37.43388888888889,11,0.0,0.0,0.6055555555555555
6,storm_passage,1,0.35,Contextual-Thompson,0.150588863892016,0.12316907481302342,0.1368789693525197,797.3842,15.21646744444445,352.6122222222222,2,0.0,0.0,0.021111111111111112
6,storm_passage,0,0.35,Greedy-Online,0.150588863892016,0.12316365573640045,0.13687625981420823,515.9844,14.655561444444452,41.888,2,0.0,0.0,0.0011111111111111111
6,storm_passage,0,0.6,Contextual-Thompson,0.150588863892016,0.08025100895268684,0.11541993642235143,1031.5723,37.99548333333337,459.64666666666665,2,0.0,0.0,0.8333333333333334
6,storm_passage,1,1.35,Fixed-L2,0.0,0.0,0.0,405.5644,99.90138000000003,1.4157777777777778,0,0.5155555555555555,1.0,1.0
6,storm_passage,1,0.6,Contextual-Thompson,0.150588863892016,0.08025100895268684,0.11541993642235143,1175.6472,37.99548333333337,514.6984444444444,2,0.0,0.0,0.8333333333333334
6,storm_passage,0,0.9,Fixed-L2,0.0,0.0,0.0,389.6549,99.90138000000003,1.4153333333333336,0,1.0,1.0,1.0
6,storm_passage,0,1.35,Fixed-L1,0.150588863892016,0.12316360946818986,0.13687623668010293,108.5585,14.624400000000007,0.7275555555555555,0,0.0,0.0,0.0
6,storm_passage,1,0.9,Contextual-Thompson,0.13614638966261752,0.1304457058830112,0.13329604777281434,1618.1747,45.99752113333336,583.9652222222222,18,0.0,0.37666666666666665,0.35
6,storm_passage,1,0.35,Proposed-Exact-Online,0.150588863892016,0.12316360946818986,0.13687623668010293,845.0784,14.624400000000007,83.57888888888888,0,0.0,0.0,0.0
6,storm_passage,0,1.35,Threshold-Projected,0.11842876971122625,0.11026114214422558,0.11434495592772592,277.7119,29.89745175555557,36.74755555555556,21,0.0,0.14,0.2588888888888889
6,storm_passage,1,0.9,Switch-Aware-Greedy,0.14597541766160976,0.07098359922256263,0.1084795084420862,1332.943,49.05680900000004,72.02833333333334,4,0.0,0.2722222222222222,0.6722222222222223
6,storm_passage,0,0.6,Discounted-LinUCB,0.150588863892016,0.08025100895268684,0.11541993642235143,1792.3351,37.99548333333337,709.5716666666667,2,0.0,0.0,0.8333333333333334
6,storm_passage,1,0.9,Fixed-L1,0.150588863892016,0.12316360946818986,0.13687623668010293,176.6068,14.624400000000007,1.0393333333333334,0,0.0,0.0,0.0
6,storm_passage,0,0.6,Threshold-Projected,0.150588863892016,0.09263348890933497,0.12161117640067548,210.2718,21.074819000000012,31.02166666666667,10,0.0,0.0,0.23
6,storm_passage,0,0.6,Switch-Aware-Greedy,0.150588863892016,0.08114414791432897,0.11586650590317249,927.3732,32.38642333333336,72.58300000000001,3,0.0,0.0,0.6333333333333333
6,storm_passage,0,0.35,Switch-Aware-Greedy,0.150588863892016,0.12316360946818986,0.13687623668010293,685.169,14.624400000000007,49.31088888888889,0,0.0,0.0,0.0
6,storm_passage,1,0.6,Fixed-L1,0.150588863892016,0.12316360946818986,0.13687623668010293,176.7009,14.624400000000007,0.9822222222222222,0,0.0,0.0,0.0
6,storm_passage,0,1.35,Contextual-Thompson,0.10085838773726132,0.08700379560954137,0.09393109167340134,3046.7532,78.18591128888893,1000.209111111111,30,0.0,0.7577777777777778,0.72
6,storm_passage,0,0.9,Fixed-L1,0.150588863892016,0.12316360946818986,0.13687623668010293,310.3376,14.624400000000007,3.1847777777777773,0,0.0,0.0,0.0
6,storm_passage,0,0.35,Contextual-Thompson,0.150588863892016,0.12316907481302342,0.1368789693525197,1750.3392,15.21646744444445,817.4206666666666,2,0.0,0.0,0.021111111111111112
6,storm_passage,1,1.35,Fixed-L1,0.150588863892016,0.12316360946818986,0.13687623668010293,164.2878,14.624400000000007,1.8547777777777774,0,0.0,0.0,0.0
6,storm_passage,1,0.6,Fixed-L2,0.0,0.0,0.0,803.8268,99.90138000000003,4.9478888888888894,0,1.0,1.0,1.0
6,storm_passage,1,0.35,Discounted-LinUCB,0.150588863892016,0.12316854632761724,0.13687870510981662,1589.2471,15.403436111111118,716.6659999999999,6,0.0,0.0,0.027777777777777776
6,storm_passage,1,1.35,Threshold-Projected,0.11842876971122625,0.11026114214422558,0.11434495592772592,264.7544,29.89745175555557,24.112000000000002,21,0.0,0.14,0.2588888888888889
6,storm_passage,1,0.9,Fixed-L2,0.0,0.0,0.0,728.8839,99.90138000000003,3.0653333333333337,0,1.0,1.0,1.0
6,storm_passage,0,1.35,Proposed-Exact-Online,0.09469948974843545,0.08475729933068424,0.08972839453955984,2660.9426,75.37250622222224,140.8548888888889,14,0.0,0.75,0.6355555555555555
6,storm_passage,1,1.35,Switch-Aware-Greedy,0.12891660563404786,0.046588433862093215,0.08775251974807054,1292.8527,67.65433017777782,64.17755555555556,4,0.0,0.4855555555555556,0.9
6,storm_passage,1,0.35,Greedy-Online,0.150588863892016,0.12316365573640045,0.13687625981420823,736.2535,14.655561444444452,54.906777777777776,2,0.0,0.0,0.0011111111111111111
6,storm_passage,1,0.35,Threshold-Projected,0.150588863892016,0.12316360946818986,0.13687623668010293,288.2846,14.624400000000007,50.01222222222222,0,0.0,0.0,0.0
6,storm_passage,1,0.35,Fixed-L1,0.150588863892016,0.12316360946818986,0.13687623668010293,312.8241,14.624400000000007,2.392666666666667,0,0.0,0.0,0.0
6,storm_passage,1,0.6,Threshold-Projected,0.150588863892016,0.09263348890933497,0.12161117640067548,277.1724,21.074819000000012,42.029333333333334,10,0.0,0.0,0.23
6,storm_passage,0,0.35,Proposed-Exact-Online,0.150588863892016,0.12316360946818986,0.13687623668010293,644.5248,14.624400000000007,54.609333333333325,0,0.0,0.0,0.0
6,storm_passage,1,1.35,Contextual-Thompson,0.10085838773726132,0.08700379560954137,0.09393109167340134,2302.1243,78.18591128888893,701.9304444444443,30,0.0,0.7577777777777778,0.72
6,storm_passage,0,0.6,Greedy-Online,0.150588863892016,0.0810412388636875,0.11581505137785175,963.7134,31.60738722222225,60.61044444444445,11,0.0,0.0,0.6055555555555555
6,storm_passage,0,1.35,Discounted-LinUCB,0.09977433120402439,0.09130903859779856,0.09554168490091147,1627.9787,78.11978480000003,465.71977777777784,28,0.0,0.7544444444444445,0.7244444444444444
6,storm_passage,0,0.6,Proposed-Exact-Online,0.150588863892016,0.08114414791432897,0.11586650590317249,1358.9421,32.38642333333336,96.90977777777779,3,0.0,0.0,0.6333333333333333
6,storm_passage,0,1.35,Greedy-Online,0.10524760467420864,0.09169472753927413,0.09847116610674139,1285.7008,73.1307423555556,54.49644444444445,88,0.0,0.5877777777777777,0.8866666666666667
6,storm_passage,0,0.35,Fixed-L2,0.0,0.0,0.0,383.4173,99.90138000000003,1.5907777777777778,0,1.0,1.0,1.0
6,storm_passage,1,1.35,Discounted-LinUCB,0.09977433120402439,0.09130903859779856,0.09554168490091147,1620.4779,78.11978480000003,463.6743333333334,28,0.0,0.7544444444444445,0.7244444444444444
6,storm_passage,0,0.9,Switch-Aware-Greedy,0.14597541766160976,0.07098359922256263,0.1084795084420862,1145.333,49.05680900000004,73.64077777777777,4,0.0,0.2722222222222222,0.6722222222222223
6,multi_squall,1,0.9,Fixed-L2,0.0,0.0,0.0,456.3765,99.90138000000003,2.542444444444444,0,1.0,1.0,1.0
6,multi_squall,1,0.6,Fixed-L1,0.12102093090893472,0.07006728208078425,0.09554410649485948,87.6701,14.624400000000007,0.6654444444444443,0,0.0,0.0,0.0
6,multi_squall,0,0.6,Switch-Aware-Greedy,0.12102093090893472,0.057173325444883516,0.08909712817690912,680.1388,37.839676111111146,43.874111111111105,2,0.0,0.0,0.8277777777777777
6,multi_squall,0,1.35,Greedy-Online,0.09549008374805887,0.0460223188527288,0.07075620130039384,867.2043,66.62780560000003,40.520111111111106,45,0.0,0.5144444444444445,0.8044444444444444
6,multi_squall,1,1.35,Fixed-L2,0.0,0.0,0.0,390.9133,99.90138000000003,1.625888888888889,0,0.5133333333333333,1.0,1.0
6,multi_squall,0,0.9,Threshold-Projected,0.11095961852917154,0.07023552273022704,0.09059757062969928,254.3396,39.83068313333335,29.63388888888889,20,0.0,0.21555555555555556,0.4588888888888889
6,multi_squall,1,0.9,Switch-Aware-Greedy,0.12102093090893472,0.05428107594863991,0.08765100342878732,836.3484,41.26743500000005,52.54911111111111,2,0.0,0.0,0.95
6,multi_squall,0,1.35,Discounted-LinUCB,0.057006604009043726,0.07932928667411097,0.06816794534157736,1593.9478,79.96064833333334,444.3651111111111,12,0.0,0.8111111111111111,0.6744444444444444
6,multi_squall,1,0.9,Contextual-Thompson,0.10182023188173406,0.06104923300857113,0.08143473244515259,1280.4748,53.42335520000003,445.1098888888889,16,0.0,0.4122222222222222,0.5422222222222223
6,multi_squall,1,0.6,Proposed-Exact-Online,0.12102093090893472,0.057173325444883516,0.08909712817690912,788.0621,37.839676111111146,55.69377777777778,2,0.0,0.0,0.8277777777777777
6,multi_squall,1,0.9,Proposed-Exact-Online,0.10496851364947142,0.058151675021536293,0.08156009433550386,768.9091,51.482668000000025,48.135111111111115,10,0.0,0.35,0.6
6,multi_squall,1,0.9,Threshold-Projected,0.11095961852917154,0.07023552273022704,0.09059757062969928,163.7577,39.83068313333335,19.649111111111107,20,0.0,0.21555555555555556,0.4588888888888889
6,multi_squall,1,0.6,Discounted-LinUCB,0.12102093090893472,0.05717545838829785,0.08909819464861629,936.9841,37.93316044444448,399.7607777777778,2,0.0,0.0,0.8311111111111111
6,multi_squall,1,1.35,Greedy-Online,0.09549008374805887,0.0460223188527288,0.07075620130039384,743.7939,66.62780560000003,33.565222222222225,45,0.0,0.5144444444444445,0.8044444444444444
6,multi_squall,0,1.35,Fixed-L2,0.0,0.0,0.0,305.2127,99.90138000000003,1.285,0,0.5133333333333333,1.0,1.0
6,multi_squall,1,0.9,Greedy-Online,0.11872266543343686,0.056573783352806904,0.08764822439312188,596.4981,45.715322088888925,31.039333333333335,64,0.0,0.15666666666666668,0.7888888888888889
6,multi_squall,0,0.35,Switch-Aware-Greedy,0.12102093090893472,0.06937804667082817,0.09519948878988144,373.4547,15.870857777777783,24.942444444444448,2,0.0,0.0,0.044444444444444446
6,multi_squall,1,0.35,Switch-Aware-Greedy,0.12102093090893472,0.06937804667082817,0.09519948878988144,396.1254,15.870857777777783,28.856888888888886,2,0.0,0.0,0.044444444444444446
6,multi_squall,0,0.6,Fixed-L2,0.0,0.0,0.0,273.345,99.90138000000003,1.3320000000000003,0,1.0,1.0,1.0
6,multi_squall,0,0.6,Threshold-Projected,0.12102093090893472,0.06047835660385319,0.09074964375639395,135.7937,31.20228844444447,19.520777777777774,13,0.0,0.0,0.5911111111111111
6,multi_squall,1,1.35,Threshold-Projected,0.07723565037463796,0.10230165775687794,0.08976865406575796,200.9358,54.571059755555574,17.967666666666666,22,0.0,0.4622222222222222,0.4811111111111111
6,multi_squall,0,0.9,Fixed-L1,0.12102093090893472,0.07006728208078425,0.09554410649485948,81.9752,14.624400000000007,0.6047777777777777,0,0.0,0.0,0.0
6,multi_squall,1,0.35,Threshold-Projected,0.12102093090893472,0.0692496236588717,0.09513527728390321,106.5572,16.307118000000006,20.326999999999998,6,0.0,0.0,0.06
6,multi_squall,1,0.6,Threshold-Projected,0.12102093090893472,0.06047835660385319,0.09074964375639395,134.3553,31.20228844444447,19.817222222222224,13,0.0,0.0,0.5911111111111111
6,multi_squall,0,0.9,Contextual-Thompson,0.10182023188173406,0.06104923300857113,0.08143473244515259,792.7919,53.42335520000003,277.14944444444444,16,0.0,0.4122222222222222,0.5422222222222223
6,multi_squall,0,0.35,Proposed-Exact-Online,0.12102093090893472,0.06937804667082817,0.09519948878988144,215.8317,15.870857777777783,18.12811111111111,2,0.0,0.0,0.044444444444444446
6,multi_squall,0,0.35,Contextual-Thompson,0.12102093090893472,0.06925396794142677,0.09513744942518074,301.2124,16.27595655555556,134.60444444444445,4,0.0,0.0,0.058888888888888886
6,multi_squall,0,0.35,Threshold-Projected,0.12102093090893472,0.0692496236588717,0.09513527728390321,63.4096,16.307118000000006,11.646555555555555,6,0.0,0.0,0.06
6,multi_squall,0,1.35,Fixed-L1,0.12102093090893472,0.07006728208078425,0.09554410649485948,48.8335,14.624400000000007,0.37666666666666665,0,0.0,0.0,0.0
6,multi_squall,1,1.35,Contextual-Thompson,0.06414854971755377,0.08281616912831044,0.0734823594229321,980.666,78.11217760000002,301.4112222222222,22,0.0,0.7477777777777778,0.7377777777777778
6,multi_squall,0,0.6,Greedy-Online,0.12102093090893472,0.05717545838829785,0.08909819464861629,587.8827,37.93316044444448,34.58855555555556,2,0.0,0.0,0.8311111111111111
6,multi_squall,0,0.6,Contextual-Thompson,0.12102093090893472,0.05717545838829785,0.08909819464861629,784.2544,37.93316044444448,339.5712222222222,2,0.0,0.0,0.8311111111111111
6,multi_squall,1,0.9,Discounted-LinUCB,0.10042655965399293,0.06200287693039492,0.08121471829219393,1012.7898,53.74764831111114,330.46411111111104,26,0.0,0.42333333333333334,0.5311111111111111
6,multi_squall,1,0.9,Fixed-L1,0.12102093090893472,0.07006728208078425,0.09554410649485948,130.2461,14.624400000000007,0.8108888888888889,0,0.0,0.0,0.0
6,multi_squall,1,1.35,Discounted-LinUCB,0.057006604009043726,0.07932928667411097,0.06816794534157736,1236.3287,79.96064833333334,342.64877777777775,12,0.0,0.8111111111111111,0.6744444444444444
6,multi_squall,1,0.6,Fixed-L2,0.0,0.0,0.0,350.8152,99.90138000000003,1.506888888888889,0,1.0,1.0,1.0
6,multi_squall,1,0.35,Discounted-LinUCB,0.12102093090893472,0.06925396794142677,0.09513744942518074,633.234,16.27595655555556,265.8317777777778,4,0.0,0.0,0.058888888888888886
6,multi_squall,0,0.35,Discounted-LinUCB,0.12102093090893472,0.06925396794142677,0.09513744942518074,616.0519,16.27595655555556,259.0662222222222,4,0.0,0.0,0.058888888888888886
6,multi_squall,0,1.35,Threshold-Projected,0.07723565037463796,0.10230165775687794,0.08976865406575796,215.5244,54.571059755555574,22.16411111111111,22,0.0,0.4622222222222222,0.4811111111111111
6,multi_squall,0,0.35,Greedy-Online,0.12102093090893472,0.06937123721524903,0.09519608406209187,435.7841,15.964342111111117,33.428999999999995,2,0.0,0.0,0.04777777777777778
6,multi_squall,0,0.9,Proposed-Exact-Online,0.10496851364947142,0.058151675021536293,0.08156009433550386,675.2755,51.482668000000025,42.75633333333334,10,0.0,0.35,0.6
6,multi_squall,1,0.35,Greedy-Online,0.12102093090893472,0.06937123721524903,0.09519608406209187,548.9961,15.964342111111117,38.443888888888885,2,0.0,0.0,0.04777777777777778
6,multi_squall,0,0.9,Fixed-L2,0.0,0.0,0.0,268.0321,99.90138000000003,1.2376666666666667,0,1.0,1.0,1.0
6,multi_squall,1,1.35,Switch-Aware-Greedy,0.051449497818406735,0.09856598676680008,0.0750077422926034,830.0274,79.13143277777779,41.403444444444446,5,0.0,0.7944444444444444,0.6788888888888889
6,multi_squall,0,0.35,Fixed-L1,0.12102093090893472,0.07006728208078425,0.09554410649485948,97.5383,14.624400000000007,0.8016666666666666,0,0.0,0.0,0.0
6,multi_squall,1,1.35,Fixed-L1,0.12102093090893472,0.07006728208078425,0.09554410649485948,100.7207,14.624400000000007,0.7824444444444444,0,0.0,0.0,0.0
6,multi_squall,1,0.6,Greedy-Online,0.12102093090893472,0.05717545838829785,0.08909819464861629,772.7618,37.93316044444448,38.97488888888889,2,0.0,0.0,0.8311111111111111
6,multi_squall,1,0.35,Fixed-L2,0.0,0.0,0.0,344.2162,99.90138000000003,2.4607777777777775,0,1.0,1.0,1.0
6,multi_squall,0,0.6,Discounted-LinUCB,0.12102093090893472,0.05717545838829785,0.08909819464861629,894.9959,37.93316044444448,363.0585555555556,2,0.0,0.0,0.8311111111111111
6,multi_squall,0,1.35,Proposed-Exact-Online,0.05390742314478629,0.09689628260175585,0.07540185287327107,1072.6627,79.13143277777779,53.754666666666665,10,0.0,0.7944444444444444,0.6788888888888889
6,multi_squall,1,0.6,Switch-Aware-Greedy,0.12102093090893472,0.057173325444883516,0.08909712817690912,827.2288,37.839676111111146,52.39188888888889,2,0.0,0.0,0.8277777777777777
6,multi_squall,1,0.6,Contextual-Thompson,0.12102093090893472,0.05717545838829785,0.08909819464861629,1103.8669,37.93316044444448,481.84588888888885,2,0.0,0.0,0.8311111111111111
6,multi_squall,0,0.9,Discounted-LinUCB,0.10042655965399293,0.06200287693039492,0.08121471829219393,1172.1822,53.74764831111114,378.2638888888889,26,0.0,0.42333333333333334,0.5311111111111111
6,multi_squall,0,1.35,Switch-Aware-Greedy,0.051449497818406735,0.09856598676680008,0.0750077422926034,1246.0262,79.13143277777779,51.31111111111111,5,0.0,0.7944444444444444,0.6788888888888889
6,multi_squall,0,0.35,Fixed-L2,0.0,0.0,0.0,362.3106,99.90138000000003,1.4348888888888889,0,1.0,1.0,1.0
6,multi_squall,0,0.6,Proposed-Exact-Online,0.12102093090893472,0.057173325444883516,0.08909712817690912,722.4713,37.839676111111146,51.86644444444445,2,0.0,0.0,0.8277777777777777
6,multi_squall,0,1.35,Contextual-Thompson,0.06414854971755377,0.08281616912831044,0.0734823594229321,1642.1853,78.11217760000002,493.591,22,0.0,0.7477777777777778,0.7377777777777778
6,multi_squall,1,0.35,Fixed-L1,0.12102093090893472,0.07006728208078425,0.09554410649485948,116.3187,14.624400000000007,0.7193333333333332,0,0.0,0.0,0.0
6,multi_squall,1,0.35,Contextual-Thompson,0.12102093090893472,0.06925396794142677,0.09513744942518074,681.1244,16.27595655555556,293.1095555555555,4,0.0,0.0,0.058888888888888886
6,multi_squall,0,0.9,Switch-Aware-Greedy,0.12102093090893472,0.05428107594863991,0.08765100342878732,814.5371,41.26743500000005,55.43733333333334,2,0.0,0.0,0.95
6,multi_squall,0,0.9,Greedy-Online,0.11872266543343686,0.056573783352806904,0.08764822439312188,772.4757,45.715322088888925,43.39588888888889,64,0.0,0.15666666666666668,0.7888888888888889
6,multi_squall,1,0.35,Proposed-Exact-Online,0.12102093090893472,0.06937804667082817,0.09519948878988144,445.294,15.870857777777783,37.289111111111104,2,0.0,0.0,0.044444444444444446
6,multi_squall,0,0.6,Fixed-L1,0.12102093090893472,0.07006728208078425,0.09554410649485948,96.4138,14.624400000000007,0.6984444444444443,0,0.0,0.0,0.0
6,multi_squall,1,1.35,Proposed-Exact-Online,0.05390742314478629,0.09689628260175585,0.07540185287327107,1095.1061,79.13143277777779,61.102444444444444,10,0.0,0.7944444444444444,0.6788888888888889
6,speed_manoeuvre,1,1.35,Contextual-Thompson,0.049462580695687146,0.033179787784465724,0.041321184240076435,1439.5021,70.10701180000004,489.96288888888887,6,0.0,0.5322222222222223,0.8922222222222222
6,speed_manoeuvre,0,0.6,Discounted-LinUCB,0.07807983092201239,0.08864285220380959,0.08336134156291099,1080.7291,38.12012911111115,442.1702222222222,2,0.0,0.0,0.8377777777777777
6,speed_manoeuvre,1,0.9,Threshold-Projected,0.07807983092201239,0.08813267119902808,0.08310625106052023,133.9862,25.87368144444446,16.565111111111108,6,0.0,0.0,0.4011111111111111
6,speed_manoeuvre,1,1.35,Discounted-LinUCB,0.04947200105163069,0.03328514251121728,0.041378571781423984,1230.4291,70.20429973333337,391.4637777777778,6,0.0,0.5355555555555556,0.8888888888888888
6,speed_manoeuvre,1,0.35,Switch-Aware-Greedy,0.07807983092201239,0.15705965712619052,0.11756974402410145,474.7407,15.683889111111117,33.598111111111116,2,0.0,0.0,0.03777777777777778
6,speed_manoeuvre,1,1.35,Switch-Aware-Greedy,0.04937373296336819,0.03316892405098445,0.04127132850717632,888.8901,70.17567402222227,47.144222222222226,4,0.0,0.5377777777777778,0.8833333333333333
6,speed_manoeuvre,0,0.9,Fixed-L1,0.07807983092201239,0.1580116018895448,0.1180457164057786,94.5066,14.624400000000007,0.7554444444444445,0,0.0,0.0,0.0
6,speed_manoeuvre,0,0.9,Fixed-L2,0.0,0.0,0.0,297.4457,99.90138000000003,1.5107777777777776,0,1.0,1.0,1.0
6,speed_manoeuvre,0,0.6,Greedy-Online,0.07807983092201239,0.08864285220380959,0.08336134156291099,776.8005,38.12012911111115,40.98155555555556,2,0.0,0.0,0.8377777777777777
6,speed_manoeuvre,1,0.35,Fixed-L1,0.07807983092201239,0.1580116018895448,0.1180457164057786,111.7131,14.624400000000007,0.8216666666666665,0,0.0,0.0,0.0
6,speed_manoeuvre,0,0.35,Greedy-Online,0.07807983092201239,0.1571240693380941,0.11760195013005326,462.0972,15.403436111111118,36.38422222222222,4,0.0,0.0,0.027777777777777776
6,speed_manoeuvre,0,1.35,Fixed-L2,0.0,0.0,0.0,293.5186,99.90138000000003,1.276777777777778,0,0.5755555555555556,1.0,1.0
6,speed_manoeuvre,1,1.35,Greedy-Online,0.05164471542621235,0.039423751315667485,0.04553423337093992,805.7722,67.00827968888893,38.82133333333333,104,0.0,0.46555555555555556,0.9177777777777778
6,speed_manoeuvre,0,0.35,Discounted-LinUCB,0.07807983092201239,0.15707557799069571,0.11757770445635404,502.5509,15.652727666666673,210.00400000000002,4,0.0,0.0,0.03666666666666667
6,speed_manoeuvre,1,0.35,Contextual-Thompson,0.07807983092201239,0.15707557799069571,0.11757770445635404,548.9175,15.652727666666673,246.0468888888889,4,0.0,0.0,0.03666666666666667
6,speed_manoeuvre,1,0.35,Fixed-L2,0.0,0.0,0.0,315.2872,99.90138000000003,2.091222222222222,0,1.0,1.0,1.0
6,speed_manoeuvre,0,0.6,Contextual-Thompson,0.07807983092201239,0.08864285220380959,0.08336134156291099,817.4953,38.12012911111115,355.3558888888889,2,0.0,0.0,0.8377777777777777
6,speed_manoeuvre,0,0.9,Discounted-LinUCB,0.07089752199496875,0.047749692438698914,0.05932360721683383,998.8937,39.81205997777781,398.01300000000003,12,0.0,0.09,0.7144444444444444
6,speed_manoeuvre,0,0.6,Fixed-L1,0.07807983092201239,0.1580116018895448,0.1180457164057786,83.0908,14.624400000000007,0.5939999999999999,0,0.0,0.0,0.0
6,speed_manoeuvre,1,0.35,Threshold-Projected,0.07807983092201239,0.15712417016926553,0.11760200054563896,100.8566,15.34111322222223,15.973333333333333,2,0.0,0.0,0.025555555555555557
6,speed_manoeuvre,0,1.35,Fixed-L1,0.07807983092201239,0.1580116018895448,0.1180457164057786,81.2636,14.624400000000007,0.6331111111111111,0,0.0,0.0,0.0
6,speed_manoeuvre,1,1.35,Proposed-Exact-Online,0.04732496172363003,0.036742391816370734,0.04203367677000038,799.1399,71.82956888888891,45.829333333333324,11,0.0,0.5944444444444444,0.8266666666666667
6,speed_manoeuvre,1,0.9,Proposed-Exact-Online,0.06377707244847791,0.051859199355531634,0.05781813590200477,660.3789,46.561217333333374,43.967666666666666,3,0.0,0.13333333333333333,0.8666666666666667
6,speed_manoeuvre,1,0.9,Greedy-Online,0.07761770871451334,0.03911749427489281,0.058367601494703075,555.8252,37.702886888888926,31.84255555555556,10,0.0,0.016666666666666666,0.7888888888888889
6,speed_manoeuvre,0,1.35,Contextual-Thompson,0.049462580695687146,0.033179787784465724,0.041321184240076435,1091.1817,70.10701180000004,373.7215555555556,6,0.0,0.5322222222222223,0.8922222222222222
6,speed_manoeuvre,0,0.6,Proposed-Exact-Online,0.07807983092201239,0.09198949107949222,0.0850346610007523,767.4014,37.99548333333337,53.76822222222222,2,0.0,0.0,0.8333333333333334
6,speed_manoeuvre,0,0.9,Contextual-Thompson,0.0642169421784394,0.049739724751618516,0.05697833346502896,975.4228,41.36866691111115,393.67555555555555,6,0.0,0.14333333333333334,0.6611111111111111
6,speed_manoeuvre,1,0.6,Proposed-Exact-Online,0.07807983092201239,0.09198949107949222,0.0850346610007523,734.8406,37.99548333333337,49.38133333333333,2,0.0,0.0,0.8333333333333334
6,speed_manoeuvre,0,0.9,Threshold-Projected,0.07807983092201239,0.08813267119902808,0.08310625106052023,146.5283,25.87368144444446,17.174111111111113,6,0.0,0.0,0.4011111111111111
6,speed_manoeuvre,1,0.9,Switch-Aware-Greedy,0.055084236928683944,0.07617122246253659,0.06562772969561026,793.6707,50.290588111111155,47.52988888888889,1,0.0,0.2611111111111111,0.7388888888888889
6,speed_manoeuvre,0,0.9,Switch-Aware-Greedy,0.055084236928683944,0.07617122246253659,0.06562772969561026,821.8152,50.290588111111155,48.48477777777778,1,0.0,0.2611111111111111,0.7388888888888889
6,speed_manoeuvre,0,0.35,Proposed-Exact-Online,0.07807983092201239,0.15705965712619052,0.11756974402410145,604.4877,15.683889111111117,61.61333333333334,2,0.0,0.0,0.03777777777777778
6,speed_manoeuvre,0,1.35,Threshold-Projected,0.07807983092201239,0.08813267119902808,0.08310625106052023,138.881,25.87368144444446,17.58588888888889,6,0.0,0.0,0.4011111111111111
6,speed_manoeuvre,1,0.6,Fixed-L2,0.0,0.0,0.0,293.4993,99.90138000000003,1.2918888888888889,0,1.0,1.0,1.0
6,speed_manoeuvre,1,0.9,Discounted-LinUCB,0.07089752199496875,0.047749692438698914,0.05932360721683383,857.1725,39.81205997777781,350.2684444444444,12,0.0,0.09,0.7144444444444444
6,speed_manoeuvre,0,0.6,Fixed-L2,0.0,0.0,0.0,317.284,99.90138000000003,1.8610000000000002,0,1.0,1.0,1.0
6,speed_manoeuvre,0,1.35,Discounted-LinUCB,0.04947200105163069,0.03328514251121728,0.041378571781423984,1480.7054,70.20429973333337,478.4581111111112,6,0.0,0.5355555555555556,0.8888888888888888
6,speed_manoeuvre,0,0.35,Fixed-L1,0.07807983092201239,0.1580116018895448,0.1180457164057786,102.0192,14.624400000000007,0.7065555555555554,0,0.0,0.0,0.0
6,speed_manoeuvre,0,0.9,Proposed-Exact-Online,0.06377707244847791,0.051859199355531634,0.05781813590200477,765.3658,46.561217333333374,50.882222222222225,3,0.0,0.13333333333333333,0.8666666666666667
6,speed_manoeuvre,1,0.35,Proposed-Exact-Online,0.07807983092201239,0.15705965712619052,0.11756974402410145,966.1454,15.683889111111117,69.96711111111111,2,0.0,0.0,0.03777777777777778
6,speed_manoeuvre,1,0.6,Greedy-Online,0.07807983092201239,0.08864285220380959,0.08336134156291099,668.3469,38.12012911111115,38.50355555555555,2,0.0,0.0,0.8377777777777777
6,speed_manoeuvre,0,0.6,Threshold-Projected,0.07807983092201239,0.11572731296786949,0.09690357194494094,132.7087,24.346770666666682,17.203555555555553,6,0.0,0.0,0.3466666666666667
6,speed_manoeuvre,1,0.6,Discounted-LinUCB,0.07807983092201239,0.08864285220380959,0.08336134156291099,890.5806,38.12012911111115,354.8906666666666,2,0.0,0.0,0.8377777777777777
6,speed_manoeuvre,0,1.35,Proposed-Exact-Online,0.04732496172363003,0.036742391816370734,0.04203367677000038,885.8829,71.82956888888891,48.38900000000001,11,0.0,0.5944444444444444,0.8266666666666667
6,speed_manoeuvre,1,0.6,Fixed-L1,0.07807983092201239,0.1580116018895448,0.1180457164057786,86.9943,14.624400000000007,0.645111111111111,0,0.0,0.0,0.0
6,speed_manoeuvre,1,0.35,Greedy-Online,0.07807983092201239,0.1571240693380941,0.11760195013005326,466.8353,15.403436111111118,39.89844444444445,4,0.0,0.0,0.027777777777777776
6,speed_manoeuvre,0,0.9,Greedy-Online,0.07761770871451334,0.03911749427489281,0.058367601494703075,637.1243,37.702886888888926,38.85655555555555,10,0.0,0.016666666666666666,0.7888888888888889
6,speed_manoeuvre,1,0.9,Fixed-L2,0.0,0.0,0.0,452.1354,99.90138000000003,1.5296666666666665,0,1.0,1.0,1.0
6,speed_manoeuvre,1,1.35,Fixed-L1,0.07807983092201239,0.1580116018895448,0.1180457164057786,91.176,14.624400000000007,1.0182222222222224,0,0.0,0.0,0.0
6,speed_manoeuvre,1,0.6,Switch-Aware-Greedy,0.07807983092201239,0.09198949107949222,0.0850346610007523,599.1894,37.99548333333337,40.57555555555555,2,0.0,0.0,0.8333333333333334
6,speed_manoeuvre,1,1.35,Threshold-Projected,0.07807983092201239,0.08813267119902808,0.08310625106052023,119.3714,25.87368144444446,14.970444444444444,6,0.0,0.0,0.4011111111111111
6,speed_manoeuvre,0,1.35,Greedy-Online,0.05164471542621235,0.039423751315667485,0.04553423337093992,835.5441,67.00827968888893,38.87855555555555,104,0.0,0.46555555555555556,0.9177777777777778
6,speed_manoeuvre,0,0.35,Fixed-L2,0.0,0.0,0.0,316.4036,99.90138000000003,1.7442222222222221,0,1.0,1.0,1.0
6,speed_manoeuvre,1,0.35,Discounted-LinUCB,0.07807983092201239,0.15707557799069571,0.11757770445635404,571.7839,15.652727666666673,239.39244444444446,4,0.0,0.0,0.03666666666666667
6,speed_manoeuvre,0,0.35,Switch-Aware-Greedy,0.07807983092201239,0.15705965712619052,0.11756974402410145,446.2459,15.683889111111117,32.13411111111111,2,0.0,0.0,0.03777777777777778
6,speed_manoeuvre,1,0.9,Contextual-Thompson,0.0642169421784394,0.049739724751618516,0.05697833346502896,874.496,41.36866691111115,358.09377777777775,6,0.0,0.14333333333333334,0.6611111111111111
6,speed_manoeuvre,1,1.35,Fixed-L2,0.0,0.0,0.0,350.9637,99.90138000000003,1.3293333333333335,0,0.5755555555555556,1.0,1.0
6,speed_manoeuvre,0,0.35,Threshold-Projected,0.07807983092201239,0.15712417016926553,0.11760200054563896,136.9878,15.34111322222223,23.251666666666665,2,0.0,0.0,0.025555555555555557
6,speed_manoeuvre,1,0.6,Contextual-Thompson,0.07807983092201239,0.08864285220380959,0.08336134156291099,885.0443,38.12012911111115,375.988,2,0.0,0.0,0.8377777777777777
6,speed_manoeuvre,1,0.9,Fixed-L1,0.07807983092201239,0.1580116018895448,0.1180457164057786,80.6387,14.624400000000007,0.6057777777777777,0,0.0,0.0,0.0
6,speed_manoeuvre,0,1.35,Switch-Aware-Greedy,0.04937373296336819,0.03316892405098445,0.04127132850717632,772.9608,70.17567402222227,38.21,4,0.0,0.5377777777777778,0.8833333333333333
6,speed_manoeuvre,1,0.6,Threshold-Projected,0.07807983092201239,0.11572731296786949,0.09690357194494094,119.0526,24.346770666666682,15.033222222222223,6,0.0,0.0,0.3466666666666667
6,speed_manoeuvre,0,0.35,Contextual-Thompson,0.07807983092201239,0.15707557799069571,0.11757770445635404,570.5565,15.652727666666673,257.80844444444443,4,0.0,0.0,0.03666666666666667
6,speed_manoeuvre,0,0.6,Switch-Aware-Greedy,0.07807983092201239,0.09198949107949222,0.0850346610007523,544.2519,37.99548333333337,33.760555555555555,2,0.0,0.0,0.8333333333333334
6,coupled_extreme,1,1.35,Greedy-Online,0.1091844501725685,0.06824919434561266,0.08871682225909058,748.6746,68.25127166666671,34.76488888888889,36,0.0,0.5444444444444444,0.8011111111111111
6,coupled_extreme,1,0.9,Proposed-Exact-Online,0.12108997196761857,0.05831025864846503,0.0897001153080418,783.4872,49.96629500000004,52.14355555555555,7,0.0,0.25,0.75
6,coupled_extreme,0,0.6,Contextual-Thompson,0.1363961297281737,0.0799933963690193,0.10819476304859649,870.8642,38.057806222222254,379.5415555555556,3,0.0,0.0,0.8355555555555556
6,coupled_extreme,0,0.6,Switch-Aware-Greedy,0.1363961297281737,0.08085059502956665,0.10862336237887017,315.04,37.83967611111115,20.77922222222222,3,0.0,0.0,0.8277777777777777
6,coupled_extreme,0,1.35,Greedy-Online,0.1091844501725685,0.06824919434561266,0.08871682225909058,414.5165,68.25127166666671,17.666444444444444,36,0.0,0.5444444444444444,0.8011111111111111
6,coupled_extreme,0,0.6,Fixed-L1,0.1363961297281737,0.13418566249857186,0.13529089611337278,45.951,14.624400000000007,0.43744444444444447,0,0.0,0.0,0.0
6,coupled_extreme,0,0.35,Contextual-Thompson,0.1363961297281737,0.1358994232716412,0.13614777649990745,300.4659,16.151310777777784,132.74433333333332,2,0.0,0.0,0.05444444444444444
6,coupled_extreme,1,0.6,Switch-Aware-Greedy,0.1363961297281737,0.08085059502956665,0.10862336237887017,293.163,37.83967611111115,18.56177777777778,3,0.0,0.0,0.8277777777777777
6,coupled_extreme,1,0.35,Fixed-L2,0.0,0.0,0.0,148.5974,99.90138000000003,0.6877777777777778,0,1.0,1.0,1.0
6,coupled_extreme,0,1.35,Fixed-L2,0.0,0.0,0.0,152.3137,99.90138000000003,0.6911111111111111,0,0.5633333333333334,1.0,1.0
6,coupled_extreme,0,1.35,Threshold-Projected,0.09531132409792864,0.11852637055228119,0.10691884732510491,91.9697,47.02083437777781,9.010777777777779,22,0.0,0.1811111111111111,0.7855555555555556
6,coupled_extreme,0,0.35,Fixed-L1,0.1363961297281737,0.13418566249857186,0.13529089611337278,44.9645,14.624400000000007,0.37655555555555553,0,0.0,0.0,0.0
6,coupled_extreme,0,0.9,Contextual-Thompson,0.12000854475520276,0.0917434700779445,0.10587600741657363,473.2794,49.414996711111144,179.2471111111111,15,0.0,0.2311111111111111,0.7688888888888888
6,coupled_extreme,0,0.9,Fixed-L1,0.1363961297281737,0.13418566249857186,0.13529089611337278,44.5857,14.624400000000007,0.3425555555555555,0,0.0,0.0,0.0
6,coupled_extreme,0,1.35,Switch-Aware-Greedy,0.11138633822083788,0.02023171128920809,0.06580902475502298,405.0856,66.93908224444448,21.106888888888886,4,0.0,0.43222222222222223,0.9833333333333333
6,coupled_extreme,1,0.6,Threshold-Projected,0.1363961297281737,0.09597305601313881,0.11618459287065624,80.5944,34.598885888888915,10.782333333333334,17,0.0,0.0,0.7122222222222222
6,coupled_extreme,1,0.35,Proposed-Exact-Online,0.1363961297281737,0.13572323559419333,0.1360596826611835,388.1117,16.088987888888894,32.603,2,0.0,0.0,0.052222222222222225
6,coupled_extreme,1,1.35,Discounted-LinUCB,0.08747021963707648,0.09015724401696937,0.08881373182702293,1240.0519,72.00639462222226,386.828,14,0.0,0.5855555555555556,0.8511111111111112
6,coupled_extreme,1,1.35,Fixed-L1,0.1363961297281737,0.13418566249857186,0.13529089611337278,79.4548,14.624400000000007,0.5952222222222223,0,0.0,0.0,0.0
6,coupled_extreme,0,0.9,Fixed-L2,0.0,0.0,0.0,270.0669,99.90138000000003,1.1906666666666665,0,1.0,1.0,1.0
6,coupled_extreme,0,0.35,Greedy-Online,0.1363961297281737,0.1358994232716412,0.13614777649990745,371.0991,16.151310777777784,26.148666666666667,2,0.0,0.0,0.05444444444444444
6,coupled_extreme,1,0.9,Fixed-L1,0.1363961297281737,0.13418566249857186,0.13529089611337278,90.0599,14.624400000000007,0.6985555555555555,0,0.0,0.0,0.0
6,coupled_extreme,1,0.35,Greedy-Online,0.1363961297281737,0.1358994232716412,0.13614777649990745,413.2884,16.151310777777784,29.479111111111113,2,0.0,0.0,0.05444444444444444
6,coupled_extreme,0,0.35,Proposed-Exact-Online,0.1363961297281737,0.13572323559419333,0.1360596826611835,471.0946,16.088987888888894,39.650777777777776,2,0.0,0.0,0.052222222222222225
6,coupled_extreme,1,1.35,Switch-Aware-Greedy,0.11138633822083788,0.02023171128920809,0.06580902475502298,888.0558,66.93908224444448,42.64622222222223,4,0.0,0.43222222222222223,0.9833333333333333
6,coupled_extreme,0,0.9,Proposed-Exact-Online,0.12108997196761857,0.05831025864846503,0.0897001153080418,604.9954,49.96629500000004,37.85944444444444,7,0.0,0.25,0.75
6,coupled_extreme,1,0.9,Threshold-Projected,0.12093593908565647,0.12186288716156282,0.12139941312360965,184.1596,41.771427377777805,19.196888888888886,19,0.0,0.08666666666666667,0.7911111111111111
6,coupled_extreme,1,0.35,Threshold-Projected,0.1363961297281737,0.1358994232716412,0.13614777649990745,136.421,16.151310777777784,25.69388888888889,2,0.0,0.0,0.05444444444444444
6,coupled_extreme,1,0.6,Contextual-Thompson,0.1363961297281737,0.0799933963690193,0.10819476304859649,923.0205,38.057806222222254,391.34366666666665,3,0.0,0.0,0.8355555555555556
6,coupled_extreme,0,0.9,Switch-Aware-Greedy,0.12892502529800637,0.05399513637266169,0.09146008083533402,648.2369,50.485163977777816,38.06355555555555,1,0.0,0.2677777777777778,0.7322222222222222
6,coupled_extreme,1,0.35,Fixed-L1,0.1363961297281737,0.13418566249857186,0.13529089611337278,84.2734,14.624400000000007,0.6325555555555555,0,0.0,0.0,0.0
6,coupled_extreme,1,0.6,Proposed-Exact-Online,0.1363961297281737,0.08085059502956665,0.10862336237887017,563.3583,37.83967611111115,38.21866666666667,3,0.0,0.0,0.8277777777777777
6,coupled_extreme,0,0.6,Threshold-Projected,0.1363961297281737,0.09597305601313881,0.11618459287065624,135.0491,34.598885888888915,17.494666666666667,17,0.0,0.0,0.7122222222222222
6,coupled_extreme,1,0.9,Greedy-Online,0.1286711266030347,0.08467558989484622,0.10667335824894046,551.3637,43.28585691111115,29.801,13,0.0,0.021111111111111112,0.9788888888888889
6,coupled_extreme,0,0.6,Greedy-Online,0.1363961297281737,0.08030927534850628,0.10835270253833998,537.6237,37.99548333333337,30.414444444444445,5,0.0,0.0,0.8333333333333334
6,coupled_extreme,0,0.35,Discounted-LinUCB,0.1363961297281737,0.1358994232716412,0.13614777649990745,565.5094,16.151310777777784,239.25988888888884,2,0.0,0.0,0.05444444444444444
6,coupled_extreme,1,0.6,Fixed-L2,0.0,0.0,0.0,428.5582,99.90138000000003,1.435,0,1.0,1.0,1.0
6,coupled_extreme,1,0.35,Switch-Aware-Greedy,0.1363961297281737,0.13572323559419333,0.1360596826611835,422.6391,16.088987888888894,28.197333333333333,2,0.0,0.0,0.052222222222222225
6,coupled_extreme,1,0.9,Switch-Aware-Greedy,0.12892502529800637,0.05399513637266169,0.09146008083533402,609.5701,50.485163977777816,35.48433333333333,1,0.0,0.2677777777777778,0.7322222222222222
6,coupled_extreme,0,0.9,Discounted-LinUCB,0.11967026690617827,0.09375175074601357,0.10671100882609591,879.835,49.73928982222226,318.58677777777774,13,0.0,0.24222222222222223,0.7577777777777778
6,coupled_extreme,0,1.35,Fixed-L1,0.1363961297281737,0.13418566249857186,0.13529089611337278,79.8634,14.624400000000007,0.619111111111111,0,0.0,0.0,0.0
6,coupled_extreme,1,1.35,Fixed-L2,0.0,0.0,0.0,285.7511,99.90138000000003,1.3760000000000001,0,0.5633333333333334,1.0,1.0
6,coupled_extreme,1,0.9,Fixed-L2,0.0,0.0,0.0,272.9371,99.90138000000003,1.1384444444444444,0,1.0,1.0,1.0
6,coupled_extreme,1,0.9,Discounted-LinUCB,0.11967026690617827,0.09375175074601357,0.10671100882609591,861.5297,49.73928982222226,313.8837777777778,13,0.0,0.24222222222222223,0.7577777777777778
6,coupled_extreme,0,0.35,Switch-Aware-Greedy,0.1363961297281737,0.13572323559419333,0.1360596826611835,382.8016,16.088987888888894,25.29211111111111,2,0.0,0.0,0.052222222222222225
6,coupled_extreme,0,0.9,Threshold-Projected,0.12093593908565647,0.12186288716156282,0.12139941312360965,182.7651,41.771427377777805,20.074222222222225,19,0.0,0.08666666666666667,0.7911111111111111
6,coupled_extreme,0,0.35,Fixed-L2,0.0,0.0,0.0,436.7458,99.90138000000003,2.475,0,1.0,1.0,1.0
6,coupled_extreme,1,1.35,Proposed-Exact-Online,0.08722966223199546,0.09722191283767065,0.09222578753483306,774.6305,71.21721557777781,44.08044444444444,11,0.0,0.5766666666666667,0.8411111111111111
6,coupled_extreme,1,0.6,Fixed-L1,0.1363961297281737,0.13418566249857186,0.13529089611337278,87.068,14.624400000000007,0.6719999999999999,0,0.0,0.0,0.0
6,coupled_extreme,1,0.6,Discounted-LinUCB,0.1363961297281737,0.0797280111788376,0.10806207045350565,761.9573,38.0889676666667,312.1426666666667,2,0.0,0.0,0.8366666666666667
6,coupled_extreme,0,0.9,Greedy-Online,0.1286711266030347,0.08467558989484622,0.10667335824894046,579.3602,43.28585691111115,30.865777777777776,13,0.0,0.021111111111111112,0.9788888888888889
6,coupled_extreme,1,1.35,Contextual-Thompson,0.08689335360207295,0.09920059223718734,0.09304697291963016,1145.1371,73.56934088888892,376.9043333333333,16,0.0,0.6444444444444445,0.7866666666666666
6,coupled_extreme,0,1.35,Contextual-Thompson,0.08689335360207295,0.09920059223718734,0.09304697291963016,1328.3125,73.56934088888892,428.5818888888889,16,0.0,0.6444444444444445,0.7866666666666666
6,coupled_extreme,1,0.6,Greedy-Online,0.1363961297281737,0.08030927534850628,0.10835270253833998,542.8298,37.99548333333337,31.092777777777776,5,0.0,0.0,0.8333333333333334
6,coupled_extreme,1,1.35,Threshold-Projected,0.09531132409792864,0.11852637055228119,0.10691884732510491,162.3191,47.02083437777781,16.199333333333332,22,0.0,0.1811111111111111,0.7855555555555556
6,coupled_extreme,0,1.35,Discounted-LinUCB,0.08747021963707648,0.09015724401696937,0.08881373182702293,1027.3019,72.00639462222226,320.92733333333337,14,0.0,0.5855555555555556,0.8511111111111112
6,coupled_extreme,0,0.6,Proposed-Exact-Online,0.1363961297281737,0.08085059502956665,0.10862336237887017,557.814,37.83967611111115,38.602777777777774,3,0.0,0.0,0.8277777777777777
6,coupled_extreme,0,0.6,Fixed-L2,0.0,0.0,0.0,291.755,99.90138000000003,1.2096666666666664,0,1.0,1.0,1.0
6,coupled_extreme,1,0.9,Contextual-Thompson,0.12000854475520276,0.0917434700779445,0.10587600741657363,981.7908,49.414996711111144,375.51366666666667,15,0.0,0.2311111111111111,0.7688888888888888
6,coupled_extreme,1,0.35,Contextual-Thompson,0.1363961297281737,0.1358994232716412,0.13614777649990745,658.1427,16.151310777777784,296.24544444444444,2,0.0,0.0,0.05444444444444444
6,coupled_extreme,0,1.35,Proposed-Exact-Online,0.08722966223199546,0.09722191283767065,0.09222578753483306,857.436,71.21721557777781,44.416888888888884,11,0.0,0.5766666666666667,0.8411111111111111
6,coupled_extreme,0,0.6,Discounted-LinUCB,0.1363961297281737,0.0797280111788376,0.10806207045350565,814.5549,38.0889676666667,339.2923333333333,2,0.0,0.0,0.8366666666666667
6,coupled_extreme,0,0.35,Threshold-Projected,0.1363961297281737,0.1358994232716412,0.13614777649990745,103.7422,16.151310777777784,18.621,2,0.0,0.0,0.05444444444444444
6,coupled_extreme,1,0.35,Discounted-LinUCB,0.1363961297281737,0.1358994232716412,0.13614777649990745,530.6965,16.151310777777784,223.81488888888887,2,0.0,0.0,0.05444444444444444
7,storm_passage,0,0.35,Switch-Aware-Greedy,0.15054954131197262,0.123307904861873,0.1369287230869228,350.8703,14.624400000000007,24.554666666666666,0,0.0,0.0,0.0
7,storm_passage,1,0.35,Greedy-Online,0.15054954131197262,0.12330792866466062,0.13692873498831662,363.5116,14.686722888888896,26.69788888888889,4,0.0,0.0,0.0022222222222222222
7,storm_passage,0,1.35,Switch-Aware-Greedy,0.12918002548081292,0.04719165883568673,0.08818584215824983,723.5689,67.20919488888893,37.43588888888889,4,0.0,0.4777777777777778,0.9
7,storm_passage,0,0.35,Discounted-LinUCB,0.15054954131197262,0.12330804238428938,0.136928791848131,683.1946,15.652727666666673,287.6285555555556,4,0.0,0.0,0.03666666666666667
7,storm_passage,1,0.35,Proposed-Exact-Online,0.15054954131197262,0.123307904861873,0.1369287230869228,395.0808,14.624400000000007,35.98022222222222,0,0.0,0.0,0.0
7,storm_passage,0,1.35,Greedy-Online,0.10554484845731872,0.1024509652872485,0.10399790687228361,837.6236,73.13708168888891,36.56966666666666,118,0.0,0.5933333333333334,0.8755555555555555
7,storm_passage,1,0.35,Switch-Aware-Greedy,0.15054954131197262,0.123307904861873,0.1369287230869228,389.6468,14.624400000000007,28.157777777777778,0,0.0,0.0,0.0
7,storm_passage,1,0.9,Proposed-Exact-Online,0.13699004253717645,0.126953320906292,0.13197168172173424,610.7403,45.91998384444447,42.57377777777778,11,0.0,0.36333333333333334,0.37444444444444447
7,storm_passage,1,0.6,Proposed-Exact-Online,0.15054954131197262,0.08263743912104252,0.11659349021650757,496.3381,32.23061611111114,35.82644444444445,3,0.0,0.0,0.6277777777777778
7,storm_passage,1,0.35,Fixed-L2,0.0,0.0,0.0,268.6282,99.90138000000003,1.1255555555555556,0,1.0,1.0,1.0
7,storm_passage,1,1.35,Proposed-Exact-Online,0.10276563199530933,0.07993420322919749,0.09134991761225342,776.8759,74.11283455555558,41.739666666666665,18,0.0,0.7111111111111111,0.67
7,storm_passage,1,1.35,Fixed-L2,0.0,0.0,0.0,285.7546,99.90138000000003,1.2125555555555558,0,0.5177777777777778,1.0,1.0
7,storm_passage,1,0.6,Fixed-L2,0.0,0.0,0.0,448.4067,99.90138000000003,1.465,0,1.0,1.0,1.0
7,storm_passage,0,1.35,Discounted-LinUCB,0.09568500489607222,0.0888077472376704,0.0922463760668713,1114.0975,79.15371915555558,319.38866666666667,24,0.0,0.7866666666666666,0.6955555555555556
7,storm_passage,0,0.9,Fixed-L1,0.15054954131197262,0.123307904861873,0.1369287230869228,79.3794,14.624400000000007,0.7134444444444443,0,0.0,0.0,0.0
7,storm_passage,1,0.9,Greedy-Online,0.14256231781339007,0.10776946672510022,0.12516589226924515,559.4659,42.5792295777778,30.74122222222222,26,0.0,0.22111111111111112,0.5455555555555556
7,storm_passage,1,0.9,Fixed-L2,0.0,0.0,0.0,258.8576,99.90138000000003,1.0890000000000002,0,1.0,1.0,1.0
7,storm_passage,1,0.35,Contextual-Thompson,0.15054954131197262,0.12330876226939913,0.13692915179068588,538.9237,15.278790333333339,244.8076666666667,4,0.0,0.0,0.023333333333333334
7,storm_passage,0,0.35,Fixed-L2,0.0,0.0,0.0,301.095,99.90138000000003,1.2518888888888886,0,1.0,1.0,1.0
7,storm_passage,1,0.35,Discounted-LinUCB,0.15054954131197262,0.12330804238428938,0.136928791848131,515.5,15.652727666666673,216.975,4,0.0,0.0,0.03666666666666667
7,storm_passage,1,0.35,Threshold-Projected,0.15054954131197262,0.123307904861873,0.1369287230869228,96.0669,14.624400000000007,16.459444444444443,0,0.0,0.0,0.0
7,storm_passage,1,0.6,Discounted-LinUCB,0.15054954131197262,0.08068946157177691,0.11561950144187477,832.9333,37.96432188888892,338.57466666666676,2,0.0,0.0,0.8322222222222222
7,storm_passage,0,1.35,Contextual-Thompson,0.0960285488396659,0.08866279890713902,0.09234567387340245,1247.887,78.86946255555557,368.4321111111111,29,0.0,0.7833333333333333,0.6922222222222222
7,storm_passage,0,0.6,Switch-Aware-Greedy,0.15054954131197262,0.08263743912104252,0.11659349021650757,490.1763,32.23061611111114,32.04622222222222,3,0.0,0.0,0.6277777777777778
7,storm_passage,0,1.35,Threshold-Projected,0.11893188447852313,0.10982342037254227,0.11437765242553269,130.684,29.73657306666668,15.475777777777779,22,0.0,0.13555555555555557,0.26222222222222225
7,storm_passage,0,0.6,Fixed-L1,0.15054954131197262,0.123307904861873,0.1369287230869228,85.1454,14.624400000000007,0.6253333333333333,0,0.0,0.0,0.0
7,storm_passage,1,1.35,Switch-Aware-Greedy,0.12918002548081292,0.04719165883568673,0.08818584215824983,730.3014,67.20919488888893,37.144333333333336,4,0.0,0.4777777777777778,0.9
7,storm_passage,0,0.6,Fixed-L2,0.0,0.0,0.0,269.2915,99.90138000000003,1.2193333333333334,0,1.0,1.0,1.0
7,storm_passage,1,0.6,Fixed-L1,0.15054954131197262,0.123307904861873,0.1369287230869228,86.6195,14.624400000000007,0.6533333333333333,0,0.0,0.0,0.0
7,storm_passage,1,0.9,Fixed-L1,0.15054954131197262,0.123307904861873,0.1369287230869228,80.5682,14.624400000000007,0.627,0,0.0,0.0,0.0
7,storm_passage,1,0.9,Threshold-Projected,0.13861423462471986,0.1310680858850422,0.13484116025488102,134.0259,24.209784022222234,18.628333333333334,24,0.0,0.07111111111111111,0.19666666666666666
7,storm_passage,0,0.35,Threshold-Projected,0.15054954131197262,0.123307904861873,0.1369287230869228,105.5347,14.624400000000007,18.175666666666668,0,0.0,0.0,0.0
7,storm_passage,0,0.6,Proposed-Exact-Online,0.15054954131197262,0.08263743912104252,0.11659349021650757,509.4757,32.23061611111114,38.17055555555555,3,0.0,0.0,0.6277777777777778
7,storm_passage,0,0.9,Greedy-Online,0.14256231781339007,0.10776946672510022,0.12516589226924515,663.1887,42.5792295777778,35.055888888888894,26,0.0,0.22111111111111112,0.5455555555555556
7,storm_passage,0,0.9,Threshold-Projected,0.13861423462471986,0.1310680858850422,0.13484116025488102,170.3954,24.209784022222234,24.224555555555554,24,0.0,0.07111111111111111,0.19666666666666666
7,storm_passage,1,0.35,Fixed-L1,0.15054954131197262,0.123307904861873,0.1369287230869228,77.7966,14.624400000000007,0.6331111111111111,0,0.0,0.0,0.0
7,storm_passage,1,1.35,Contextual-Thompson,0.0960285488396659,0.08866279890713902,0.09234567387340245,1108.8312,78.86946255555557,338.585,29,0.0,0.7833333333333333,0.6922222222222222
7,storm_passage,1,1.35,Greedy-Online,0.10554484845731872,0.1024509652872485,0.10399790687228361,746.8949,73.13708168888891,31.766000000000002,118,0.0,0.5933333333333334,0.8755555555555555
7,storm_passage,0,0.9,Switch-Aware-Greedy,0.14586246328366256,0.06935823346015685,0.1076103483719097,609.4291,50.28351613333337,34.46066666666667,3,0.0,0.2822222222222222,0.6955555555555556
7,storm_passage,1,0.9,Contextual-Thompson,0.13394222992374233,0.12991753045940546,0.1319298801915739,878.8054,53.61866371111114,309.77977777777784,13,0.0,0.39222222222222225,0.59
7,storm_passage,0,0.6,Contextual-Thompson,0.15054954131197262,0.08086165498713177,0.1157055981495522,991.8062,37.90199900000004,436.56388888888887,3,0.0,0.0,0.83
7,storm_passage,1,0.6,Contextual-Thompson,0.15054954131197262,0.08086165498713177,0.1157055981495522,761.8283,37.90199900000004,328.3622222222222,3,0.0,0.0,0.83
7,storm_passage,0,0.35,Fixed-L1,0.15054954131197262,0.123307904861873,0.1369287230869228,75.6092,14.624400000000007,0.6036666666666666,0,0.0,0.0,0.0
7,storm_passage,0,0.9,Proposed-Exact-Online,0.13699004253717645,0.126953320906292,0.13197168172173424,611.6452,45.91998384444447,40.28055555555556,11,0.0,0.36333333333333334,0.37444444444444447
7,storm_passage,0,0.6,Threshold-Projected,0.15054954131197262,0.0928055284409899,0.12167753487648125,110.8511,21.168303333333345,17.243777777777776,12,0.0,0.0,0.23333333333333334
7,storm_passage,1,0.6,Threshold-Projected,0.15054954131197262,0.0928055284409899,0.12167753487648125,112.2712,21.168303333333345,16.099333333333334,12,0.0,0.0,0.23333333333333334
7,storm_passage,0,0.6,Discounted-LinUCB,0.15054954131197262,0.08068946157177691,0.11561950144187477,736.6108,37.96432188888892,302.00333333333333,2,0.0,0.0,0.8322222222222222
7,storm_passage,0,0.9,Discounted-LinUCB,0.1338700689656776,0.1298891863107553,0.13187962763821645,889.9636,53.65109302222225,292.36555555555555,13,0.0,0.3933333333333333,0.5888888888888889
7,storm_passage,0,0.6,Greedy-Online,0.15054954131197262,0.08559879425963139,0.11807416778580201,568.0387,30.921835444444472,38.61877777777778,13,0.0,0.0,0.5811111111111111
7,storm_passage,1,1.35,Discounted-LinUCB,0.09568500489607222,0.0888077472376704,0.0922463760668713,1477.4288,79.15371915555558,412.4563333333333,24,0.0,0.7866666666666666,0.6955555555555556
7,storm_passage,0,0.9,Contextual-Thompson,0.13394222992374233,0.12991753045940546,0.1319298801915739,927.5445,53.61866371111114,330.85522222222215,13,0.0,0.39222222222222225,0.59
7,storm_passage,0,0.35,Greedy-Online,0.15054954131197262,0.12330792866466062,0.13692873498831662,368.3315,14.686722888888896,26.806777777777775,4,0.0,0.0,0.0022222222222222222
7,storm_passage,0,0.9,Fixed-L2,0.0,0.0,0.0,266.1973,99.90138000000003,1.1356666666666666,0,1.0,1.0,1.0
7,storm_passage,1,0.9,Discounted-LinUCB,0.1338700689656776,0.1298891863107553,0.13187962763821645,851.5816,53.65109302222225,284.48288888888885,13,0.0,0.3933333333333333,0.5888888888888889
7,storm_passage,1,1.35,Fixed-L1,0.15054954131197262,0.123307904861873,0.1369287230869228,79.508,14.624400000000007,0.6138888888888889,0,0.0,0.0,0.0
7,storm_passage,1,0.9,Switch-Aware-Greedy,0.14586246328366256,0.06935823346015685,0.1076103483719097,793.3149,50.28351613333337,47.20611111111111,3,0.0,0.2822222222222222,0.6955555555555556
7,storm_passage,1,1.35,Threshold-Projected,0.11893188447852313,0.10982342037254227,0.11437765242553269,146.3774,29.73657306666668,16.99588888888889,22,0.0,0.13555555555555557,0.26222222222222225
7,storm_passage,0,1.35,Fixed-L2,0.0,0.0,0.0,331.6786,99.90138000000003,1.3324444444444443,0,0.5177777777777778,1.0,1.0
7,storm_passage,0,0.35,Contextual-Thompson,0.15054954131197262,0.12330876226939913,0.13692915179068588,582.1832,15.278790333333339,263.2561111111111,4,0.0,0.0,0.023333333333333334
7,storm_passage,0,1.35,Fixed-L1,0.15054954131197262,0.123307904861873,0.1369287230869228,88.9757,14.624400000000007,0.6198888888888887,0,0.0,0.0,0.0
7,storm_passage,0,1.35,Proposed-Exact-Online,0.10276563199530933,0.07993420322919749,0.09134991761225342,931.3333,74.11283455555558,50.17755555555556,18,0.0,0.7111111111111111,0.67
7,storm_passage,1,0.6,Greedy-Online,0.15054954131197262,0.08559879425963139,0.11807416778580201,528.317,30.921835444444472,32.339777777777776,13,0.0,0.0,0.5811111111111111
7,storm_passage,0,0.35,Proposed-Exact-Online,0.15054954131197262,0.123307904861873,0.1369287230869228,393.168,14.624400000000007,35.48811111111111,0,0.0,0.0,0.0
7,storm_passage,1,0.6,Switch-Aware-Greedy,0.15054954131197262,0.08263743912104252,0.11659349021650757,710.4155,32.23061611111114,46.27955555555556,3,0.0,0.0,0.6277777777777778
7,multi_squall,0,0.35,Contextual-Thompson,0.12094354806434668,0.06976385983607045,0.09535370395020856,823.8323,15.528081888888895,379.10144444444444,4,0.0,0.0,0.03222222222222222
7,multi_squall,0,1.35,Fixed-L1,0.12094354806434668,0.06978461482086272,0.09536408144260469,92.9596,14.624400000000007,0.6744444444444444,0,0.0,0.0,0.0
7,multi_squall,1,0.35,Proposed-Exact-Online,0.12094354806434668,0.06975260620361082,0.09534807713397875,435.8372,15.372274666666673,39.55211111111111,2,0.0,0.0,0.02666666666666667
7,multi_squall,0,1.35,Switch-Aware-Greedy,0.050687738112125916,0.10072440351698238,0.07570607081455415,995.5625,79.16259422222225,46.54622222222223,4,0.0,0.7944444444444444,0.68
7,multi_squall,0,1.35,Contextual-Thompson,0.06893608876591517,0.07201117234701158,0.07047363055646338,1259.7319,77.66957804444446,391.75177777777776,13,0.0,0.7422222222222222,0.7333333333333333
7,multi_squall,0,1.35,Proposed-Exact-Online,0.05372038884071781,0.09909308570208226,0.07640673727140004,925.6457,78.51400800000003,52.49433333333334,9,0.0,0.7722222222222223,0.7022222222222222
7,multi_squall,1,1.35,Proposed-Exact-Online,0.05372038884071781,0.09909308570208226,0.07640673727140004,1036.2464,78.51400800000003,50.336666666666666,9,0.0,0.7722222222222223,0.7022222222222222
7,multi_squall,0,0.9,Switch-Aware-Greedy,0.11024206470117735,0.0718606270866972,0.09105134589393728,381.7243,49.93947237777781,22.890666666666664,5,0.0,0.2811111111111111,0.6855555555555556
7,multi_squall,0,0.35,Proposed-Exact-Online,0.12094354806434668,0.06975260620361082,0.09534807713397875,225.8807,15.372274666666673,19.545333333333332,2,0.0,0.0,0.02666666666666667
7,multi_squall,1,0.35,Fixed-L2,0.0,0.0,0.0,152.8298,99.90138000000003,0.6494444444444445,0,1.0,1.0,1.0
7,multi_squall,0,0.6,Discounted-LinUCB,0.12094354806434668,0.057043079149857845,0.08899331360710226,415.2354,37.93316044444448,169.367,2,0.0,0.0,0.8311111111111111
7,multi_squall,1,0.35,Switch-Aware-Greedy,0.12094354806434668,0.06975260620361082,0.09534807713397875,210.5596,15.372274666666673,14.443444444444445,2,0.0,0.0,0.02666666666666667
7,multi_squall,1,0.9,Switch-Aware-Greedy,0.11024206470117735,0.0718606270866972,0.09105134589393728,365.3925,49.93947237777781,22.12788888888889,5,0.0,0.2811111111111111,0.6855555555555556
7,multi_squall,0,0.9,Threshold-Projected,0.1120970719625676,0.07605626385452145,0.09407666790854452,121.7372,39.59480288888891,14.992666666666668,22,0.0,0.2,0.4822222222222222
7,multi_squall,0,0.35,Fixed-L1,0.12094354806434668,0.06978461482086272,0.09536408144260469,85.1791,14.624400000000007,0.7066666666666666,0,0.0,0.0,0.0
7,multi_squall,0,1.35,Fixed-L2,0.0,0.0,0.0,304.3222,99.90138000000003,1.2692222222222223,0,0.5244444444444445,1.0,1.0
7,multi_squall,1,1.35,Threshold-Projected,0.07742692608001746,0.10277201115247149,0.09009946861624447,212.5031,54.132263800000025,18.892888888888887,24,0.0,0.46,0.47
7,multi_squall,0,0.6,Threshold-Projected,0.12094354806434668,0.06047992197182851,0.0907117350180876,165.6691,31.233449888888913,22.927888888888887,13,0.0,0.0,0.5922222222222222
7,multi_squall,1,0.9,Discounted-LinUCB,0.10112717589681222,0.0613023437060033,0.08121475980140776,1134.6149,54.49932657777781,375.27822222222227,23,0.0,0.4266666666666667,0.5511111111111111
7,multi_squall,1,1.35,Switch-Aware-Greedy,0.050687738112125916,0.10072440351698238,0.07570607081455415,870.4885,79.16259422222225,43.85722222222222,4,0.0,0.7944444444444444,0.68
7,multi_squall,0,0.9,Contextual-Thompson,0.10290191069498653,0.061972139914724986,0.08243702530485575,940.1366,53.62373517777781,339.25122222222217,17,0.0,0.39666666666666667,0.5811111111111111
7,multi_squall,1,0.6,Proposed-Exact-Online,0.12094354806434668,0.05704433729734452,0.0889939426808456,597.4169,37.83967611111115,41.61688888888889,2,0.0,0.0,0.8277777777777777
7,multi_squall,0,0.35,Switch-Aware-Greedy,0.12094354806434668,0.06975260620361082,0.09534807713397875,390.6575,15.372274666666673,26.116666666666667,2,0.0,0.0,0.02666666666666667
7,multi_squall,1,1.35,Contextual-Thompson,0.06893608876591517,0.07201117234701158,0.07047363055646338,1263.9248,77.66957804444446,391.3037777777778,13,0.0,0.7422222222222222,0.7333333333333333
7,multi_squall,0,0.6,Fixed-L2,0.0,0.0,0.0,351.5818,99.90138000000003,1.9184444444444444,0,1.0,1.0,1.0
7,multi_squall,0,1.35,Greedy-Online,0.0884305899755892,0.06075129382479646,0.07459094190019283,741.9694,66.97945655555559,35.157444444444444,29,0.0,0.5222222222222223,0.8011111111111111
7,multi_squall,0,0.9,Greedy-Online,0.12060100479291176,0.06149379024754385,0.09104739752022781,542.6579,41.60747773333337,30.592111111111112,37,0.0,0.052222222222222225,0.8555555555555555
7,multi_squall,0,0.35,Fixed-L2,0.0,0.0,0.0,263.972,99.90138000000003,1.1508888888888889,0,1.0,1.0,1.0
7,multi_squall,1,0.9,Threshold-Projected,0.1120970719625676,0.07605626385452145,0.09407666790854452,159.6439,39.59480288888891,18.85388888888889,22,0.0,0.2,0.4822222222222222
7,multi_squall,1,0.9,Contextual-Thompson,0.10290191069498653,0.061972139914724986,0.08243702530485575,960.3787,53.62373517777781,340.3623333333333,17,0.0,0.39666666666666667,0.5811111111111111
7,multi_squall,1,0.9,Fixed-L1,0.12094354806434668,0.06978461482086272,0.09536408144260469,79.8824,14.624400000000007,0.5973333333333333,0,0.0,0.0,0.0
7,multi_squall,0,0.35,Threshold-Projected,0.12094354806434668,0.06976385983607045,0.09535370395020856,110.4532,15.528081888888895,21.357222222222223,4,0.0,0.0,0.03222222222222222
7,multi_squall,1,0.35,Discounted-LinUCB,0.12094354806434668,0.06976385983607045,0.09535370395020856,501.7494,15.528081888888895,211.76277777777779,4,0.0,0.0,0.03222222222222222
7,multi_squall,1,0.6,Switch-Aware-Greedy,0.12094354806434668,0.05704433729734452,0.0889939426808456,585.5679,37.83967611111115,40.32522222222223,2,0.0,0.0,0.8277777777777777
7,multi_squall,1,0.35,Threshold-Projected,0.12094354806434668,0.06976385983607045,0.09535370395020856,161.7137,15.528081888888895,31.90888888888889,4,0.0,0.0,0.03222222222222222
7,multi_squall,0,1.35,Threshold-Projected,0.07742692608001746,0.10277201115247149,0.09009946861624447,300.489,54.132263800000025,24.05344444444444,24,0.0,0.46,0.47
7,multi_squall,1,0.6,Fixed-L2,0.0,0.0,0.0,283.7624,99.90138000000003,1.1906666666666665,0,1.0,1.0,1.0
7,multi_squall,0,0.6,Fixed-L1,0.12094354806434668,0.06978461482086272,0.09536408144260469,88.7215,14.624400000000007,0.762111111111111,0,0.0,0.0,0.0
7,multi_squall,0,0.35,Discounted-LinUCB,0.12094354806434668,0.06976385983607045,0.09535370395020856,520.1479,15.528081888888895,220.20399999999998,4,0.0,0.0,0.03222222222222222
7,multi_squall,0,1.35,Discounted-LinUCB,0.05272133275491655,0.09917209787220178,0.07594671531355916,1092.6947,80.19906431111114,307.1533333333333,15,0.0,0.8288888888888889,0.6466666666666666
7,multi_squall,1,1.35,Discounted-LinUCB,0.05272133275491655,0.09917209787220178,0.07594671531355916,1079.2142,80.19906431111114,310.7987777777778,15,0.0,0.8288888888888889,0.6466666666666666
7,multi_squall,1,0.6,Fixed-L1,0.12094354806434668,0.06978461482086272,0.09536408144260469,82.8557,14.624400000000007,0.6559999999999998,0,0.0,0.0,0.0
7,multi_squall,1,0.35,Contextual-Thompson,0.12094354806434668,0.06976385983607045,0.09535370395020856,517.3399,15.528081888888895,235.6518888888889,4,0.0,0.0,0.03222222222222222
7,multi_squall,1,0.9,Proposed-Exact-Online,0.10460947209594161,0.059411101404716685,0.08201028675032915,826.6351,51.85280173333336,54.57522222222223,11,0.0,0.3466666666666667,0.62
7,multi_squall,1,0.9,Greedy-Online,0.12060100479291176,0.06149379024754385,0.09104739752022781,588.1125,41.60747773333337,33.20455555555555,37,0.0,0.052222222222222225,0.8555555555555555
7,multi_squall,0,0.9,Fixed-L1,0.12094354806434668,0.06978461482086272,0.09536408144260469,80.6905,14.624400000000007,0.6086666666666666,0,0.0,0.0,0.0
7,multi_squall,1,1.35,Fixed-L2,0.0,0.0,0.0,269.2884,99.90138000000003,1.7493333333333334,0,0.5244444444444445,1.0,1.0
7,multi_squall,0,0.6,Contextual-Thompson,0.12094354806434668,0.057042791225054276,0.08899316964470047,773.0245,37.90199900000004,337.0137777777778,2,0.0,0.0,0.83
7,multi_squall,0,0.9,Discounted-LinUCB,0.10112717589681222,0.0613023437060033,0.08121475980140776,835.8475,54.49932657777781,278.2054444444444,23,0.0,0.4266666666666667,0.5511111111111111
7,multi_squall,0,0.9,Proposed-Exact-Online,0.10460947209594161,0.059411101404716685,0.08201028675032915,629.4954,51.85280173333336,40.45711111111111,11,0.0,0.3466666666666667,0.62
7,multi_squall,1,1.35,Greedy-Online,0.0884305899755892,0.06075129382479646,0.07459094190019283,701.951,66.97945655555559,31.748555555555555,29,0.0,0.5222222222222223,0.8011111111111111
7,multi_squall,0,0.6,Greedy-Online,0.12094354806434668,0.057043079149857845,0.08899331360710226,788.7726,37.93316044444448,46.776999999999994,2,0.0,0.0,0.8311111111111111
7,multi_squall,0,0.6,Proposed-Exact-Online,0.12094354806434668,0.05704433729734452,0.0889939426808456,606.4181,37.83967611111115,41.99344444444445,2,0.0,0.0,0.8277777777777777
7,multi_squall,1,0.6,Threshold-Projected,0.12094354806434668,0.06047992197182851,0.0907117350180876,150.5746,31.233449888888913,21.739555555555555,13,0.0,0.0,0.5922222222222222
7,multi_squall,1,1.35,Fixed-L1,0.12094354806434668,0.06978461482086272,0.09536408144260469,85.8331,14.624400000000007,0.6286666666666666,0,0.0,0.0,0.0
7,multi_squall,1,0.35,Greedy-Online,0.12094354806434668,0.06974726044569185,0.09534540425501926,410.2315,15.34111322222223,30.131999999999998,8,0.0,0.0,0.025555555555555557
7,multi_squall,0,0.6,Switch-Aware-Greedy,0.12094354806434668,0.05704433729734452,0.0889939426808456,638.1915,37.83967611111115,40.16466666666666,2,0.0,0.0,0.8277777777777777
7,multi_squall,1,0.35,Fixed-L1,0.12094354806434668,0.06978461482086272,0.09536408144260469,100.0389,14.624400000000007,1.3123333333333331,0,0.0,0.0,0.0
7,multi_squall,0,0.9,Fixed-L2,0.0,0.0,0.0,262.2229,99.90138000000003,1.1271111111111112,0,1.0,1.0,1.0
7,multi_squall,1,0.6,Contextual-Thompson,0.12094354806434668,0.057042791225054276,0.08899316964470047,765.6848,37.90199900000004,331.438,2,0.0,0.0,0.83
7,multi_squall,1,0.6,Discounted-LinUCB,0.12094354806434668,0.057043079149857845,0.08899331360710226,705.4956,37.93316044444448,289.57044444444443,2,0.0,0.0,0.8311111111111111
7,multi_squall,0,0.35,Greedy-Online,0.12094354806434668,0.06974726044569185,0.09534540425501926,509.847,15.34111322222223,41.385444444444445,8,0.0,0.0,0.025555555555555557
7,multi_squall,1,0.6,Greedy-Online,0.12094354806434668,0.057043079149857845,0.08899331360710226,556.5505,37.93316044444448,33.201,2,0.0,0.0,0.8311111111111111
7,multi_squall,1,0.9,Fixed-L2,0.0,0.0,0.0,339.0572,99.90138000000003,1.3345555555555555,0,1.0,1.0,1.0
7,speed_manoeuvre,0,0.9,Greedy-Online,0.07726604702466522,0.03784897987043744,0.057557513447551334,609.5959,38.71907111111115,36.096777777777774,12,0.0,0.03333333333333333,0.7911111111111111
7,speed_manoeuvre,0,1.35,Switch-Aware-Greedy,0.04970396496075755,0.03173108022893263,0.040717522594845096,856.3099,72.06437868888892,41.34355555555556,4,0.0,0.5544444444444444,0.9166666666666666
7,speed_manoeuvre,0,1.35,Threshold-Projected,0.07787102959537241,0.08819367237095646,0.08303235098316444,127.2722,25.87368144444446,15.658000000000001,6,0.0,0.0,0.4011111111111111
7,speed_manoeuvre,0,0.6,Threshold-Projected,0.07787102959537241,0.11580664785113143,0.09683883872325191,117.0151,24.346770666666682,14.891000000000002,6,0.0,0.0,0.3466666666666667
7,speed_manoeuvre,1,0.6,Fixed-L2,0.0,0.0,0.0,269.0494,99.90138000000003,1.1737777777777778,0,1.0,1.0,1.0
7,speed_manoeuvre,0,0.9,Threshold-Projected,0.07787102959537241,0.08819367237095646,0.08303235098316444,139.4942,25.87368144444446,17.738888888888887,6,0.0,0.0,0.4011111111111111
7,speed_manoeuvre,1,0.9,Contextual-Thompson,0.06389202811425382,0.046661305029874,0.05527666657206391,1390.439,42.28756320000004,549.0341111111111,6,0.0,0.15666666666666668,0.6666666666666666
7,speed_manoeuvre,1,1.35,Fixed-L1,0.07787102959537241,0.15783691524704507,0.11785397242120874,106.2412,14.624400000000007,0.7082222222222221,0,0.0,0.0,0.0
7,speed_manoeuvre,0,0.6,Switch-Aware-Greedy,0.07787102959537241,0.09200964545657017,0.0849403375259713,716.7799,37.83967611111115,46.38155555555556,2,0.0,0.0,0.8277777777777777
7,speed_manoeuvre,1,1.35,Threshold-Projected,0.07787102959537241,0.08819367237095646,0.08303235098316444,138.5506,25.87368144444446,17.105777777777778,6,0.0,0.0,0.4011111111111111
7,speed_manoeuvre,1,0.9,Proposed-Exact-Online,0.06343446329682832,0.042846819051691,0.053140641174259665,731.4378,46.15865428888892,47.66422222222223,7,0.0,0.13555555555555557,0.8477777777777777
7,speed_manoeuvre,0,1.35,Greedy-Online,0.050518725979242285,0.034938638365463875,0.04272868217235308,1068.3548,69.31729753333337,49.40755555555556,47,0.0,0.4955555555555556,0.9388888888888889
7,speed_manoeuvre,1,0.6,Contextual-Thompson,0.07787102959537241,0.08865332497933855,0.08326217728735548,1013.4902,37.96432188888892,461.47444444444443,2,0.0,0.0,0.8322222222222222
7,speed_manoeuvre,1,1.35,Switch-Aware-Greedy,0.04970396496075755,0.03173108022893263,0.040717522594845096,1156.6557,72.06437868888892,61.18755555555556,4,0.0,0.5544444444444444,0.9166666666666666
7,speed_manoeuvre,1,0.6,Proposed-Exact-Online,0.07787102959537241,0.09200964545657017,0.0849403375259713,624.1021,37.83967611111115,43.31944444444444,2,0.0,0.0,0.8277777777777777
7,speed_manoeuvre,1,0.35,Greedy-Online,0.07787102959537241,0.15585758287710066,0.11686430623623653,369.8169,15.933180666666674,26.05788888888889,8,0.0,0.0,0.04666666666666667
7,speed_manoeuvre,1,0.35,Discounted-LinUCB,0.07787102959537241,0.15589426706342813,0.11688264832940026,489.7962,15.77737344444445,205.42077777777777,4,0.0,0.0,0.04111111111111111
7,speed_manoeuvre,0,0.35,Fixed-L1,0.07787102959537241,0.15783691524704507,0.11785397242120874,80.8784,14.624400000000007,0.6035555555555555,0,0.0,0.0,0.0
7,speed_manoeuvre,1,0.6,Threshold-Projected,0.07787102959537241,0.11580664785113143,0.09683883872325191,108.9148,24.346770666666682,14.062555555555555,6,0.0,0.0,0.3466666666666667
7,speed_manoeuvre,1,0.35,Switch-Aware-Greedy,0.07787102959537241,0.15589453331354658,0.11688278145445949,362.5449,15.746212000000005,24.67888888888889,2,0.0,0.0,0.04
7,speed_manoeuvre,1,0.6,Discounted-LinUCB,0.07787102959537241,0.08865332497933855,0.08326217728735548,712.2886,37.96432188888892,293.9337777777778,2,0.0,0.0,0.8322222222222222
7,speed_manoeuvre,0,0.6,Fixed-L2,0.0,0.0,0.0,266.6603,99.90138000000003,1.1873333333333331,0,1.0,1.0,1.0
7,speed_manoeuvre,1,0.35,Fixed-L2,0.0,0.0,0.0,256.6583,99.90138000000003,1.0944444444444446,0,1.0,1.0,1.0
7,speed_manoeuvre,1,0.9,Greedy-Online,0.07726604702466522,0.03784897987043744,0.057557513447551334,732.3963,38.71907111111115,46.83211111111111,12,0.0,0.03333333333333333,0.7911111111111111
7,speed_manoeuvre,1,0.9,Switch-Aware-Greedy,0.054778742719542764,0.07463922156973453,0.06470898214463865,607.7961,50.37446473333336,35.644444444444446,3,0.0,0.28,0.7033333333333334
7,speed_manoeuvre,0,0.6,Discounted-LinUCB,0.07787102959537241,0.08865332497933855,0.08326217728735548,769.5457,37.96432188888892,321.2715555555556,2,0.0,0.0,0.8322222222222222
7,speed_manoeuvre,0,1.35,Proposed-Exact-Online,0.04795469497259834,0.034223223226120335,0.041088959099359335,784.2927,73.19940457777781,43.401888888888884,8,0.0,0.5933333333333334,0.8777777777777778
7,speed_manoeuvre,1,1.35,Fixed-L2,0.0,0.0,0.0,279.9417,99.90138000000003,1.1808888888888889,0,0.5277777777777778,1.0,1.0
7,speed_manoeuvre,1,0.6,Switch-Aware-Greedy,0.07787102959537241,0.09200964545657017,0.0849403375259713,541.75,37.83967611111115,34.223444444444446,2,0.0,0.0,0.8277777777777777
7,speed_manoeuvre,1,0.9,Discounted-LinUCB,0.07508696527673667,0.0373454389146703,0.05621620209570348,750.6265,39.66078900000003,299.6852222222222,12,0.0,0.06666666666666667,0.7566666666666667
7,speed_manoeuvre,1,0.35,Proposed-Exact-Online,0.07787102959537241,0.15589453331354658,0.11688278145445949,551.2866,15.746212000000005,49.62166666666667,2,0.0,0.0,0.04
7,speed_manoeuvre,1,1.35,Proposed-Exact-Online,0.04795469497259834,0.034223223226120335,0.041088959099359335,769.7072,73.19940457777781,44.753,8,0.0,0.5933333333333334,0.8777777777777778
7,speed_manoeuvre,0,0.6,Fixed-L1,0.07787102959537241,0.15783691524704507,0.11785397242120874,81.0192,14.624400000000007,0.6539999999999999,0,0.0,0.0,0.0
7,speed_manoeuvre,0,0.35,Proposed-Exact-Online,0.07787102959537241,0.15589453331354658,0.11688278145445949,364.6695,15.746212000000005,31.296333333333333,2,0.0,0.0,0.04
7,speed_manoeuvre,0,0.9,Proposed-Exact-Online,0.06343446329682832,0.042846819051691,0.053140641174259665,597.75,46.15865428888892,41.034222222222226,7,0.0,0.13555555555555557,0.8477777777777777
7,speed_manoeuvre,1,0.35,Contextual-Thompson,0.07787102959537241,0.15589426706342813,0.11688264832940026,533.8251,15.77737344444445,241.73888888888888,4,0.0,0.0,0.04111111111111111
7,speed_manoeuvre,0,0.9,Contextual-Thompson,0.06389202811425382,0.046661305029874,0.05527666657206391,820.1127,42.28756320000004,330.81344444444443,6,0.0,0.15666666666666668,0.6666666666666666
7,speed_manoeuvre,1,1.35,Contextual-Thompson,0.049670676171078204,0.03170284503530714,0.04068676060319267,1209.0221,72.12796944444447,428.62177777777777,4,0.0,0.5555555555555556,0.9166666666666666
7,speed_manoeuvre,0,0.9,Discounted-LinUCB,0.07508696527673667,0.0373454389146703,0.05621620209570348,757.0222,39.66078900000003,306.53333333333336,12,0.0,0.06666666666666667,0.7566666666666667
7,speed_manoeuvre,0,0.35,Discounted-LinUCB,0.07787102959537241,0.15589426706342813,0.11688264832940026,500.5435,15.77737344444445,208.81033333333332,4,0.0,0.0,0.04111111111111111
7,speed_manoeuvre,1,0.9,Fixed-L2,0.0,0.0,0.0,273.4922,99.90138000000003,1.154777777777778,0,1.0,1.0,1.0
7,speed_manoeuvre,0,1.35,Discounted-LinUCB,0.049670676171078204,0.03170284503530714,0.04068676060319267,994.9146,72.12796944444447,319.04977777777776,4,0.0,0.5555555555555556,0.9166666666666666
7,speed_manoeuvre,1,0.35,Fixed-L1,0.07787102959537241,0.15783691524704507,0.11785397242120874,89.1218,14.624400000000007,0.7189999999999999,0,0.0,0.0,0.0
7,speed_manoeuvre,1,0.35,Threshold-Projected,0.07787102959537241,0.1558578491898863,0.11686443939262936,106.1696,15.90201922222223,16.88211111111111,6,0.0,0.0,0.04555555555555556
7,speed_manoeuvre,0,0.35,Contextual-Thompson,0.07787102959537241,0.15589426706342813,0.11688264832940026,612.6143,15.77737344444445,274.8346666666667,4,0.0,0.0,0.04111111111111111
7,speed_manoeuvre,0,1.35,Fixed-L1,0.07787102959537241,0.15783691524704507,0.11785397242120874,89.6765,14.624400000000007,0.6685555555555556,0,0.0,0.0,0.0
7,speed_manoeuvre,1,1.35,Greedy-Online,0.050518725979242285,0.034938638365463875,0.04272868217235308,978.5888,69.31729753333337,41.404555555555554,47,0.0,0.4955555555555556,0.9388888888888889
7,speed_manoeuvre,1,0.6,Fixed-L1,0.07787102959537241,0.15783691524704507,0.11785397242120874,87.648,14.624400000000007,0.6612222222222222,0,0.0,0.0,0.0
7,speed_manoeuvre,0,0.35,Fixed-L2,0.0,0.0,0.0,261.2174,99.90138000000003,1.1563333333333334,0,1.0,1.0,1.0
7,speed_manoeuvre,1,0.6,Greedy-Online,0.07787102959537241,0.08865332497933855,0.08326217728735548,588.2288,37.96432188888892,34.865,2,0.0,0.0,0.8322222222222222
7,speed_manoeuvre,0,0.9,Fixed-L2,0.0,0.0,0.0,342.394,99.90138000000003,1.2944444444444445,0,1.0,1.0,1.0
7,speed_manoeuvre,0,0.9,Fixed-L1,0.07787102959537241,0.15783691524704507,0.11785397242120874,92.951,14.624400000000007,0.6798888888888889,0,0.0,0.0,0.0
7,speed_manoeuvre,0,0.6,Contextual-Thompson,0.07787102959537241,0.08865332497933855,0.08326217728735548,872.1971,37.96432188888892,376.2476666666667,2,0.0,0.0,0.8322222222222222
7,speed_manoeuvre,1,0.9,Threshold-Projected,0.07787102959537241,0.08819367237095646,0.08303235098316444,128.3334,25.87368144444446,16.494666666666667,6,0.0,0.0,0.4011111111111111
7,speed_manoeuvre,0,1.35,Contextual-Thompson,0.049670676171078204,0.03170284503530714,0.04068676060319267,1152.555,72.12796944444447,388.80566666666664,4,0.0,0.5555555555555556,0.9166666666666666
7,speed_manoeuvre,1,1.35,Discounted-LinUCB,0.049670676171078204,0.03170284503530714,0.04068676060319267,1306.2757,72.12796944444447,430.7413333333333,4,0.0,0.5555555555555556,0.9166666666666666
7,speed_manoeuvre,0,0.35,Switch-Aware-Greedy,0.07787102959537241,0.15589453331354658,0.11688278145445949,477.6332,15.746212000000005,42.96233333333334,2,0.0,0.0,0.04
7,speed_manoeuvre,0,0.35,Greedy-Online,0.07787102959537241,0.15585758287710066,0.11686430623623653,366.0009,15.933180666666674,26.233999999999998,8,0.0,0.0,0.04666666666666667
7,speed_manoeuvre,0,0.9,Switch-Aware-Greedy,0.054778742719542764,0.07463922156973453,0.06470898214463865,672.2608,50.37446473333336,38.21311111111111,3,0.0,0.28,0.7033333333333334
7,speed_manoeuvre,0,0.6,Greedy-Online,0.07787102959537241,0.08865332497933855,0.08326217728735548,607.4624,37.96432188888892,35.27444444444444,2,0.0,0.0,0.8322222222222222
7,speed_manoeuvre,1,0.9,Fixed-L1,0.07787102959537241,0.15783691524704507,0.11785397242120874,96.9577,14.624400000000007,0.6694444444444444,0,0.0,0.0,0.0
7,speed_manoeuvre,0,0.35,Threshold-Projected,0.07787102959537241,0.1558578491898863,0.11686443939262936,109.0099,15.90201922222223,17.51533333333333,6,0.0,0.0,0.04555555555555556
7,speed_manoeuvre,0,1.35,Fixed-L2,0.0,0.0,0.0,318.3321,99.90138000000003,1.430777777777778,0,0.5277777777777778,1.0,1.0
7,speed_manoeuvre,0,0.6,Proposed-Exact-Online,0.07787102959537241,0.09200964545657017,0.0849403375259713,602.9046,37.83967611111115,41.15144444444445,2,0.0,0.0,0.8277777777777777
7,coupled_extreme,0,0.35,Threshold-Projected,0.135744387474231,0.1347887131093152,0.1352665502917731,123.171,15.683889111111117,22.732,2,0.0,0.0,0.03777777777777778
7,coupled_extreme,1,0.35,Discounted-LinUCB,0.135744387474231,0.1347887131093152,0.1352665502917731,731.1799,15.683889111111117,308.201,2,0.0,0.0,0.03777777777777778
7,coupled_extreme,1,0.6,Discounted-LinUCB,0.135744387474231,0.07926633066570975,0.10750535906997039,796.1075,38.24477488888893,325.4762222222222,2,0.0,0.0,0.8422222222222222
7,coupled_extreme,1,0.35,Switch-Aware-Greedy,0.135744387474231,0.13457181366163043,0.1351581005679307,391.7428,15.559243333333342,26.859222222222222,2,0.0,0.0,0.03333333333333333
7,coupled_extreme,0,0.6,Proposed-Exact-Online,0.135744387474231,0.08040445886575205,0.10807442316999152,592.9066,37.99548333333338,42.324555555555555,3,0.0,0.0,0.8333333333333334
7,coupled_extreme,1,1.35,Greedy-Online,0.08627549022809688,0.11680704331309362,0.10154126677059525,890.7071,71.2871456666667,42.46333333333333,26,0.0,0.5833333333333334,0.83
7,coupled_extreme,1,0.9,Switch-Aware-Greedy,0.12851113114087154,0.029892915104675767,0.07920202312277365,686.8909,50.35544673333337,39.23022222222222,1,0.0,0.2633333333333333,0.7366666666666667
7,coupled_extreme,0,0.9,Threshold-Projected,0.12017696459623092,0.12216552997558378,0.12117124728590735,174.4667,41.80385668888892,18.860111111111113,19,0.0,0.08777777777777777,0.79
7,coupled_extreme,1,1.35,Threshold-Projected,0.09500641450447861,0.11961688884778338,0.10731165167613099,457.533,46.92481431111115,51.905666666666676,22,0.0,0.17888888888888888,0.7866666666666666
7,coupled_extreme,0,0.6,Threshold-Projected,0.135744387474231,0.09565099597090594,0.11569769172256847,204.4431,34.75469311111114,31.53077777777778,17,0.0,0.0,0.7177777777777777
7,coupled_extreme,1,0.35,Contextual-Thompson,0.135744387474231,0.1347887131093152,0.1352665502917731,737.1633,15.683889111111117,326.77,2,0.0,0.0,0.03777777777777778
7,coupled_extreme,1,0.35,Fixed-L2,0.0,0.0,0.0,320.9302,99.90138000000003,1.314777777777778,0,1.0,1.0,1.0
7,coupled_extreme,0,0.9,Fixed-L1,0.135744387474231,0.13411486065474665,0.13492962406448883,90.2485,14.624400000000007,0.7755555555555556,0,0.0,0.0,0.0
7,coupled_extreme,1,0.35,Proposed-Exact-Online,0.135744387474231,0.13457181366163043,0.1351581005679307,328.7398,15.559243333333342,27.77866666666667,2,0.0,0.0,0.03333333333333333
7,coupled_extreme,0,0.6,Greedy-Online,0.135744387474231,0.07985744544099195,0.10780091645761147,331.1224,38.15129055555559,19.023444444444443,5,0.0,0.0,0.8388888888888889
7,coupled_extreme,0,0.35,Proposed-Exact-Online,0.135744387474231,0.13457181366163043,0.1351581005679307,228.6179,15.559243333333342,21.638444444444442,2,0.0,0.0,0.03333333333333333
7,coupled_extreme,0,0.35,Contextual-Thompson,0.135744387474231,0.1347887131093152,0.1352665502917731,289.3393,15.683889111111117,131.73655555555555,2,0.0,0.0,0.03777777777777778
7,coupled_extreme,1,1.35,Fixed-L2,0.0,0.0,0.0,142.7832,99.90138000000003,0.6193333333333333,0,0.5722222222222222,1.0,1.0
7,coupled_extreme,1,1.35,Discounted-LinUCB,0.08025279246555712,0.10528631555374096,0.09276955400964904,556.3861,73.5082858666667,169.55255555555553,17,0.0,0.6455555555555555,0.7822222222222223
7,coupled_extreme,1,0.6,Greedy-Online,0.135744387474231,0.07985744544099195,0.10780091645761147,297.412,38.15129055555559,16.668666666666667,5,0.0,0.0,0.8388888888888889
7,coupled_extreme,0,1.35,Switch-Aware-Greedy,0.10886204805327722,0.05482610922876633,0.08184407864102178,413.9844,69.76550377777782,21.063333333333333,5,0.0,0.5333333333333333,0.8777777777777778
7,coupled_extreme,0,0.35,Fixed-L2,0.0,0.0,0.0,145.7854,99.90138000000003,1.1272222222222221,0,1.0,1.0,1.0
7,coupled_extreme,0,0.6,Discounted-LinUCB,0.135744387474231,0.07926633066570975,0.10750535906997039,538.3951,38.24477488888893,214.0403333333333,2,0.0,0.0,0.8422222222222222
7,coupled_extreme,1,1.35,Contextual-Thompson,0.08220642113835076,0.1068286841777873,0.09451755265806903,1110.2777,74.0010648666667,356.37288888888884,14,0.0,0.6677777777777778,0.7544444444444445
7,coupled_extreme,0,0.35,Discounted-LinUCB,0.135744387474231,0.1347887131093152,0.1352665502917731,511.306,15.683889111111117,212.32455555555555,2,0.0,0.0,0.03777777777777778
7,coupled_extreme,1,0.6,Switch-Aware-Greedy,0.135744387474231,0.08040445886575205,0.10807442316999152,530.7044,37.99548333333338,33.56011111111111,3,0.0,0.0,0.8333333333333334
7,coupled_extreme,1,0.9,Contextual-Thompson,0.11939006680210135,0.09415233470816871,0.10677120075513502,962.9418,49.44742602222225,369.1461111111111,15,0.0,0.23222222222222222,0.7677777777777778
7,coupled_extreme,1,0.9,Discounted-LinUCB,0.11946687044579686,0.09310893562063287,0.10628790303321486,893.311,49.44742602222225,330.0565555555556,15,0.0,0.23222222222222222,0.7677777777777778
7,coupled_extreme,0,0.9,Contextual-Thompson,0.11939006680210135,0.09415233470816871,0.10677120075513502,987.9456,49.44742602222225,361.3158888888889,15,0.0,0.23222222222222222,0.7677777777777778
7,coupled_extreme,1,0.9,Proposed-Exact-Online,0.11938211825619334,0.06327114560564319,0.09132663193091826,695.8611,50.12844155555559,43.84933333333333,7,0.0,0.25555555555555554,0.7444444444444445
7,coupled_extreme,1,0.9,Fixed-L2,0.0,0.0,0.0,294.7403,99.90138000000003,1.2638888888888888,0,1.0,1.0,1.0
7,coupled_extreme,1,0.35,Fixed-L1,0.135744387474231,0.13411486065474665,0.13492962406448883,91.9965,14.624400000000007,0.6868888888888888,0,0.0,0.0,0.0
7,coupled_extreme,1,1.35,Proposed-Exact-Online,0.08043991434783677,0.10621318766457755,0.09332655100620715,794.8948,72.52199522222226,44.183444444444454,10,0.0,0.6277777777777778,0.7833333333333333
7,coupled_extreme,1,1.35,Fixed-L1,0.135744387474231,0.13411486065474665,0.13492962406448883,82.7707,14.624400000000007,0.6709999999999998,0,0.0,0.0,0.0
7,coupled_extreme,0,1.35,Greedy-Online,0.08627549022809688,0.11680704331309362,0.10154126677059525,756.0187,71.2871456666667,31.709666666666667,26,0.0,0.5833333333333334,0.83
7,coupled_extreme,1,0.9,Threshold-Projected,0.12017696459623092,0.12216552997558378,0.12117124728590735,158.9546,41.80385668888892,17.90877777777778,19,0.0,0.08777777777777777,0.79
7,coupled_extreme,0,1.35,Fixed-L1,0.135744387474231,0.13411486065474665,0.13492962406448883,79.4563,14.624400000000007,0.6233333333333333,0,0.0,0.0,0.0
7,coupled_extreme,1,0.35,Threshold-Projected,0.135744387474231,0.1347887131093152,0.1352665502917731,100.6125,15.683889111111117,18.582555555555558,2,0.0,0.0,0.03777777777777778
7,coupled_extreme,1,0.6,Proposed-Exact-Online,0.135744387474231,0.08040445886575205,0.10807442316999152,592.7121,37.99548333333338,42.16277777777778,3,0.0,0.0,0.8333333333333334
7,coupled_extreme,1,0.6,Fixed-L1,0.135744387474231,0.13411486065474665,0.13492962406448883,128.3437,14.624400000000007,0.7417777777777776,0,0.0,0.0,0.0
7,coupled_extreme,0,0.9,Fixed-L2,0.0,0.0,0.0,361.3362,99.90138000000003,1.4436666666666667,0,1.0,1.0,1.0
7,coupled_extreme,0,1.35,Contextual-Thompson,0.08220642113835076,0.1068286841777873,0.09451755265806903,1061.0867,74.0010648666667,339.3647777777778,14,0.0,0.6677777777777778,0.7544444444444445
7,coupled_extreme,1,0.6,Threshold-Projected,0.135744387474231,0.09565099597090594,0.11569769172256847,142.7798,34.75469311111114,17.717000000000002,17,0.0,0.0,0.7177777777777777
7,coupled_extreme,1,0.6,Contextual-Thompson,0.135744387474231,0.07953492992383673,0.10763965869903387,756.4557,38.213613444444476,329.7611111111111,3,0.0,0.0,0.8411111111111111
7,coupled_extreme,0,1.35,Threshold-Projected,0.09500641450447861,0.11961688884778338,0.10731165167613099,166.7269,46.92481431111115,16.630222222222223,22,0.0,0.17888888888888888,0.7866666666666666
7,coupled_extreme,0,0.9,Discounted-LinUCB,0.11946687044579686,0.09310893562063287,0.10628790303321486,812.994,49.44742602222225,296.10266666666666,15,0.0,0.23222222222222222,0.7677777777777778
7,coupled_extreme,0,1.35,Proposed-Exact-Online,0.08043991434783677,0.10621318766457755,0.09332655100620715,759.2544,72.52199522222226,42.18333333333333,10,0.0,0.6277777777777778,0.7833333333333333
7,coupled_extreme,1,0.9,Greedy-Online,0.127143716740146,0.08479555266078852,0.10596963470046725,767.1934,43.350715533333386,40.843333333333334,13,0.0,0.023333333333333334,0.9766666666666667
7,coupled_extreme,0,0.9,Greedy-Online,0.127143716740146,0.08479555266078852,0.10596963470046725,556.2775,43.350715533333386,30.293333333333333,13,0.0,0.023333333333333334,0.9766666666666667
7,coupled_extreme,0,0.6,Switch-Aware-Greedy,0.135744387474231,0.08040445886575205,0.10807442316999152,547.2982,37.99548333333338,32.66266666666667,3,0.0,0.0,0.8333333333333334
7,coupled_extreme,1,0.35,Greedy-Online,0.135744387474231,0.1347887131093152,0.1352665502917731,405.1392,15.683889111111117,30.26377777777778,2,0.0,0.0,0.03777777777777778
7,coupled_extreme,0,0.6,Fixed-L2,0.0,0.0,0.0,264.8495,99.90138000000003,1.4472222222222222,0,1.0,1.0,1.0
7,coupled_extreme,1,1.35,Switch-Aware-Greedy,0.10886204805327722,0.05482610922876633,0.08184407864102178,750.7307,69.76550377777782,38.82388888888889,5,0.0,0.5333333333333333,0.8777777777777778
7,coupled_extreme,1,0.6,Fixed-L2,0.0,0.0,0.0,260.9302,99.90138000000003,1.093888888888889,0,1.0,1.0,1.0
7,coupled_extreme,0,1.35,Fixed-L2,0.0,0.0,0.0,278.4241,99.90138000000003,1.2024444444444444,0,0.5722222222222222,1.0,1.0
7,coupled_extreme,0,0.6,Fixed-L1,0.135744387474231,0.13411486065474665,0.13492962406448883,90.5685,14.624400000000007,0.6765555555555554,0,0.0,0.0,0.0
7,coupled_extreme,0,0.6,Contextual-Thompson,0.135744387474231,0.07953492992383673,0.10763965869903387,999.7706,38.213613444444476,441.75511111111115,3,0.0,0.0,0.8411111111111111
7,coupled_extreme,0,0.35,Switch-Aware-Greedy,0.135744387474231,0.13457181366163043,0.1351581005679307,435.943,15.559243333333342,30.480222222222224,2,0.0,0.0,0.03333333333333333
7,coupled_extreme,1,0.9,Fixed-L1,0.135744387474231,0.13411486065474665,0.13492962406448883,90.4842,14.624400000000007,0.6698888888888888,0,0.0,0.0,0.0
7,coupled_extreme,0,0.9,Proposed-Exact-Online,0.11938211825619334,0.06327114560564319,0.09132663193091826,781.0007,50.12844155555559,50.324555555555555,7,0.0,0.25555555555555554,0.7444444444444445
7,coupled_extreme,0,0.9,Switch-Aware-Greedy,0.12851113114087154,0.029892915104675767,0.07920202312277365,617.3777,50.35544673333337,34.827666666666666,1,0.0,0.2633333333333333,0.7366666666666667
7,coupled_extreme,0,1.35,Discounted-LinUCB,0.08025279246555712,0.10528631555374096,0.09276955400964904,1016.7886,73.5082858666667,309.99199999999996,17,0.0,0.6455555555555555,0.7822222222222223
7,coupled_extreme,0,0.35,Fixed-L1,0.135744387474231,0.13411486065474665,0.13492962406448883,81.2059,14.624400000000007,0.6198888888888888,0,0.0,0.0,0.0
7,coupled_extreme,0,0.35,Greedy-Online,0.135744387474231,0.1347887131093152,0.1352665502917731,419.1582,15.683889111111117,31.703333333333333,2,0.0,0.0,0.03777777777777778
8,storm_passage,1,0.9,Greedy-Online,0.1421391160985801,0.10804034852828541,0.12508973231343276,802.8724,42.85968257777781,53.000777777777785,33,0.0,0.22111111111111112,0.5555555555555556
8,storm_passage,0,1.35,Switch-Aware-Greedy,0.12845897442507145,0.07049212515881452,0.09947554979194298,874.989,69.09516640000004,45.163,6,0.0,0.5466666666666666,0.8266666666666667
8,storm_passage,1,0.35,Greedy-Online,0.15056842070437507,0.12323524454081608,0.1369018326225956,395.3476,14.71788433333334,29.873333333333335,6,0.0,0.0,0.0033333333333333335
8,storm_passage,1,1.35,Contextual-Thompson,0.09172360182491253,0.10343653012316562,0.09758006597403907,1339.6619,76.87259437777782,401.40777777777777,26,0.0,0.7811111111111111,0.6255555555555555
8,storm_passage,1,0.6,Switch-Aware-Greedy,0.15056842070437507,0.08241264887325474,0.11649053478881491,571.9357,32.542230555555584,37.93544444444444,3,0.0,0.0,0.6388888888888888
8,storm_passage,0,0.6,Threshold-Projected,0.15056842070437507,0.092793352806495,0.12168088675543504,118.512,21.137141888888898,18.234222222222222,12,0.0,0.0,0.23222222222222222
8,storm_passage,1,0.6,Proposed-Exact-Online,0.15056842070437507,0.08241264887325474,0.11649053478881491,556.086,32.542230555555584,41.49033333333334,3,0.0,0.0,0.6388888888888888
8,storm_passage,1,0.35,Switch-Aware-Greedy,0.15056842070437507,0.12323514740681175,0.13690178405559342,529.7819,14.624400000000007,33.178,0,0.0,0.0,0.0
8,storm_passage,0,0.6,Switch-Aware-Greedy,0.15056842070437507,0.08241264887325474,0.11649053478881491,726.0659,32.542230555555584,46.97122222222223,3,0.0,0.0,0.6388888888888888
8,storm_passage,0,1.35,Discounted-LinUCB,0.09111501860267417,0.10335765463675042,0.09723633661971229,1149.5132,77.19688748888892,320.11611111111114,26,0.0,0.7922222222222223,0.6144444444444445
8,storm_passage,0,0.6,Proposed-Exact-Online,0.15056842070437507,0.08241264887325474,0.11649053478881491,569.0346,32.542230555555584,42.70622222222223,3,0.0,0.0,0.6388888888888888
8,storm_passage,0,0.9,Threshold-Projected,0.13940900070434148,0.1310604177333765,0.135234709218859,147.8197,24.14492540000001,20.86866666666667,29,0.0,0.06888888888888889,0.1988888888888889
8,storm_passage,1,0.35,Discounted-LinUCB,0.15056842070437507,0.12326140484031749,0.13691491277234627,537.1741,15.995503555555564,225.76866666666666,4,0.0,0.0,0.04888888888888889
8,storm_passage,1,0.6,Fixed-L2,0.0,0.0,0.0,287.7707,99.90138000000003,1.3227777777777778,0,1.0,1.0,1.0
8,storm_passage,0,0.9,Contextual-Thompson,0.13912170965304782,0.12075786875678741,0.1299397892049176,960.9608,51.5877605555556,360.1984444444444,15,0.0,0.3055555555555556,0.6944444444444444
8,storm_passage,1,0.6,Threshold-Projected,0.15056842070437507,0.092793352806495,0.12168088675543504,155.1354,21.137141888888898,25.100111111111108,12,0.0,0.0,0.23222222222222222
8,storm_passage,1,0.35,Proposed-Exact-Online,0.15056842070437507,0.12323514740681175,0.13690178405559342,590.82,14.624400000000007,50.70866666666667,0,0.0,0.0,0.0
8,storm_passage,1,1.35,Proposed-Exact-Online,0.09434523887632332,0.10268505624823976,0.09851514756228154,896.6416,75.35402344444446,50.90877777777777,14,0.0,0.7611111111111111,0.6122222222222222
8,storm_passage,1,0.6,Contextual-Thompson,0.15056842070437507,0.08032365071790774,0.1154460357111414,960.945,38.30709777777782,420.58222222222224,2,0.0,0.0,0.8444444444444444
8,storm_passage,1,0.9,Contextual-Thompson,0.13912170965304782,0.12075786875678741,0.1299397892049176,913.3194,51.5877605555556,336.88977777777774,15,0.0,0.3055555555555556,0.6944444444444444
8,storm_passage,0,0.9,Proposed-Exact-Online,0.14134034958862016,0.10286853368990286,0.12210444163926151,833.9497,50.1284415555556,54.84733333333334,5,0.0,0.25555555555555554,0.7444444444444445
8,storm_passage,1,0.9,Fixed-L1,0.15056842070437507,0.12323514740681175,0.13690178405559342,114.3355,14.624400000000007,0.7212222222222221,0,0.0,0.0,0.0
8,storm_passage,1,0.9,Threshold-Projected,0.13940900070434148,0.1310604177333765,0.135234709218859,152.3824,24.14492540000001,23.888666666666666,29,0.0,0.06888888888888889,0.1988888888888889
8,storm_passage,1,0.35,Fixed-L2,0.0,0.0,0.0,264.6779,99.90138000000003,1.1212222222222221,0,1.0,1.0,1.0
8,storm_passage,0,0.35,Proposed-Exact-Online,0.15056842070437507,0.12323514740681175,0.13690178405559342,425.5693,14.624400000000007,36.84677777777778,0,0.0,0.0,0.0
8,storm_passage,1,1.35,Fixed-L2,0.0,0.0,0.0,283.0966,99.90138000000003,1.3868888888888888,0,0.5933333333333334,1.0,1.0
8,storm_passage,0,0.35,Greedy-Online,0.15056842070437507,0.12323524454081608,0.1369018326225956,378.066,14.71788433333334,28.101000000000003,6,0.0,0.0,0.0033333333333333335
8,storm_passage,1,0.9,Proposed-Exact-Online,0.14134034958862016,0.10286853368990286,0.12210444163926151,748.6867,50.1284415555556,49.478222222222215,5,0.0,0.25555555555555554,0.7444444444444445
8,storm_passage,1,0.35,Contextual-Thompson,0.15056842070437507,0.12325998497134402,0.13691420283785954,604.5056,15.839696333333341,272.3763333333333,4,0.0,0.0,0.043333333333333335
8,storm_passage,0,0.9,Fixed-L2,0.0,0.0,0.0,277.0378,99.90138000000003,1.2465555555555556,0,1.0,1.0,1.0
8,storm_passage,0,0.6,Contextual-Thompson,0.15056842070437507,0.08032365071790774,0.1154460357111414,1113.1697,38.30709777777782,473.2845555555555,2,0.0,0.0,0.8444444444444444
8,storm_passage,0,1.35,Fixed-L2,0.0,0.0,0.0,551.9795,99.90138000000003,1.8989999999999998,0,0.5933333333333334,1.0,1.0
8,storm_passage,1,1.35,Greedy-Online,0.10255771147709601,0.10455844047634356,0.10355807597671979,920.3459,72.3712594666667,43.01466666666666,28,0.0,0.6322222222222222,0.7688888888888888
8,storm_passage,0,0.9,Greedy-Online,0.1421391160985801,0.10804034852828541,0.12508973231343276,764.1628,42.85968257777781,44.059666666666665,33,0.0,0.22111111111111112,0.5555555555555556
8,storm_passage,0,1.35,Greedy-Online,0.10255771147709601,0.10455844047634356,0.10355807597671979,1115.6161,72.3712594666667,48.31177777777778,28,0.0,0.6322222222222222,0.7688888888888888
8,storm_passage,0,0.9,Fixed-L1,0.15056842070437507,0.12323514740681175,0.13690178405559342,95.6032,14.624400000000007,0.685111111111111,0,0.0,0.0,0.0
8,storm_passage,1,0.9,Fixed-L2,0.0,0.0,0.0,273.7241,99.90138000000003,1.1971111111111112,0,1.0,1.0,1.0
8,storm_passage,0,0.6,Discounted-LinUCB,0.15056842070437507,0.08032365071790774,0.1154460357111414,892.1424,38.30709777777782,374.02633333333335,2,0.0,0.0,0.8444444444444444
8,storm_passage,1,0.9,Switch-Aware-Greedy,0.14795596351553522,0.055506700557620005,0.10173133203657761,882.7284,49.96629500000004,49.84922222222222,1,0.0,0.25,0.75
8,storm_passage,1,1.35,Fixed-L1,0.15056842070437507,0.12323514740681175,0.13690178405559342,118.9059,14.624400000000007,0.8763333333333333,0,0.0,0.0,0.0
8,storm_passage,0,0.35,Fixed-L2,0.0,0.0,0.0,404.0046,99.90138000000003,1.6906666666666668,0,1.0,1.0,1.0
8,storm_passage,1,1.35,Switch-Aware-Greedy,0.12845897442507145,0.07049212515881452,0.09947554979194298,967.0871,69.09516640000004,43.51466666666666,6,0.0,0.5466666666666666,0.8266666666666667
8,storm_passage,1,0.6,Discounted-LinUCB,0.15056842070437507,0.08032365071790774,0.1154460357111414,1339.1047,38.30709777777782,565.4902222222222,2,0.0,0.0,0.8444444444444444
8,storm_passage,0,0.9,Discounted-LinUCB,0.13897432644843521,0.1207573110607137,0.12986581875457445,1483.0381,52.13905884444448,512.4804444444444,9,0.0,0.3244444444444444,0.6755555555555556
8,storm_passage,0,0.6,Fixed-L1,0.15056842070437507,0.12323514740681175,0.13690178405559342,106.3909,14.624400000000007,0.761111111111111,0,0.0,0.0,0.0
8,storm_passage,0,0.35,Threshold-Projected,0.15056842070437507,0.12323514740681175,0.13690178405559342,139.8677,14.624400000000007,23.048444444444442,0,0.0,0.0,0.0
8,storm_passage,1,0.6,Greedy-Online,0.15056842070437507,0.08120706456080178,0.11588774263258841,783.1416,32.29293900000003,49.878777777777785,9,0.0,0.0,0.63
8,storm_passage,0,1.35,Contextual-Thompson,0.09172360182491253,0.10343653012316562,0.09758006597403907,1676.0124,76.87259437777782,509.8731111111111,26,0.0,0.7811111111111111,0.6255555555555555
8,storm_passage,1,0.9,Discounted-LinUCB,0.13897432644843521,0.1207573110607137,0.12986581875457445,1586.4754,52.13905884444448,555.5283333333333,9,0.0,0.3244444444444444,0.6755555555555556
8,storm_passage,0,0.9,Switch-Aware-Greedy,0.14795596351553522,0.055506700557620005,0.10173133203657761,1097.1324,49.96629500000004,73.50733333333332,1,0.0,0.25,0.75
8,storm_passage,1,1.35,Discounted-LinUCB,0.09111501860267417,0.10335765463675042,0.09723633661971229,1427.2178,77.19688748888892,401.3262222222222,26,0.0,0.7922222222222223,0.6144444444444445
8,storm_passage,1,0.35,Threshold-Projected,0.15056842070437507,0.12323514740681175,0.13690178405559342,134.7082,14.624400000000007,23.195999999999998,0,0.0,0.0,0.0
8,storm_passage,0,0.35,Contextual-Thompson,0.15056842070437507,0.12325998497134402,0.13691420283785954,830.9598,15.839696333333341,365.72222222222223,4,0.0,0.0,0.043333333333333335
8,storm_passage,0,0.35,Fixed-L1,0.15056842070437507,0.12323514740681175,0.13690178405559342,92.9345,14.624400000000007,0.674111111111111,0,0.0,0.0,0.0
8,storm_passage,0,1.35,Fixed-L1,0.15056842070437507,0.12323514740681175,0.13690178405559342,83.5006,14.624400000000007,0.6163333333333333,0,0.0,0.0,0.0
8,storm_passage,0,0.35,Discounted-LinUCB,0.15056842070437507,0.12326140484031749,0.13691491277234627,788.7441,15.995503555555564,328.49244444444446,4,0.0,0.0,0.04888888888888889
8,storm_passage,0,0.6,Fixed-L2,0.0,0.0,0.0,297.8615,99.90138000000003,1.2223333333333333,0,1.0,1.0,1.0
8,storm_passage,0,0.6,Greedy-Online,0.15056842070437507,0.08120706456080178,0.11588774263258841,514.1916,32.29293900000003,30.235777777777773,9,0.0,0.0,0.63
8,storm_passage,1,1.35,Threshold-Projected,0.1139811628694807,0.11576817681788446,0.11487466984368258,132.645,32.15428964444446,16.031444444444443,25,0.0,0.17888888888888888,0.26
8,storm_passage,0,1.35,Proposed-Exact-Online,0.09434523887632332,0.10268505624823976,0.09851514756228154,811.8457,75.35402344444446,43.757888888888886,14,0.0,0.7611111111111111,0.6122222222222222
8,storm_passage,0,0.35,Switch-Aware-Greedy,0.15056842070437507,0.12323514740681175,0.13690178405559342,449.3618,14.624400000000007,32.634,0,0.0,0.0,0.0
8,storm_passage,1,0.35,Fixed-L1,0.15056842070437507,0.12323514740681175,0.13690178405559342,91.4824,14.624400000000007,0.6237777777777777,0,0.0,0.0,0.0
8,storm_passage,1,0.6,Fixed-L1,0.15056842070437507,0.12323514740681175,0.13690178405559342,91.6313,14.624400000000007,0.7838888888888889,0,0.0,0.0,0.0
8,storm_passage,0,1.35,Threshold-Projected,0.1139811628694807,0.11576817681788446,0.11487466984368258,148.0982,32.15428964444446,16.985333333333333,25,0.0,0.17888888888888888,0.26
8,multi_squall,0,0.6,Contextual-Thompson,0.12100447502048477,0.05735717918066025,0.08918082710057251,881.8161,37.96432188888892,383.52933333333334,2,0.0,0.0,0.8322222222222222
8,multi_squall,1,0.9,Proposed-Exact-Online,0.10429164518936898,0.06002404083422209,0.08215784301179553,893.4721,52.423850666666695,53.71855555555556,9,0.0,0.35555555555555557,0.6222222222222222
8,multi_squall,1,0.35,Fixed-L2,0.0,0.0,0.0,313.9959,99.90138000000003,1.3027777777777778,0,1.0,1.0,1.0
8,multi_squall,0,1.35,Discounted-LinUCB,0.0535789884556716,0.09751344535246147,0.07554621690406653,1365.7473,79.47547653333336,399.75288888888895,13,0.0,0.7955555555555556,0.6888888888888889
8,multi_squall,0,1.35,Contextual-Thompson,0.0517833243284681,0.09872341527601292,0.07525336980224051,1241.1578,79.70248171111115,375.05788888888884,10,0.0,0.8033333333333333,0.6811111111111111
8,multi_squall,0,1.35,Proposed-Exact-Online,0.058111731517334855,0.09504595638090356,0.07657884394911921,821.1724,78.8319617777778,42.75922222222223,9,0.0,0.7777777777777778,0.7022222222222222
8,multi_squall,0,1.35,Switch-Aware-Greedy,0.04952930239556734,0.09878979803556641,0.07415955021556687,986.8366,79.31840144444448,45.27044444444446,4,0.0,0.7944444444444444,0.6855555555555556
8,multi_squall,1,1.35,Threshold-Projected,0.076360467838459,0.10222311799596846,0.08929179291721373,184.7298,54.32176820000002,16.49566666666667,22,0.0,0.4622222222222222,0.4722222222222222
8,multi_squall,0,0.9,Greedy-Online,0.11977528512068593,0.05706069933603199,0.08841799222835896,374.6567,44.982859244444484,20.515111111111114,45,0.0,0.11555555555555555,0.8466666666666667
8,multi_squall,1,1.35,Fixed-L2,0.0,0.0,0.0,141.9585,99.90138000000003,0.645111111111111,0,0.5155555555555555,1.0,1.0
8,multi_squall,1,1.35,Greedy-Online,0.08239011988538567,0.07062612228075166,0.07650812108306866,413.1335,69.56946262222226,17.98911111111111,49,0.0,0.58,0.7755555555555556
8,multi_squall,0,0.9,Switch-Aware-Greedy,0.11013045598066186,0.07220906750964624,0.09116976174515405,346.7091,50.28351613333337,20.240555555555556,3,0.0,0.2822222222222222,0.6955555555555556
8,multi_squall,1,0.35,Greedy-Online,0.12100447502048477,0.06994583246003057,0.09547515374025767,206.9231,15.621566222222228,14.179444444444444,12,0.0,0.0,0.035555555555555556
8,multi_squall,0,1.35,Threshold-Projected,0.076360467838459,0.10222311799596846,0.08929179291721373,109.8773,54.32176820000002,10.302333333333333,22,0.0,0.4622222222222222,0.4722222222222222
8,multi_squall,1,0.9,Switch-Aware-Greedy,0.11013045598066186,0.07220906750964624,0.09116976174515405,336.7242,50.28351613333337,19.29888888888889,3,0.0,0.2822222222222222,0.6955555555555556
8,multi_squall,0,0.35,Contextual-Thompson,0.12100447502048477,0.0699577181506256,0.09548109658555518,290.4651,15.683889111111117,130.97511111111112,4,0.0,0.0,0.03777777777777778
8,multi_squall,1,0.6,Greedy-Online,0.12100447502048477,0.05735717918066025,0.08918082710057251,294.2177,37.96432188888892,16.468444444444444,2,0.0,0.0,0.8322222222222222
8,multi_squall,0,0.9,Contextual-Thompson,0.10367075486463803,0.0618266270703058,0.08274869096747192,511.6735,53.42789144444448,185.48055555555555,23,0.0,0.3888888888888889,0.59
8,multi_squall,0,0.35,Greedy-Online,0.12100447502048477,0.06994583246003057,0.09547515374025767,374.752,15.621566222222228,26.493666666666666,12,0.0,0.0,0.035555555555555556
8,multi_squall,0,0.6,Discounted-LinUCB,0.12100447502048477,0.05735717918066025,0.08918082710057251,927.3801,37.96432188888892,384.2426666666667,2,0.0,0.0,0.8322222222222222
8,multi_squall,0,0.6,Proposed-Exact-Online,0.12100447502048477,0.05735472709487163,0.08917960105767819,535.0851,37.83967611111115,38.88733333333333,2,0.0,0.0,0.8277777777777777
8,multi_squall,1,0.35,Threshold-Projected,0.12100447502048477,0.06990904730195245,0.09545676116121861,116.8842,15.964342111111117,20.95388888888889,10,0.0,0.0,0.04777777777777778
8,multi_squall,1,0.6,Discounted-LinUCB,0.12100447502048477,0.05735717918066025,0.08918082710057251,834.3503,37.96432188888892,338.0131111111112,2,0.0,0.0,0.8322222222222222
8,multi_squall,0,0.9,Fixed-L2,0.0,0.0,0.0,268.6861,99.90138000000003,1.1555555555555554,0,1.0,1.0,1.0
8,multi_squall,0,0.6,Switch-Aware-Greedy,0.12100447502048477,0.05735472709487163,0.08917960105767819,519.3574,37.83967611111115,32.24,2,0.0,0.0,0.8277777777777777
8,multi_squall,0,0.35,Discounted-LinUCB,0.12100447502048477,0.06991194483180706,0.09545820992614591,498.5151,15.90201922222223,208.61322222222222,6,0.0,0.0,0.04555555555555556
8,multi_squall,1,0.35,Proposed-Exact-Online,0.12100447502048477,0.07001405838774694,0.09550926670411586,377.8082,15.434597555555563,31.72077777777778,6,0.0,0.0,0.028888888888888888
8,multi_squall,0,1.35,Greedy-Online,0.08239011988538567,0.07062612228075166,0.07650812108306866,922.7324,69.56946262222226,39.28955555555555,49,0.0,0.58,0.7755555555555556
8,multi_squall,1,0.35,Contextual-Thompson,0.12100447502048477,0.0699577181506256,0.09548109658555518,600.7949,15.683889111111117,268.8193333333333,4,0.0,0.0,0.03777777777777778
8,multi_squall,1,0.9,Threshold-Projected,0.1112762246962465,0.0725578181466019,0.09191702142142419,148.9205,39.976347422222254,17.726,20,0.0,0.20666666666666667,0.4822222222222222
8,multi_squall,1,0.9,Discounted-LinUCB,0.1087988916347284,0.05031663185401436,0.07955776174437137,831.7298,51.157839666666696,292.63155555555556,21,0.0,0.3111111111111111,0.6677777777777778
8,multi_squall,1,1.35,Discounted-LinUCB,0.0535789884556716,0.09751344535246147,0.07554621690406653,1068.5061,79.47547653333336,306.929,13,0.0,0.7955555555555556,0.6888888888888889
8,multi_squall,1,0.9,Contextual-Thompson,0.10367075486463803,0.0618266270703058,0.08274869096747192,881.1914,53.42789144444448,314.6072222222222,23,0.0,0.3888888888888889,0.59
8,multi_squall,1,1.35,Fixed-L1,0.12100447502048477,0.07011206278661326,0.09555826890354902,86.3382,14.624400000000007,0.9337777777777777,0,0.0,0.0,0.0
8,multi_squall,0,0.6,Greedy-Online,0.12100447502048477,0.05735717918066025,0.08918082710057251,754.6612,37.96432188888892,47.112222222222215,2,0.0,0.0,0.8322222222222222
8,multi_squall,1,0.6,Fixed-L1,0.12100447502048477,0.07011206278661326,0.09555826890354902,84.6196,14.624400000000007,0.6222222222222221,0,0.0,0.0,0.0
8,multi_squall,1,0.35,Discounted-LinUCB,0.12100447502048477,0.06991194483180706,0.09545820992614591,580.1461,15.90201922222223,244.62488888888888,6,0.0,0.0,0.04555555555555556
8,multi_squall,0,0.35,Fixed-L1,0.12100447502048477,0.07011206278661326,0.09555826890354902,89.5279,14.624400000000007,0.6493333333333332,0,0.0,0.0,0.0
8,multi_squall,1,0.9,Fixed-L1,0.12100447502048477,0.07011206278661326,0.09555826890354902,91.2937,14.624400000000007,0.6677777777777778,0,0.0,0.0,0.0
8,multi_squall,0,0.6,Fixed-L1,0.12100447502048477,0.07011206278661326,0.09555826890354902,85.6036,14.624400000000007,0.6272222222222221,0,0.0,0.0,0.0
8,multi_squall,1,1.35,Switch-Aware-Greedy,0.04952930239556734,0.09878979803556641,0.07415955021556687,929.6385,79.31840144444448,43.54755555555556,4,0.0,0.7944444444444444,0.6855555555555556
8,multi_squall,1,1.35,Contextual-Thompson,0.0517833243284681,0.09872341527601292,0.07525336980224051,1339.1807,79.70248171111115,410.8954444444445,10,0.0,0.8033333333333333,0.6811111111111111
8,multi_squall,0,0.35,Proposed-Exact-Online,0.12100447502048477,0.07001405838774694,0.09550926670411586,475.5183,15.434597555555563,41.46244444444444,6,0.0,0.0,0.028888888888888888
8,multi_squall,0,1.35,Fixed-L1,0.12100447502048477,0.07011206278661326,0.09555826890354902,100.1516,14.624400000000007,0.7438888888888889,0,0.0,0.0,0.0
8,multi_squall,0,0.35,Threshold-Projected,0.12100447502048477,0.06990904730195245,0.09545676116121861,125.9448,15.964342111111117,24.034777777777776,10,0.0,0.0,0.04777777777777778
8,multi_squall,0,0.9,Threshold-Projected,0.1112762246962465,0.0725578181466019,0.09191702142142419,257.4825,39.976347422222254,26.878555555555558,20,0.0,0.20666666666666667,0.4822222222222222
8,multi_squall,1,0.6,Switch-Aware-Greedy,0.12100447502048477,0.05735472709487163,0.08917960105767819,649.5938,37.83967611111115,41.141888888888886,2,0.0,0.0,0.8277777777777777
8,multi_squall,1,1.35,Proposed-Exact-Online,0.058111731517334855,0.09504595638090356,0.07657884394911921,1130.8663,78.8319617777778,63.86988888888889,9,0.0,0.7777777777777778,0.7022222222222222
8,multi_squall,1,0.35,Switch-Aware-Greedy,0.12100447502048477,0.07001405838774694,0.09550926670411586,504.4861,15.434597555555563,32.571444444444445,6,0.0,0.0,0.028888888888888888
8,multi_squall,1,0.9,Fixed-L2,0.0,0.0,0.0,422.3934,99.90138000000003,1.850222222222222,0,1.0,1.0,1.0
8,multi_squall,0,0.6,Fixed-L2,0.0,0.0,0.0,393.6168,99.90138000000003,1.7816666666666667,0,1.0,1.0,1.0
8,multi_squall,1,0.35,Fixed-L1,0.12100447502048477,0.07011206278661326,0.09555826890354902,120.3848,14.624400000000007,0.9782222222222222,0,0.0,0.0,0.0
8,multi_squall,1,0.6,Threshold-Projected,0.12100447502048477,0.0607582609464768,0.09088136798348079,157.0193,31.233449888888913,22.996777777777776,13,0.0,0.0,0.5922222222222222
8,multi_squall,1,0.9,Greedy-Online,0.11977528512068593,0.05706069933603199,0.08841799222835896,668.388,44.982859244444484,34.574666666666666,45,0.0,0.11555555555555555,0.8466666666666667
8,multi_squall,0,0.9,Fixed-L1,0.12100447502048477,0.07011206278661326,0.09555826890354902,143.5722,14.624400000000007,0.8676666666666666,0,0.0,0.0,0.0
8,multi_squall,1,0.6,Fixed-L2,0.0,0.0,0.0,361.182,99.90138000000003,1.532888888888889,0,1.0,1.0,1.0
8,multi_squall,0,1.35,Fixed-L2,0.0,0.0,0.0,321.3507,99.90138000000003,1.5962222222222222,0,0.5155555555555555,1.0,1.0
8,multi_squall,1,0.6,Contextual-Thompson,0.12100447502048477,0.05735717918066025,0.08918082710057251,897.9535,37.96432188888892,389.18111111111114,2,0.0,0.0,0.8322222222222222
8,multi_squall,0,0.35,Fixed-L2,0.0,0.0,0.0,310.5211,99.90138000000003,1.3685555555555555,0,1.0,1.0,1.0
8,multi_squall,0,0.35,Switch-Aware-Greedy,0.12100447502048477,0.07001405838774694,0.09550926670411586,447.8648,15.434597555555563,29.959333333333333,6,0.0,0.0,0.028888888888888888
8,multi_squall,0,0.6,Threshold-Projected,0.12100447502048477,0.0607582609464768,0.09088136798348079,151.7837,31.233449888888913,22.225333333333335,13,0.0,0.0,0.5922222222222222
8,multi_squall,0,0.9,Proposed-Exact-Online,0.10429164518936898,0.06002404083422209,0.08215784301179553,769.4718,52.423850666666695,49.68966666666666,9,0.0,0.35555555555555557,0.6222222222222222
8,multi_squall,1,0.6,Proposed-Exact-Online,0.12100447502048477,0.05735472709487163,0.08917960105767819,604.5285,37.83967611111115,43.41277777777778,2,0.0,0.0,0.8277777777777777
8,multi_squall,0,0.9,Discounted-LinUCB,0.1087988916347284,0.05031663185401436,0.07955776174437137,1229.6851,51.157839666666696,441.4473333333333,21,0.0,0.3111111111111111,0.6677777777777778
8,speed_manoeuvre,1,1.35,Threshold-Projected,0.07825285682537998,0.08843577030996842,0.0833443135676742,146.4651,25.87368144444446,17.532888888888888,6,0.0,0.0,0.4011111111111111
8,speed_manoeuvre,0,0.35,Switch-Aware-Greedy,0.07825285682537998,0.1556853906245458,0.1169691237249629,432.3889,15.90201922222223,29.588222222222225,2,0.0,0.0,0.04555555555555556
8,speed_manoeuvre,1,0.35,Fixed-L1,0.07825285682537998,0.15825069598528035,0.11825177640533016,99.6971,14.624400000000007,0.8575555555555556,0,0.0,0.0,0.0
8,speed_manoeuvre,1,0.35,Proposed-Exact-Online,0.07825285682537998,0.1556853906245458,0.1169691237249629,447.129,15.90201922222223,37.50355555555555,2,0.0,0.0,0.04555555555555556
8,speed_manoeuvre,0,1.35,Fixed-L1,0.07825285682537998,0.15825069598528035,0.11825177640533016,90.6009,14.624400000000007,0.6683333333333333,0,0.0,0.0,0.0
8,speed_manoeuvre,0,0.6,Switch-Aware-Greedy,0.07825285682537998,0.0922374169143153,0.08524513686984764,614.1771,37.83967611111115,37.82922222222223,2,0.0,0.0,0.8277777777777777
8,speed_manoeuvre,1,0.6,Proposed-Exact-Online,0.07825285682537998,0.0922374169143153,0.08524513686984764,618.033,37.83967611111115,43.12822222222221,2,0.0,0.0,0.8277777777777777
8,speed_manoeuvre,0,0.9,Fixed-L2,0.0,0.0,0.0,328.3804,99.90138000000003,1.3576666666666666,0,1.0,1.0,1.0
8,speed_manoeuvre,1,0.35,Discounted-LinUCB,0.07825285682537998,0.1554521285946896,0.11685249271003478,622.4596,16.088987888888894,265.3672222222222,4,0.0,0.0,0.052222222222222225
8,speed_manoeuvre,1,0.35,Fixed-L2,0.0,0.0,0.0,527.7558,99.90138000000003,4.6051111111111105,0,1.0,1.0,1.0
8,speed_manoeuvre,0,1.35,Fixed-L2,0.0,0.0,0.0,311.5068,99.90138000000003,1.2963333333333331,0,0.5133333333333333,1.0,1.0
8,speed_manoeuvre,1,0.9,Proposed-Exact-Online,0.06375966235098565,0.043223685638392156,0.053491673994688904,709.057,46.1128136666667,46.75922222222223,7,0.0,0.15,0.8166666666666667
8,speed_manoeuvre,0,0.35,Proposed-Exact-Online,0.07825285682537998,0.1556853906245458,0.1169691237249629,490.0317,15.90201922222223,42.36222222222222,2,0.0,0.0,0.04555555555555556
8,speed_manoeuvre,0,0.9,Switch-Aware-Greedy,0.05463195488487456,0.074751835162216,0.06469189502354528,714.2201,50.00433100000003,43.09344444444445,3,0.0,0.2833333333333333,0.6833333333333333
8,speed_manoeuvre,1,0.9,Fixed-L2,0.0,0.0,0.0,325.0264,99.90138000000003,1.4218888888888888,0,1.0,1.0,1.0
8,speed_manoeuvre,1,1.35,Fixed-L1,0.07825285682537998,0.15825069598528035,0.11825177640533016,102.1952,14.624400000000007,0.7582222222222222,0,0.0,0.0,0.0
8,speed_manoeuvre,0,0.6,Contextual-Thompson,0.07825285682537998,0.08971306259682195,0.08398295971110097,931.7576,37.93316044444448,401.3758888888888,2,0.0,0.0,0.8311111111111111
8,speed_manoeuvre,0,0.35,Contextual-Thompson,0.07825285682537998,0.15545518647743314,0.11685402165140657,791.8444,15.995503555555562,350.1248888888889,2,0.0,0.0,0.04888888888888889
8,speed_manoeuvre,1,0.6,Fixed-L2,0.0,0.0,0.0,370.3577,99.90138000000003,1.3607777777777776,0,1.0,1.0,1.0
8,speed_manoeuvre,0,0.9,Greedy-Online,0.07727885601530893,0.03754756985030034,0.05741321293280463,638.6546,38.94227268888892,36.60655555555556,12,0.0,0.03777777777777778,0.79
8,speed_manoeuvre,0,0.9,Proposed-Exact-Online,0.06375966235098565,0.043223685638392156,0.053491673994688904,666.6624,46.1128136666667,43.28988888888889,7,0.0,0.15,0.8166666666666667
8,speed_manoeuvre,0,0.9,Fixed-L1,0.07825285682537998,0.15825069598528035,0.11825177640533016,99.5838,14.624400000000007,1.0975555555555554,0,0.0,0.0,0.0
8,speed_manoeuvre,1,1.35,Greedy-Online,0.04857631539433205,0.03517614605047641,0.041876230722404234,940.2289,71.15689320000003,37.91833333333334,74,0.0,0.5511111111111111,0.8911111111111111
8,speed_manoeuvre,0,0.9,Threshold-Projected,0.07825285682537998,0.08843577030996842,0.0833443135676742,122.6847,25.87368144444446,15.600333333333333,6,0.0,0.0,0.4011111111111111
8,speed_manoeuvre,0,1.35,Greedy-Online,0.04857631539433205,0.03517614605047641,0.041876230722404234,636.8196,71.15689320000003,26.90877777777778,74,0.0,0.5511111111111111,0.8911111111111111
8,speed_manoeuvre,1,0.6,Fixed-L1,0.07825285682537998,0.15825069598528035,0.11825177640533016,77.8501,14.624400000000007,0.6202222222222222,0,0.0,0.0,0.0
8,speed_manoeuvre,1,0.6,Switch-Aware-Greedy,0.07825285682537998,0.0922374169143153,0.08524513686984764,474.8786,37.83967611111115,29.028444444444442,2,0.0,0.0,0.8277777777777777
8,speed_manoeuvre,0,0.35,Discounted-LinUCB,0.07825285682537998,0.1554521285946896,0.11685249271003478,445.3959,16.088987888888894,189.95466666666667,4,0.0,0.0,0.052222222222222225
8,speed_manoeuvre,1,0.9,Greedy-Online,0.07727885601530893,0.03754756985030034,0.05741321293280463,411.8864,38.94227268888892,20.96344444444444,12,0.0,0.03777777777777778,0.79
8,speed_manoeuvre,1,1.35,Switch-Aware-Greedy,0.049543586883129154,0.029917004103210267,0.03973029549316971,563.1128,72.5356039555556,26.822999999999997,4,0.0,0.5577777777777778,0.9266666666666666
8,speed_manoeuvre,1,0.35,Threshold-Projected,0.07825285682537998,0.15545518647743314,0.11685402165140657,83.0641,15.995503555555562,13.404333333333334,2,0.0,0.0,0.04888888888888889
8,speed_manoeuvre,1,0.9,Discounted-LinUCB,0.07525036993262307,0.0364739543644193,0.05586216214852119,583.7344,39.81913195555559,234.89122222222218,12,0.0,0.06888888888888889,0.7577777777777778
8,speed_manoeuvre,1,1.35,Contextual-Thompson,0.04942716587893937,0.029834386626225083,0.039630776252582225,850.811,72.66278546666672,290.1117777777778,4,0.0,0.56,0.9266666666666666
8,speed_manoeuvre,1,1.35,Discounted-LinUCB,0.04942716587893937,0.029834386626225083,0.039630776252582225,832.8262,72.66278546666672,272.35,4,0.0,0.56,0.9266666666666666
8,speed_manoeuvre,0,0.9,Discounted-LinUCB,0.07525036993262307,0.0364739543644193,0.05586216214852119,438.2502,39.81913195555559,175.36766666666665,12,0.0,0.06888888888888889,0.7577777777777778
8,speed_manoeuvre,0,1.35,Switch-Aware-Greedy,0.049543586883129154,0.029917004103210267,0.03973029549316971,407.3148,72.5356039555556,18.949444444444445,4,0.0,0.5577777777777778,0.9266666666666666
8,speed_manoeuvre,1,0.9,Contextual-Thompson,0.06376015101002096,0.04849177632616816,0.05612596366809456,383.8318,42.64048202222225,155.13722222222222,6,0.0,0.16555555555555557,0.6611111111111111
8,speed_manoeuvre,0,0.6,Fixed-L2,0.0,0.0,0.0,115.0072,99.90138000000003,0.5075555555555555,0,1.0,1.0,1.0
8,speed_manoeuvre,1,0.6,Threshold-Projected,0.07825285682537998,0.11662836576550806,0.09744061129544401,55.6146,24.31560922222224,7.05,6,0.0,0.0,0.34555555555555556
8,speed_manoeuvre,0,0.35,Fixed-L2,0.0,0.0,0.0,120.473,99.90138000000003,0.5241111111111112,0,1.0,1.0,1.0
8,speed_manoeuvre,1,0.9,Threshold-Projected,0.07825285682537998,0.08843577030996842,0.0833443135676742,55.4442,25.87368144444446,6.927555555555556,6,0.0,0.0,0.4011111111111111
8,speed_manoeuvre,1,0.9,Fixed-L1,0.07825285682537998,0.15825069598528035,0.11825177640533016,39.1668,14.624400000000007,0.30933333333333324,0,0.0,0.0,0.0
8,speed_manoeuvre,0,0.6,Discounted-LinUCB,0.07825285682537998,0.08971306259682195,0.08398295971110097,322.9612,37.93316044444448,130.64144444444446,2,0.0,0.0,0.8311111111111111
8,speed_manoeuvre,1,0.6,Contextual-Thompson,0.07825285682537998,0.08971306259682195,0.08398295971110097,344.5512,37.93316044444448,146.38400000000001,2,0.0,0.0,0.8311111111111111
8,speed_manoeuvre,0,1.35,Threshold-Projected,0.07825285682537998,0.08843577030996842,0.0833443135676742,57.087,25.87368144444446,7.045555555555556,6,0.0,0.0,0.4011111111111111
8,speed_manoeuvre,0,0.6,Greedy-Online,0.07825285682537998,0.08971306259682195,0.08398295971110097,242.839,37.93316044444448,12.474555555555556,2,0.0,0.0,0.8311111111111111
8,speed_manoeuvre,0,0.35,Greedy-Online,0.07825285682537998,0.15545518647743314,0.11685402165140657,179.2856,15.995503555555562,11.672222222222222,2,0.0,0.0,0.04888888888888889
8,speed_manoeuvre,1,0.6,Greedy-Online,0.07825285682537998,0.08971306259682195,0.08398295971110097,259.2199,37.93316044444448,13.798444444444446,2,0.0,0.0,0.8311111111111111
8,speed_manoeuvre,1,0.35,Contextual-Thompson,0.07825285682537998,0.15545518647743314,0.11685402165140657,246.9164,15.995503555555562,111.59866666666666,2,0.0,0.0,0.04888888888888889
8,speed_manoeuvre,0,1.35,Discounted-LinUCB,0.04942716587893937,0.029834386626225083,0.039630776252582225,479.9036,72.66278546666672,156.272,4,0.0,0.56,0.9266666666666666
8,speed_manoeuvre,0,0.6,Fixed-L1,0.07825285682537998,0.15825069598528035,0.11825177640533016,39.717,14.624400000000007,0.34022222222222215,0,0.0,0.0,0.0
8,speed_manoeuvre,1,0.35,Greedy-Online,0.07825285682537998,0.15545518647743314,0.11685402165140657,176.5284,15.995503555555562,11.189111111111112,2,0.0,0.0,0.04888888888888889
8,speed_manoeuvre,0,0.6,Proposed-Exact-Online,0.07825285682537998,0.0922374169143153,0.08524513686984764,246.4059,37.83967611111115,16.253666666666668,2,0.0,0.0,0.8277777777777777
8,speed_manoeuvre,0,1.35,Contextual-Thompson,0.04942716587893937,0.029834386626225083,0.039630776252582225,470.5821,72.66278546666672,161.4572222222222,4,0.0,0.56,0.9266666666666666
8,speed_manoeuvre,0,0.35,Fixed-L1,0.07825285682537998,0.15825069598528035,0.11825177640533016,41.4197,14.624400000000007,0.39666666666666667,0,0.0,0.0,0.0
8,speed_manoeuvre,1,1.35,Proposed-Exact-Online,0.04776518483490251,0.03506438594367764,0.041414785389290075,368.0619,74.57865055555558,20.807,7,0.0,0.6277777777777778,0.8566666666666667
8,speed_manoeuvre,1,0.9,Switch-Aware-Greedy,0.05463195488487456,0.074751835162216,0.06469189502354528,274.2279,50.00433100000003,14.821777777777775,3,0.0,0.2833333333333333,0.6833333333333333
8,speed_manoeuvre,0,1.35,Proposed-Exact-Online,0.04776518483490251,0.03506438594367764,0.041414785389290075,345.2503,74.57865055555558,19.21011111111111,7,0.0,0.6277777777777778,0.8566666666666667
8,speed_manoeuvre,1,1.35,Fixed-L2,0.0,0.0,0.0,119.6184,99.90138000000003,0.5524444444444444,0,0.5133333333333333,1.0,1.0
8,speed_manoeuvre,1,0.35,Switch-Aware-Greedy,0.07825285682537998,0.1556853906245458,0.1169691237249629,248.2731,15.90201922222223,15.493333333333334,2,0.0,0.0,0.04555555555555556
8,speed_manoeuvre,0,0.9,Contextual-Thompson,0.06376015101002096,0.04849177632616816,0.05612596366809456,632.2686,42.64048202222225,255.52122222222224,6,0.0,0.16555555555555557,0.6611111111111111
8,speed_manoeuvre,0,0.6,Threshold-Projected,0.07825285682537998,0.11662836576550806,0.09744061129544401,92.7402,24.31560922222224,12.29488888888889,6,0.0,0.0,0.34555555555555556
8,speed_manoeuvre,0,0.35,Threshold-Projected,0.07825285682537998,0.15545518647743314,0.11685402165140657,83.6587,15.995503555555562,13.64,2,0.0,0.0,0.04888888888888889
8,speed_manoeuvre,1,0.6,Discounted-LinUCB,0.07825285682537998,0.08971306259682195,0.08398295971110097,467.1599,37.93316044444448,191.53355555555558,2,0.0,0.0,0.8311111111111111
8,coupled_extreme,0,0.35,Fixed-L2,0.0,0.0,0.0,126.672,99.90138000000003,0.5634444444444444,0,1.0,1.0,1.0
8,coupled_extreme,0,1.35,Contextual-Thompson,0.08266554275875716,0.10502618488169779,0.09384586382022747,461.7695,74.21539137777782,152.46055555555554,15,0.0,0.6644444444444444,0.7688888888888888
8,coupled_extreme,1,0.6,Proposed-Exact-Online,0.136534228494499,0.08066737067901351,0.10860079958675625,245.8547,37.99548333333337,16.36488888888889,3,0.0,0.0,0.8333333333333334
8,coupled_extreme,0,0.9,Switch-Aware-Greedy,0.12872804324001735,0.05432456268457263,0.091526302962295,277.6699,50.485163977777816,15.210666666666667,1,0.0,0.2677777777777778,0.7322222222222222
8,coupled_extreme,0,0.9,Proposed-Exact-Online,0.12003139693809364,0.0632313992610164,0.09163139809955502,286.5843,50.12844155555559,17.633444444444443,7,0.0,0.25555555555555554,0.7444444444444445
8,coupled_extreme,1,0.6,Discounted-LinUCB,0.136534228494499,0.07963273389756771,0.10808348119603337,373.9332,38.18245200000003,153.87544444444444,2,0.0,0.0,0.84
8,coupled_extreme,1,0.6,Fixed-L2,0.0,0.0,0.0,126.9296,99.90138000000003,0.5645555555555555,0,1.0,1.0,1.0
8,coupled_extreme,1,0.35,Switch-Aware-Greedy,0.136534228494499,0.13548474504298874,0.13600948676874386,180.4986,15.746212000000009,11.182555555555554,2,0.0,0.0,0.04
8,coupled_extreme,1,0.6,Contextual-Thompson,0.136534228494499,0.07963273389756771,0.10808348119603337,350.1348,38.18245200000003,149.4572222222222,2,0.0,0.0,0.84
8,coupled_extreme,1,0.35,Fixed-L1,0.136534228494499,0.1341568261816796,0.1353455273380893,40.2337,14.624400000000007,0.32022222222222213,0,0.0,0.0,0.0
8,coupled_extreme,1,0.9,Greedy-Online,0.13093587641776783,0.1317281881355491,0.13133203227665846,250.652,39.99902864444448,12.881333333333334,51,0.0,0.09,0.7211111111111111
8,coupled_extreme,0,0.35,Switch-Aware-Greedy,0.136534228494499,0.13548474504298874,0.13600948676874386,174.0893,15.746212000000009,10.492222222222223,2,0.0,0.0,0.04
8,coupled_extreme,1,0.6,Threshold-Projected,0.136534228494499,0.09587655342936464,0.11620539096193183,66.3909,34.69237022222225,8.452444444444444,17,0.0,0.0,0.7155555555555555
8,coupled_extreme,0,1.35,Greedy-Online,0.1090505865451783,0.062431486282397995,0.08574103641378815,327.9428,70.13056604444449,13.083999999999998,26,0.0,0.5255555555555556,0.9066666666666666
8,coupled_extreme,0,0.35,Threshold-Projected,0.136534228494499,0.13571288052699887,0.13612355451074892,50.0579,15.90201922222223,9.442444444444446,6,0.0,0.0,0.04555555555555556
8,coupled_extreme,1,0.6,Switch-Aware-Greedy,0.136534228494499,0.08066737067901351,0.10860079958675625,243.2512,37.99548333333337,14.064777777777778,3,0.0,0.0,0.8333333333333334
8,coupled_extreme,0,0.9,Threshold-Projected,0.12116952834151248,0.12204250706620148,0.12160601770385698,73.5081,41.771427377777805,8.401222222222223,19,0.0,0.08666666666666667,0.7911111111111111
8,coupled_extreme,1,0.9,Proposed-Exact-Online,0.12003139693809364,0.0632313992610164,0.09163139809955502,276.6104,50.12844155555559,17.04577777777778,7,0.0,0.25555555555555554,0.7444444444444445
8,coupled_extreme,0,0.6,Greedy-Online,0.136534228494499,0.08022877581722716,0.10838150215586309,238.6837,38.088967666666704,12.062333333333331,5,0.0,0.0,0.8366666666666667
8,coupled_extreme,1,0.6,Fixed-L1,0.136534228494499,0.1341568261816796,0.1353455273380893,39.0161,14.624400000000007,0.28777777777777763,0,0.0,0.0,0.0
8,coupled_extreme,0,0.9,Greedy-Online,0.13093587641776783,0.1317281881355491,0.13133203227665846,325.9387,39.99902864444448,16.94922222222222,51,0.0,0.09,0.7211111111111111
8,coupled_extreme,1,0.9,Fixed-L2,0.0,0.0,0.0,203.4143,99.90138000000003,0.9357777777777778,0,1.0,1.0,1.0
8,coupled_extreme,1,1.35,Contextual-Thompson,0.08266554275875716,0.10502618488169779,0.09384586382022747,818.8876,74.21539137777782,272.06766666666664,15,0.0,0.6644444444444444,0.7688888888888888
8,coupled_extreme,1,0.35,Greedy-Online,0.136534228494499,0.13571288052699887,0.13612355451074892,252.3397,15.90201922222223,16.203,6,0.0,0.0,0.04555555555555556
8,coupled_extreme,0,0.35,Contextual-Thompson,0.136534228494499,0.13571331991730715,0.13612377420590308,266.0911,15.870857777777784,120.16355555555555,4,0.0,0.0,0.044444444444444446
8,coupled_extreme,0,0.9,Fixed-L1,0.136534228494499,0.1341568261816796,0.1353455273380893,41.1676,14.624400000000007,0.32999999999999996,0,0.0,0.0,0.0
8,coupled_extreme,1,0.9,Fixed-L1,0.136534228494499,0.1341568261816796,0.1353455273380893,40.2713,14.624400000000007,0.34722222222222215,0,0.0,0.0,0.0
8,coupled_extreme,1,0.35,Threshold-Projected,0.136534228494499,0.13571288052699887,0.13612355451074892,51.553,15.90201922222223,9.719111111111111,6,0.0,0.0,0.04555555555555556
8,coupled_extreme,0,0.35,Discounted-LinUCB,0.136534228494499,0.13571331991730715,0.13612377420590308,236.881,15.870857777777784,100.908,4,0.0,0.0,0.044444444444444446
8,coupled_extreme,0,0.6,Threshold-Projected,0.136534228494499,0.09587655342936464,0.11620539096193183,66.6783,34.69237022222225,8.479777777777779,17,0.0,0.0,0.7155555555555555
8,coupled_extreme,0,0.35,Greedy-Online,0.136534228494499,0.13571288052699887,0.13612355451074892,175.486,15.90201922222223,11.525444444444444,6,0.0,0.0,0.04555555555555556
8,coupled_extreme,1,1.35,Threshold-Projected,0.09579160576995635,0.11438079882155637,0.10508620229575635,81.1897,46.9884050666667,8.337,22,0.0,0.18,0.7866666666666666
8,coupled_extreme,1,1.35,Proposed-Exact-Online,0.08144536149460523,0.10384483918413688,0.09264510033937105,333.8587,72.4546008666667,18.520444444444447,9,0.0,0.6233333333333333,0.79
8,coupled_extreme,1,0.35,Proposed-Exact-Online,0.136534228494499,0.13548474504298874,0.13600948676874386,170.3051,15.746212000000009,13.413555555555554,2,0.0,0.0,0.04
8,coupled_extreme,0,1.35,Threshold-Projected,0.09579160576995635,0.11438079882155637,0.10508620229575635,78.151,46.9884050666667,8.116555555555555,22,0.0,0.18,0.7866666666666666
8,coupled_extreme,0,0.6,Fixed-L2,0.0,0.0,0.0,119.3707,99.90138000000003,0.5211111111111111,0,1.0,1.0,1.0
8,coupled_extreme,0,1.35,Discounted-LinUCB,0.08264183582357064,0.09910010505209853,0.09087097043783458,456.238,73.79381033333337,141.85377777777776,21,0.0,0.65,0.7833333333333333
8,coupled_extreme,0,0.6,Switch-Aware-Greedy,0.136534228494499,0.08066737067901351,0.10860079958675625,245.8938,37.99548333333337,14.28288888888889,3,0.0,0.0,0.8333333333333334
8,coupled_extreme,1,0.35,Fixed-L2,0.0,0.0,0.0,121.7694,99.90138000000003,0.5351111111111111,0,1.0,1.0,1.0
8,coupled_extreme,0,1.35,Fixed-L1,0.136534228494499,0.1341568261816796,0.1353455273380893,39.9912,14.624400000000007,0.3324444444444444,0,0.0,0.0,0.0
8,coupled_extreme,0,1.35,Switch-Aware-Greedy,0.11126163479011594,0.020744058268631536,0.06600284652937374,328.7123,66.74830997777782,16.061777777777777,4,0.0,0.4288888888888889,0.9833333333333333
8,coupled_extreme,0,0.6,Fixed-L1,0.136534228494499,0.1341568261816796,0.1353455273380893,39.8616,14.624400000000007,0.3285555555555555,0,0.0,0.0,0.0
8,coupled_extreme,0,1.35,Proposed-Exact-Online,0.08144536149460523,0.10384483918413688,0.09264510033937105,334.3007,72.4546008666667,18.560333333333332,9,0.0,0.6233333333333333,0.79
8,coupled_extreme,1,0.9,Contextual-Thompson,0.12025115271553849,0.09389793457668472,0.1070745436461116,377.4736,49.479855333333376,146.00133333333335,15,0.0,0.23333333333333334,0.7666666666666667
8,coupled_extreme,0,0.6,Proposed-Exact-Online,0.136534228494499,0.08066737067901351,0.10860079958675625,247.2487,37.99548333333337,16.219,3,0.0,0.0,0.8333333333333334
8,coupled_extreme,0,0.9,Contextual-Thompson,0.12025115271553849,0.09389793457668472,0.1070745436461116,398.4393,49.479855333333376,154.15666666666667,15,0.0,0.23333333333333334,0.7666666666666667
8,coupled_extreme,0,0.35,Fixed-L1,0.136534228494499,0.1341568261816796,0.1353455273380893,40.7393,14.624400000000007,0.3595555555555555,0,0.0,0.0,0.0
8,coupled_extreme,0,0.9,Fixed-L2,0.0,0.0,0.0,127.1658,99.90138000000003,0.527888888888889,0,1.0,1.0,1.0
8,coupled_extreme,1,0.9,Discounted-LinUCB,0.12001171922696648,0.0934027249929276,0.10670722210994704,368.4968,49.44742602222225,134.70777777777778,15,0.0,0.23222222222222222,0.7677777777777778
8,coupled_extreme,1,0.35,Contextual-Thompson,0.136534228494499,0.13571331991730715,0.13612377420590308,247.0965,15.870857777777784,111.63111111111111,4,0.0,0.0,0.044444444444444446
8,coupled_extreme,0,0.6,Contextual-Thompson,0.136534228494499,0.07963273389756771,0.10808348119603337,350.6374,38.18245200000003,149.52177777777777,2,0.0,0.0,0.84
8,coupled_extreme,1,0.9,Threshold-Projected,0.12116952834151248,0.12204250706620148,0.12160601770385698,79.1656,41.771427377777805,8.9,19,0.0,0.08666666666666667,0.7911111111111111
8,coupled_extreme,1,1.35,Discounted-LinUCB,0.08264183582357064,0.09910010505209853,0.09087097043783458,765.7925,73.79381033333337,238.068,21,0.0,0.65,0.7833333333333333
8,coupled_extreme,1,1.35,Fixed-L2,0.0,0.0,0.0,221.1296,99.90138000000003,1.0137777777777779,0,0.5666666666666667,1.0,1.0
8,coupled_extreme,1,1.35,Greedy-Online,0.1090505865451783,0.062431486282397995,0.08574103641378815,530.0475,70.13056604444449,21.475,26,0.0,0.5255555555555556,0.9066666666666666
8,coupled_extreme,0,0.9,Discounted-LinUCB,0.12001171922696648,0.0934027249929276,0.10670722210994704,379.1834,49.44742602222225,139.1838888888889,15,0.0,0.23222222222222222,0.7677777777777778
8,coupled_extreme,1,0.35,Discounted-LinUCB,0.136534228494499,0.13571331991730715,0.13612377420590308,245.7194,15.870857777777784,104.55166666666666,4,0.0,0.0,0.044444444444444446
8,coupled_extreme,1,0.6,Greedy-Online,0.136534228494499,0.08022877581722716,0.10838150215586309,247.9781,38.088967666666704,12.593444444444446,5,0.0,0.0,0.8366666666666667
8,coupled_extreme,0,0.35,Proposed-Exact-Online,0.136534228494499,0.13548474504298874,0.13600948676874386,184.029,15.746212000000009,14.916777777777776,2,0.0,0.0,0.04
8,coupled_extreme,0,0.6,Discounted-LinUCB,0.136534228494499,0.07963273389756771,0.10808348119603337,346.8586,38.18245200000003,141.16877777777776,2,0.0,0.0,0.84
8,coupled_extreme,1,1.35,Fixed-L1,0.136534228494499,0.1341568261816796,0.1353455273380893,46.158,14.624400000000007,0.3555555555555555,0,0.0,0.0,0.0
8,coupled_extreme,1,0.9,Switch-Aware-Greedy,0.12872804324001735,0.05432456268457263,0.091526302962295,330.2608,50.485163977777816,18.948666666666664,1,0.0,0.2677777777777778,0.7322222222222222
8,coupled_extreme,1,1.35,Switch-Aware-Greedy,0.11126163479011594,0.020744058268631536,0.06600284652937374,331.9617,66.74830997777782,16.404555555555554,4,0.0,0.4288888888888889,0.9833333333333333
8,coupled_extreme,0,1.35,Fixed-L2,0.0,0.0,0.0,128.5238,99.90138000000003,0.564,0,0.5666666666666667,1.0,1.0
